fecha_inicio,fecha_fin,valor_raw
2026-01-01 00:00:00,2026-01-01 00:00:00,88.711
2026-01-01 00:15:00,2026-01-01 00:15:00,88.724
2026-01-01 00:30:00,2026-01-01 00:30:00,88.724
2026-01-01 00:45:00,2026-01-01 00:45:00,88.723
2026-01-01 01:00:00,2026-01-01 01:00:00,88.727
2026-01-01 01:15:00,2026-01-01 01:15:00,88.725
2026-01-01 01:30:00,2026-01-01 01:30:00,88.718
2026-01-01 01:45:00,2026-01-01 01:45:00,88.727
2026-01-01 02:00:00,2026-01-01 02:00:00,88.723
2026-01-01 02:15:00,2026-01-01 02:15:00,88.724
2026-01-01 02:30:00,2026-01-01 02:30:00,88.718
2026-01-01 02:45:00,2026-01-01 02:45:00,88.731
2026-01-01 03:00:00,2026-01-01 03:00:00,88.731
2026-01-01 03:15:00,2026-01-01 03:15:00,88.725
2026-01-01 03:30:00,2026-01-01 03:30:00,88.725
2026-01-01 03:45:00,2026-01-01 03:45:00,88.726
2026-01-01 04:00:00,2026-01-01 04:00:00,88.727
2026-01-01 04:15:00,2026-01-01 04:15:00,88.721
2026-01-01 04:30:00,2026-01-01 04:30:00,88.726
2026-01-01 04:45:00,2026-01-01 04:45:00,88.736
2026-01-01 05:00:00,2026-01-01 05:00:00,88.735
2026-01-01 05:15:00,2026-01-01 05:15:00,88.734
2026-01-01 05:30:00,2026-01-01 05:30:00,88.736
2026-01-01 05:45:00,2026-01-01 05:45:00,88.743
2026-01-01 06:00:00,2026-01-01 06:00:00,88.741
2026-01-01 06:15:00,2026-01-01 06:15:00,88.762
2026-01-01 06:30:00,2026-01-01 06:30:00,88.772
2026-01-01 06:45:00,2026-01-01 06:45:00,88.783
2026-01-01 07:00:00,2026-01-01 07:00:00,88.777
2026-01-01 07:15:00,2026-01-01 07:15:00,88.789
2026-01-01 07:30:00,2026-01-01 07:30:00,88.777
2026-01-01 07:45:00,2026-01-01 07:45:00,88.758
2026-01-01 08:00:00,2026-01-01 08:00:00,88.765
2026-01-01 08:15:00,2026-01-01 08:15:00,88.772
2026-01-01 08:30:00,2026-01-01 08:30:00,88.768
2026-01-01 08:45:00,2026-01-01 08:45:00,88.773
2026-01-01 09:00:00,2026-01-01 09:00:00,88.771
2026-01-01 09:15:00,2026-01-01 09:15:00,88.765
2026-01-01 09:30:00,2026-01-01 09:30:00,88.769
2026-01-01 09:45:00,2026-01-01 09:45:00,88.759
2026-01-01 10:00:00,2026-01-01 10:00:00,88.757
2026-01-01 10:15:00,2026-01-01 10:15:00,88.775
2026-01-01 10:30:00,2026-01-01 10:30:00,88.788
2026-01-01 10:45:00,2026-01-01 10:45:00,88.776
2026-01-01 11:00:00,2026-01-01 11:00:00,88.785
2026-01-01 11:15:00,2026-01-01 11:15:00,88.755
2026-01-01 11:30:00,2026-01-01 11:30:00,88.752
2026-01-01 11:45:00,2026-01-01 11:45:00,88.764
2026-01-01 12:00:00,2026-01-01 12:00:00,88.772
2026-01-01 12:15:00,2026-01-01 12:15:00,88.767
2026-01-01 12:30:00,2026-01-01 12:30:00,88.772
2026-01-01 12:45:00,2026-01-01 12:45:00,88.78
2026-01-01 13:00:00,2026-01-01 13:00:00,88.784
2026-01-01 13:15:00,2026-01-01 13:15:00,88.78
2026-01-01 13:30:00,2026-01-01 13:30:00,88.779
2026-01-01 13:45:00,2026-01-01 13:45:00,88.775
2026-01-01 14:00:00,2026-01-01 14:00:00,88.773
2026-01-01 14:15:00,2026-01-01 14:15:00,88.775
2026-01-01 14:30:00,2026-01-01 14:30:00,88.782
2026-01-01 14:45:00,2026-01-01 14:45:00,88.788
2026-01-01 15:00:00,2026-01-01 15:00:00,88.794
2026-01-01 15:15:00,2026-01-01 15:15:00,88.787
2026-01-01 15:30:00,2026-01-01 15:30:00,88.791
2026-01-01 15:45:00,2026-01-01 15:45:00,88.791
2026-01-01 16:00:00,2026-01-01 16:00:00,88.78
2026-01-01 16:15:00,2026-01-01 16:15:00,88.795
2026-01-01 16:30:00,2026-01-01 16:30:00,88.792
2026-01-01 16:45:00,2026-01-01 16:45:00,88.782
2026-01-01 17:00:00,2026-01-01 17:00:00,88.775
2026-01-01 17:15:00,2026-01-01 17:15:00,88.789
2026-01-01 17:30:00,2026-01-01 17:30:00,88.791
2026-01-01 17:45:00,2026-01-01 17:45:00,88.777
2026-01-01 18:00:00,2026-01-01 18:00:00,88.776
2026-01-01 18:15:00,2026-01-01 18:15:00,88.783
2026-01-01 18:30:00,2026-01-01 18:30:00,88.775
2026-01-01 18:45:00,2026-01-01 18:45:00,88.782
2026-01-01 19:00:00,2026-01-01 19:00:00,88.785
2026-01-01 19:15:00,2026-01-01 19:15:00,88.778
2026-01-01 19:30:00,2026-01-01 19:30:00,88.777
2026-01-01 19:45:00,2026-01-01 19:45:00,88.786
2026-01-01 20:00:00,2026-01-01 20:00:00,88.784
2026-01-01 20:15:00,2026-01-01 20:15:00,88.783
2026-01-01 20:30:00,2026-01-01 20:30:00,88.786
2026-01-01 20:45:00,2026-01-01 20:45:00,88.789
2026-01-01 21:00:00,2026-01-01 21:00:00,88.79
2026-01-01 21:15:00,2026-01-01 21:15:00,88.79
2026-01-01 21:30:00,2026-01-01 21:30:00,88.796
2026-01-01 21:45:00,2026-01-01 21:45:00,88.829
2026-01-01 22:00:00,2026-01-01 22:00:00,88.834
2026-01-01 22:15:00,2026-01-01 22:15:00,88.843
2026-01-01 22:30:00,2026-01-01 22:30:00,88.855
2026-01-01 22:45:00,2026-01-01 22:45:00,88.875
2026-01-01 23:00:00,2026-01-01 23:00:00,88.898
2026-01-01 23:15:00,2026-01-01 23:15:00,88.871
2026-01-01 23:30:00,2026-01-01 23:30:00,88.871
2026-01-01 23:45:00,2026-01-01 23:45:00,88.877
2026-01-02 00:00:00,2026-01-02 00:00:00,88.879
2026-01-02 00:15:00,2026-01-02 00:15:00,88.875
2026-01-02 00:30:00,2026-01-02 00:30:00,88.87
2026-01-02 00:45:00,2026-01-02 00:45:00,88.867
2026-01-02 01:00:00,2026-01-02 01:00:00,88.87
2026-01-02 01:15:00,2026-01-02 01:15:00,88.863
2026-01-02 01:30:00,2026-01-02 01:30:00,88.858
2026-01-02 01:45:00,2026-01-02 01:45:00,88.858
2026-01-02 02:00:00,2026-01-02 02:00:00,88.857
2026-01-02 02:15:00,2026-01-02 02:15:00,88.843
2026-01-02 02:30:00,2026-01-02 02:30:00,88.841
2026-01-02 02:45:00,2026-01-02 02:45:00,88.848
2026-01-02 03:00:00,2026-01-02 03:00:00,88.84
2026-01-02 03:15:00,2026-01-02 03:15:00,88.838
2026-01-02 03:30:00,2026-01-02 03:30:00,88.836
2026-01-02 03:45:00,2026-01-02 03:45:00,88.837
2026-01-02 04:00:00,2026-01-02 04:00:00,88.834
2026-01-02 04:15:00,2026-01-02 04:15:00,88.837
2026-01-02 04:30:00,2026-01-02 04:30:00,88.832
2026-01-02 04:45:00,2026-01-02 04:45:00,88.824
2026-01-02 05:00:00,2026-01-02 05:00:00,88.83
2026-01-02 05:15:00,2026-01-02 05:15:00,88.833
2026-01-02 05:30:00,2026-01-02 05:30:00,88.823
2026-01-02 05:45:00,2026-01-02 05:45:00,88.824
2026-01-02 06:00:00,2026-01-02 06:00:00,88.814
2026-01-02 06:15:00,2026-01-02 06:15:00,88.807
2026-01-02 06:30:00,2026-01-02 06:30:00,88.809
2026-01-02 06:45:00,2026-01-02 06:45:00,88.821
2026-01-02 07:00:00,2026-01-02 07:00:00,88.828
2026-01-02 07:15:00,2026-01-02 07:15:00,88.823
2026-01-02 07:30:00,2026-01-02 07:30:00,88.825
2026-01-02 07:45:00,2026-01-02 07:45:00,88.807
2026-01-02 08:00:00,2026-01-02 08:00:00,88.814
2026-01-02 08:15:00,2026-01-02 08:15:00,88.82
2026-01-02 08:30:00,2026-01-02 08:30:00,88.828
2026-01-02 08:45:00,2026-01-02 08:45:00,88.818
2026-01-02 09:00:00,2026-01-02 09:00:00,88.823
2026-01-02 09:15:00,2026-01-02 09:15:00,88.828
2026-01-02 09:30:00,2026-01-02 09:30:00,88.834
2026-01-02 09:45:00,2026-01-02 09:45:00,88.84
2026-01-02 10:00:00,2026-01-02 10:00:00,88.837
2026-01-02 10:15:00,2026-01-02 10:15:00,88.825
2026-01-02 10:30:00,2026-01-02 10:30:00,88.827
2026-01-02 10:45:00,2026-01-02 10:45:00,88.826
2026-01-02 11:00:00,2026-01-02 11:00:00,88.821
2026-01-02 11:15:00,2026-01-02 11:15:00,88.837
2026-01-02 11:30:00,2026-01-02 11:30:00,88.842
2026-01-02 11:45:00,2026-01-02 11:45:00,88.822
2026-01-02 12:00:00,2026-01-02 12:00:00,88.809
2026-01-02 12:15:00,2026-01-02 12:15:00,88.828
2026-01-02 12:30:00,2026-01-02 12:30:00,88.836
2026-01-02 12:45:00,2026-01-02 12:45:00,88.818
2026-01-02 13:00:00,2026-01-02 13:00:00,88.824
2026-01-02 13:15:00,2026-01-02 13:15:00,88.829
2026-01-02 13:30:00,2026-01-02 13:30:00,88.828
2026-01-02 13:45:00,2026-01-02 13:45:00,88.819
2026-01-02 14:00:00,2026-01-02 14:00:00,88.814
2026-01-02 14:15:00,2026-01-02 14:15:00,88.823
2026-01-02 14:30:00,2026-01-02 14:30:00,88.83
2026-01-02 14:45:00,2026-01-02 14:45:00,88.821
2026-01-02 15:00:00,2026-01-02 15:00:00,88.822
2026-01-02 15:15:00,2026-01-02 15:15:00,88.829
2026-01-02 15:30:00,2026-01-02 15:30:00,88.833
2026-01-02 15:45:00,2026-01-02 15:45:00,88.82
2026-01-02 16:00:00,2026-01-02 16:00:00,88.82
2026-01-02 16:15:00,2026-01-02 16:15:00,88.821
2026-01-02 16:30:00,2026-01-02 16:30:00,88.817
2026-01-02 16:45:00,2026-01-02 16:45:00,88.811
2026-01-02 17:00:00,2026-01-02 17:00:00,88.817
2026-01-02 17:15:00,2026-01-02 17:15:00,88.823
2026-01-02 17:30:00,2026-01-02 17:30:00,88.826
2026-01-02 17:45:00,2026-01-02 17:45:00,88.814
2026-01-02 18:00:00,2026-01-02 18:00:00,88.818
2026-01-02 18:15:00,2026-01-02 18:15:00,88.812
2026-01-02 18:30:00,2026-01-02 18:30:00,88.818
2026-01-02 18:45:00,2026-01-02 18:45:00,88.829
2026-01-02 19:00:00,2026-01-02 19:00:00,88.832
2026-01-02 19:15:00,2026-01-02 19:15:00,88.824
2026-01-02 19:30:00,2026-01-02 19:30:00,88.826
2026-01-02 19:45:00,2026-01-02 19:45:00,88.826
2026-01-02 20:00:00,2026-01-02 20:00:00,88.826
2026-01-02 20:15:00,2026-01-02 20:15:00,88.826
2026-01-02 20:30:00,2026-01-02 20:30:00,88.824
2026-01-02 20:45:00,2026-01-02 20:45:00,88.827
2026-01-02 21:00:00,2026-01-02 21:00:00,88.82
2026-01-02 21:15:00,2026-01-02 21:15:00,88.828
2026-01-02 21:30:00,2026-01-02 21:30:00,88.83
2026-01-02 21:45:00,2026-01-02 21:45:00,88.825
2026-01-02 22:00:00,2026-01-02 22:00:00,88.831
2026-01-02 22:15:00,2026-01-02 22:15:00,88.831
2026-01-02 22:30:00,2026-01-02 22:30:00,88.83
2026-01-02 22:45:00,2026-01-02 22:45:00,88.826
2026-01-02 23:00:00,2026-01-02 23:00:00,88.828
2026-01-02 23:15:00,2026-01-02 23:15:00,88.834
2026-01-02 23:30:00,2026-01-02 23:30:00,88.839
2026-01-02 23:45:00,2026-01-02 23:45:00,88.831
2026-01-03 00:00:00,2026-01-03 00:00:00,88.833
2026-01-03 00:15:00,2026-01-03 00:15:00,88.831
2026-01-03 00:30:00,2026-01-03 00:30:00,88.836
2026-01-03 00:45:00,2026-01-03 00:45:00,88.847
2026-01-03 01:00:00,2026-01-03 01:00:00,88.845
2026-01-03 01:15:00,2026-01-03 01:15:00,88.836
2026-01-03 01:30:00,2026-01-03 01:30:00,88.832
2026-01-03 01:45:00,2026-01-03 01:45:00,88.84
2026-01-03 02:00:00,2026-01-03 02:00:00,88.837
2026-01-03 02:15:00,2026-01-03 02:15:00,88.828
2026-01-03 02:30:00,2026-01-03 02:30:00,88.832
2026-01-03 02:45:00,2026-01-03 02:45:00,88.843
2026-01-03 03:00:00,2026-01-03 03:00:00,88.842
2026-01-03 03:15:00,2026-01-03 03:15:00,88.837
2026-01-03 03:30:00,2026-01-03 03:30:00,88.839
2026-01-03 03:45:00,2026-01-03 03:45:00,88.837
2026-01-03 04:00:00,2026-01-03 04:00:00,88.831
2026-01-03 04:15:00,2026-01-03 04:15:00,88.831
2026-01-03 04:30:00,2026-01-03 04:30:00,88.837
2026-01-03 04:45:00,2026-01-03 04:45:00,88.833
2026-01-03 05:00:00,2026-01-03 05:00:00,88.832
2026-01-03 05:15:00,2026-01-03 05:15:00,88.835
2026-01-03 05:30:00,2026-01-03 05:30:00,88.839
2026-01-03 05:45:00,2026-01-03 05:45:00,88.84
2026-01-03 06:00:00,2026-01-03 06:00:00,88.841
2026-01-03 06:15:00,2026-01-03 06:15:00,88.836
2026-01-03 06:30:00,2026-01-03 06:30:00,88.835
2026-01-03 06:45:00,2026-01-03 06:45:00,88.835
2026-01-03 07:00:00,2026-01-03 07:00:00,88.832
2026-01-03 07:15:00,2026-01-03 07:15:00,88.826
2026-01-03 07:30:00,2026-01-03 07:30:00,88.837
2026-01-03 07:45:00,2026-01-03 07:45:00,88.839
2026-01-03 08:00:00,2026-01-03 08:00:00,88.836
2026-01-03 08:15:00,2026-01-03 08:15:00,88.84
2026-01-03 08:30:00,2026-01-03 08:30:00,88.839
2026-01-03 08:45:00,2026-01-03 08:45:00,88.838
2026-01-03 09:00:00,2026-01-03 09:00:00,88.831
2026-01-03 09:15:00,2026-01-03 09:15:00,88.825
2026-01-03 09:30:00,2026-01-03 09:30:00,88.818
2026-01-03 09:45:00,2026-01-03 09:45:00,88.831
2026-01-03 10:00:00,2026-01-03 10:00:00,88.828
2026-01-03 10:15:00,2026-01-03 10:15:00,88.827
2026-01-03 10:30:00,2026-01-03 10:30:00,88.831
2026-01-03 10:45:00,2026-01-03 10:45:00,88.81
2026-01-03 11:00:00,2026-01-03 11:00:00,88.798
2026-01-03 11:15:00,2026-01-03 11:15:00,88.818
2026-01-03 11:30:00,2026-01-03 11:30:00,88.812
2026-01-03 11:45:00,2026-01-03 11:45:00,88.825
2026-01-03 12:00:00,2026-01-03 12:00:00,88.826
2026-01-03 12:15:00,2026-01-03 12:15:00,88.828
2026-01-03 12:30:00,2026-01-03 12:30:00,88.812
2026-01-03 12:45:00,2026-01-03 12:45:00,88.812
2026-01-03 13:00:00,2026-01-03 13:00:00,88.808
2026-01-03 13:15:00,2026-01-03 13:15:00,88.816
2026-01-03 13:30:00,2026-01-03 13:30:00,88.825
2026-01-03 13:45:00,2026-01-03 13:45:00,88.819
2026-01-03 14:00:00,2026-01-03 14:00:00,88.823
2026-01-03 14:15:00,2026-01-03 14:15:00,88.828
2026-01-03 14:30:00,2026-01-03 14:30:00,88.825
2026-01-03 14:45:00,2026-01-03 14:45:00,88.812
2026-01-03 15:00:00,2026-01-03 15:00:00,88.807
2026-01-03 15:15:00,2026-01-03 15:15:00,88.815
2026-01-03 15:30:00,2026-01-03 15:30:00,88.814
2026-01-03 15:45:00,2026-01-03 15:45:00,88.799
2026-01-03 16:00:00,2026-01-03 16:00:00,88.799
2026-01-03 16:15:00,2026-01-03 16:15:00,88.811
2026-01-03 16:30:00,2026-01-03 16:30:00,88.813
2026-01-03 16:45:00,2026-01-03 16:45:00,88.809
2026-01-03 17:00:00,2026-01-03 17:00:00,88.807
2026-01-03 17:15:00,2026-01-03 17:15:00,88.801
2026-01-03 17:30:00,2026-01-03 17:30:00,88.801
2026-01-03 17:45:00,2026-01-03 17:45:00,88.802
2026-01-03 18:00:00,2026-01-03 18:00:00,88.796
2026-01-03 18:15:00,2026-01-03 18:15:00,88.805
2026-01-03 18:30:00,2026-01-03 18:30:00,88.807
2026-01-03 18:45:00,2026-01-03 18:45:00,88.82
2026-01-03 19:00:00,2026-01-03 19:00:00,88.815
2026-01-03 19:15:00,2026-01-03 19:15:00,88.815
2026-01-03 19:30:00,2026-01-03 19:30:00,88.81
2026-01-03 19:45:00,2026-01-03 19:45:00,88.813
2026-01-03 20:00:00,2026-01-03 20:00:00,88.812
2026-01-03 20:15:00,2026-01-03 20:15:00,88.801
2026-01-03 20:30:00,2026-01-03 20:30:00,88.801
2026-01-03 20:45:00,2026-01-03 20:45:00,88.815
2026-01-03 21:00:00,2026-01-03 21:00:00,88.818
2026-01-03 21:15:00,2026-01-03 21:15:00,88.807
2026-01-03 21:30:00,2026-01-03 21:30:00,88.81
2026-01-03 21:45:00,2026-01-03 21:45:00,88.812
2026-01-03 22:00:00,2026-01-03 22:00:00,88.807
2026-01-03 22:15:00,2026-01-03 22:15:00,88.803
2026-01-03 22:30:00,2026-01-03 22:30:00,88.811
2026-01-03 22:45:00,2026-01-03 22:45:00,88.807
2026-01-03 23:00:00,2026-01-03 23:00:00,88.809
2026-01-03 23:15:00,2026-01-03 23:15:00,88.813
2026-01-03 23:30:00,2026-01-03 23:30:00,88.815
2026-01-03 23:45:00,2026-01-03 23:45:00,88.814
2026-01-04 00:00:00,2026-01-04 00:00:00,88.814
2026-01-04 00:15:00,2026-01-04 00:15:00,88.815
2026-01-04 00:30:00,2026-01-04 00:30:00,88.817
2026-01-04 00:45:00,2026-01-04 00:45:00,88.811
2026-01-04 01:00:00,2026-01-04 01:00:00,88.815
2026-01-04 01:15:00,2026-01-04 01:15:00,88.821
2026-01-04 01:30:00,2026-01-04 01:30:00,88.821
2026-01-04 01:45:00,2026-01-04 01:45:00,88.814
2026-01-04 02:00:00,2026-01-04 02:00:00,88.818
2026-01-04 02:15:00,2026-01-04 02:15:00,88.812
2026-01-04 02:30:00,2026-01-04 02:30:00,88.809
2026-01-04 02:45:00,2026-01-04 02:45:00,88.818
2026-01-04 03:00:00,2026-01-04 03:00:00,88.818
2026-01-04 03:15:00,2026-01-04 03:15:00,88.822
2026-01-04 03:30:00,2026-01-04 03:30:00,88.825
2026-01-04 03:45:00,2026-01-04 03:45:00,88.813
2026-01-04 04:00:00,2026-01-04 04:00:00,88.822
2026-01-04 04:15:00,2026-01-04 04:15:00,88.816
2026-01-04 04:30:00,2026-01-04 04:30:00,88.822
2026-01-04 04:45:00,2026-01-04 04:45:00,88.828
2026-01-04 05:00:00,2026-01-04 05:00:00,88.83
2026-01-04 05:15:00,2026-01-04 05:15:00,88.823
2026-01-04 05:30:00,2026-01-04 05:30:00,88.82
2026-01-04 05:45:00,2026-01-04 05:45:00,88.819
2026-01-04 06:00:00,2026-01-04 06:00:00,88.816
2026-01-04 06:15:00,2026-01-04 06:15:00,88.81
2026-01-04 06:30:00,2026-01-04 06:30:00,88.813
2026-01-04 06:45:00,2026-01-04 06:45:00,88.825
2026-01-04 07:00:00,2026-01-04 07:00:00,88.819
2026-01-04 07:15:00,2026-01-04 07:15:00,88.812
2026-01-04 07:30:00,2026-01-04 07:30:00,88.813
2026-01-04 07:45:00,2026-01-04 07:45:00,88.808
2026-01-04 08:00:00,2026-01-04 08:00:00,88.818
2026-01-04 08:15:00,2026-01-04 08:15:00,88.822
2026-01-04 08:30:00,2026-01-04 08:30:00,88.818
2026-01-04 08:45:00,2026-01-04 08:45:00,88.818
2026-01-04 09:00:00,2026-01-04 09:00:00,88.814
2026-01-04 09:15:00,2026-01-04 09:15:00,88.807
2026-01-04 09:30:00,2026-01-04 09:30:00,88.81
2026-01-04 09:45:00,2026-01-04 09:45:00,88.812
2026-01-04 10:00:00,2026-01-04 10:00:00,88.808
2026-01-04 10:15:00,2026-01-04 10:15:00,88.821
2026-01-04 10:30:00,2026-01-04 10:30:00,88.817
2026-01-04 10:45:00,2026-01-04 10:45:00,88.801
2026-01-04 11:00:00,2026-01-04 11:00:00,88.799
2026-01-04 11:15:00,2026-01-04 11:15:00,88.808
2026-01-04 11:30:00,2026-01-04 11:30:00,88.806
2026-01-04 11:45:00,2026-01-04 11:45:00,88.811
2026-01-04 12:00:00,2026-01-04 12:00:00,88.811
2026-01-04 12:15:00,2026-01-04 12:15:00,88.813
2026-01-04 12:30:00,2026-01-04 12:30:00,88.814
2026-01-04 12:45:00,2026-01-04 12:45:00,88.814
2026-01-04 13:00:00,2026-01-04 13:00:00,88.815
2026-01-04 13:15:00,2026-01-04 13:15:00,88.813
2026-01-04 13:30:00,2026-01-04 13:30:00,88.811
2026-01-04 13:45:00,2026-01-04 13:45:00,88.812
2026-01-04 14:00:00,2026-01-04 14:00:00,88.809
2026-01-04 14:15:00,2026-01-04 14:15:00,88.805
2026-01-04 14:30:00,2026-01-04 14:30:00,88.813
2026-01-04 14:45:00,2026-01-04 14:45:00,88.8
2026-01-04 15:00:00,2026-01-04 15:00:00,88.795
2026-01-04 15:15:00,2026-01-04 15:15:00,88.802
2026-01-04 15:30:00,2026-01-04 15:30:00,88.806
2026-01-04 15:45:00,2026-01-04 15:45:00,88.79
2026-01-04 16:00:00,2026-01-04 16:00:00,88.786
2026-01-04 16:15:00,2026-01-04 16:15:00,88.809
2026-01-04 16:30:00,2026-01-04 16:30:00,88.812
2026-01-04 16:45:00,2026-01-04 16:45:00,88.797
2026-01-04 17:00:00,2026-01-04 17:00:00,88.805
2026-01-04 17:15:00,2026-01-04 17:15:00,88.8
2026-01-04 17:30:00,2026-01-04 17:30:00,88.794
2026-01-04 17:45:00,2026-01-04 17:45:00,88.791
2026-01-04 18:00:00,2026-01-04 18:00:00,88.789
2026-01-04 18:15:00,2026-01-04 18:15:00,88.803
2026-01-04 18:30:00,2026-01-04 18:30:00,88.809
2026-01-04 18:45:00,2026-01-04 18:45:00,88.787
2026-01-04 19:00:00,2026-01-04 19:00:00,88.791
2026-01-04 19:15:00,2026-01-04 19:15:00,88.801
2026-01-04 19:30:00,2026-01-04 19:30:00,88.802
2026-01-04 19:45:00,2026-01-04 19:45:00,88.809
2026-01-04 20:00:00,2026-01-04 20:00:00,88.812
2026-01-04 20:15:00,2026-01-04 20:15:00,88.8
2026-01-04 20:30:00,2026-01-04 20:30:00,88.802
2026-01-04 20:45:00,2026-01-04 20:45:00,88.806
2026-01-04 21:00:00,2026-01-04 21:00:00,88.803
2026-01-04 21:15:00,2026-01-04 21:15:00,88.809
2026-01-04 21:30:00,2026-01-04 21:30:00,88.812
2026-01-04 21:45:00,2026-01-04 21:45:00,88.813
2026-01-04 22:00:00,2026-01-04 22:00:00,88.809
2026-01-04 22:15:00,2026-01-04 22:15:00,88.805
2026-01-04 22:30:00,2026-01-04 22:30:00,88.803
2026-01-04 22:45:00,2026-01-04 22:45:00,88.809
2026-01-04 23:00:00,2026-01-04 23:00:00,88.809
2026-01-04 23:15:00,2026-01-04 23:15:00,88.813
2026-01-04 23:30:00,2026-01-04 23:30:00,88.813
2026-01-04 23:45:00,2026-01-04 23:45:00,88.808
2026-01-05 00:00:00,2026-01-05 00:00:00,88.812
2026-01-05 00:15:00,2026-01-05 00:15:00,88.813
2026-01-05 00:30:00,2026-01-05 00:30:00,88.814
2026-01-05 00:45:00,2026-01-05 00:45:00,88.81
2026-01-05 01:00:00,2026-01-05 01:00:00,88.816
2026-01-05 01:15:00,2026-01-05 01:15:00,88.815
2026-01-05 01:30:00,2026-01-05 01:30:00,88.816
2026-01-05 01:45:00,2026-01-05 01:45:00,88.816
2026-01-05 02:00:00,2026-01-05 02:00:00,88.82
2026-01-05 02:15:00,2026-01-05 02:15:00,88.825
2026-01-05 02:30:00,2026-01-05 02:30:00,88.829
2026-01-05 02:45:00,2026-01-05 02:45:00,88.824
2026-01-05 03:00:00,2026-01-05 03:00:00,88.825
2026-01-05 03:15:00,2026-01-05 03:15:00,88.821
2026-01-05 03:30:00,2026-01-05 03:30:00,88.825
2026-01-05 03:45:00,2026-01-05 03:45:00,88.82
2026-01-05 04:00:00,2026-01-05 04:00:00,88.821
2026-01-05 04:15:00,2026-01-05 04:15:00,88.824
2026-01-05 04:30:00,2026-01-05 04:30:00,88.818
2026-01-05 04:45:00,2026-01-05 04:45:00,88.815
2026-01-05 05:00:00,2026-01-05 05:00:00,88.815
2026-01-05 05:15:00,2026-01-05 05:15:00,88.821
2026-01-05 05:30:00,2026-01-05 05:30:00,88.823
2026-01-05 05:45:00,2026-01-05 05:45:00,88.828
2026-01-05 06:00:00,2026-01-05 06:00:00,88.822
2026-01-05 06:15:00,2026-01-05 06:15:00,88.822
2026-01-05 06:30:00,2026-01-05 06:30:00,88.819
2026-01-05 06:45:00,2026-01-05 06:45:00,88.821
2026-01-05 07:00:00,2026-01-05 07:00:00,88.827
2026-01-05 07:15:00,2026-01-05 07:15:00,88.818
2026-01-05 07:30:00,2026-01-05 07:30:00,88.826
2026-01-05 07:45:00,2026-01-05 07:45:00,88.828
2026-01-05 08:00:00,2026-01-05 08:00:00,88.828
2026-01-05 08:15:00,2026-01-05 08:15:00,88.829
2026-01-05 08:30:00,2026-01-05 08:30:00,88.844
2026-01-05 08:45:00,2026-01-05 08:45:00,88.822
2026-01-05 09:00:00,2026-01-05 09:00:00,88.815
2026-01-05 09:15:00,2026-01-05 09:15:00,88.822
2026-01-05 09:30:00,2026-01-05 09:30:00,88.821
2026-01-05 09:45:00,2026-01-05 09:45:00,88.821
2026-01-05 10:00:00,2026-01-05 10:00:00,88.813
2026-01-05 10:15:00,2026-01-05 10:15:00,88.819
2026-01-05 10:30:00,2026-01-05 10:30:00,88.823
2026-01-05 10:45:00,2026-01-05 10:45:00,88.816
2026-01-05 11:00:00,2026-01-05 11:00:00,88.813
2026-01-05 11:15:00,2026-01-05 11:15:00,88.812
2026-01-05 11:30:00,2026-01-05 11:30:00,88.818
2026-01-05 11:45:00,2026-01-05 11:45:00,88.809
2026-01-05 12:00:00,2026-01-05 12:00:00,88.809
2026-01-05 12:15:00,2026-01-05 12:15:00,88.816
2026-01-05 12:30:00,2026-01-05 12:30:00,88.817
2026-01-05 12:45:00,2026-01-05 12:45:00,88.817
2026-01-05 13:00:00,2026-01-05 13:00:00,88.815
2026-01-05 13:15:00,2026-01-05 13:15:00,88.806
2026-01-05 13:30:00,2026-01-05 13:30:00,88.81
2026-01-05 13:45:00,2026-01-05 13:45:00,88.808
2026-01-05 14:00:00,2026-01-05 14:00:00,88.814
2026-01-05 14:15:00,2026-01-05 14:15:00,88.815
2026-01-05 14:30:00,2026-01-05 14:30:00,88.817
2026-01-05 14:45:00,2026-01-05 14:45:00,88.807
2026-01-05 15:00:00,2026-01-05 15:00:00,88.808
2026-01-05 15:15:00,2026-01-05 15:15:00,88.796
2026-01-05 15:30:00,2026-01-05 15:30:00,88.795
2026-01-05 15:45:00,2026-01-05 15:45:00,88.8
2026-01-05 16:00:00,2026-01-05 16:00:00,88.8
2026-01-05 16:15:00,2026-01-05 16:15:00,88.804
2026-01-05 16:30:00,2026-01-05 16:30:00,88.814
2026-01-05 16:45:00,2026-01-05 16:45:00,88.805
2026-01-05 17:00:00,2026-01-05 17:00:00,88.793
2026-01-05 17:15:00,2026-01-05 17:15:00,88.806
2026-01-05 17:30:00,2026-01-05 17:30:00,88.8
2026-01-05 17:45:00,2026-01-05 17:45:00,88.806
2026-01-05 18:00:00,2026-01-05 18:00:00,88.805
2026-01-05 18:15:00,2026-01-05 18:15:00,88.808
2026-01-05 18:30:00,2026-01-05 18:30:00,88.809
2026-01-05 18:45:00,2026-01-05 18:45:00,88.814
2026-01-05 19:00:00,2026-01-05 19:00:00,88.813
2026-01-05 19:15:00,2026-01-05 19:15:00,88.809
2026-01-05 19:30:00,2026-01-05 19:30:00,88.806
2026-01-05 19:45:00,2026-01-05 19:45:00,88.807
2026-01-05 20:00:00,2026-01-05 20:00:00,88.809
2026-01-05 20:15:00,2026-01-05 20:15:00,88.816
2026-01-05 20:30:00,2026-01-05 20:30:00,88.824
2026-01-05 20:45:00,2026-01-05 20:45:00,88.818
2026-01-05 21:00:00,2026-01-05 21:00:00,88.821
2026-01-05 21:15:00,2026-01-05 21:15:00,88.819
2026-01-05 21:30:00,2026-01-05 21:30:00,88.817
2026-01-05 21:45:00,2026-01-05 21:45:00,88.819
2026-01-05 22:00:00,2026-01-05 22:00:00,88.819
2026-01-05 22:15:00,2026-01-05 22:15:00,88.823
2026-01-05 22:30:00,2026-01-05 22:30:00,88.827
2026-01-05 22:45:00,2026-01-05 22:45:00,88.815
2026-01-05 23:00:00,2026-01-05 23:00:00,88.815
2026-01-05 23:15:00,2026-01-05 23:15:00,88.815
2026-01-05 23:30:00,2026-01-05 23:30:00,88.81
2026-01-05 23:45:00,2026-01-05 23:45:00,88.818
2026-01-06 00:00:00,2026-01-06 00:00:00,88.82
2026-01-06 00:15:00,2026-01-06 00:15:00,88.826
2026-01-06 00:30:00,2026-01-06 00:30:00,88.825
2026-01-06 00:45:00,2026-01-06 00:45:00,88.827
2026-01-06 01:00:00,2026-01-06 01:00:00,88.832
2026-01-06 01:15:00,2026-01-06 01:15:00,88.828
2026-01-06 01:30:00,2026-01-06 01:30:00,88.827
2026-01-06 01:45:00,2026-01-06 01:45:00,88.829
2026-01-06 02:00:00,2026-01-06 02:00:00,88.83
2026-01-06 02:15:00,2026-01-06 02:15:00,88.832
2026-01-06 02:30:00,2026-01-06 02:30:00,88.832
2026-01-06 02:45:00,2026-01-06 02:45:00,88.834
2026-01-06 03:00:00,2026-01-06 03:00:00,88.837
2026-01-06 03:15:00,2026-01-06 03:15:00,88.838
2026-01-06 03:30:00,2026-01-06 03:30:00,88.833
2026-01-06 03:45:00,2026-01-06 03:45:00,88.831
2026-01-06 04:00:00,2026-01-06 04:00:00,88.832
2026-01-06 04:15:00,2026-01-06 04:15:00,88.837
2026-01-06 04:30:00,2026-01-06 04:30:00,88.834
2026-01-06 04:45:00,2026-01-06 04:45:00,88.827
2026-01-06 05:00:00,2026-01-06 05:00:00,88.827
2026-01-06 05:15:00,2026-01-06 05:15:00,88.831
2026-01-06 05:30:00,2026-01-06 05:30:00,88.83
2026-01-06 05:45:00,2026-01-06 05:45:00,88.826
2026-01-06 06:00:00,2026-01-06 06:00:00,88.829
2026-01-06 06:15:00,2026-01-06 06:15:00,88.822
2026-01-06 06:30:00,2026-01-06 06:30:00,88.826
2026-01-06 06:45:00,2026-01-06 06:45:00,88.824
2026-01-06 07:00:00,2026-01-06 07:00:00,88.827
2026-01-06 07:15:00,2026-01-06 07:15:00,88.831
2026-01-06 07:30:00,2026-01-06 07:30:00,88.837
2026-01-06 07:45:00,2026-01-06 07:45:00,88.83
2026-01-06 08:00:00,2026-01-06 08:00:00,88.826
2026-01-06 08:15:00,2026-01-06 08:15:00,88.828
2026-01-06 08:30:00,2026-01-06 08:30:00,88.831
2026-01-06 08:45:00,2026-01-06 08:45:00,88.828
2026-01-06 09:00:00,2026-01-06 09:00:00,88.829
2026-01-06 09:15:00,2026-01-06 09:15:00,88.829
2026-01-06 09:30:00,2026-01-06 09:30:00,88.823
2026-01-06 09:45:00,2026-01-06 09:45:00,88.83
2026-01-06 10:00:00,2026-01-06 10:00:00,88.823
2026-01-06 10:15:00,2026-01-06 10:15:00,88.817
2026-01-06 10:30:00,2026-01-06 10:30:00,88.823
2026-01-06 10:45:00,2026-01-06 10:45:00,88.813
2026-01-06 11:00:00,2026-01-06 11:00:00,88.816
2026-01-06 11:15:00,2026-01-06 11:15:00,88.818
2026-01-06 11:30:00,2026-01-06 11:30:00,88.823
2026-01-06 11:45:00,2026-01-06 11:45:00,88.819
2026-01-06 12:00:00,2026-01-06 12:00:00,88.823
2026-01-06 12:15:00,2026-01-06 12:15:00,88.821
2026-01-06 12:30:00,2026-01-06 12:30:00,88.816
2026-01-06 12:45:00,2026-01-06 12:45:00,88.814
2026-01-06 13:00:00,2026-01-06 13:00:00,88.822
2026-01-06 13:15:00,2026-01-06 13:15:00,88.815
2026-01-06 13:30:00,2026-01-06 13:30:00,88.814
2026-01-06 13:45:00,2026-01-06 13:45:00,88.829
2026-01-06 14:00:00,2026-01-06 14:00:00,88.826
2026-01-06 14:15:00,2026-01-06 14:15:00,88.814
2026-01-06 14:30:00,2026-01-06 14:30:00,88.813
2026-01-06 14:45:00,2026-01-06 14:45:00,88.817
2026-01-06 15:00:00,2026-01-06 15:00:00,88.813
2026-01-06 15:15:00,2026-01-06 15:15:00,88.814
2026-01-06 15:30:00,2026-01-06 15:30:00,88.808
2026-01-06 15:45:00,2026-01-06 15:45:00,88.81
2026-01-06 16:00:00,2026-01-06 16:00:00,88.814
2026-01-06 16:15:00,2026-01-06 16:15:00,88.806
2026-01-06 16:30:00,2026-01-06 16:30:00,88.804
2026-01-06 16:45:00,2026-01-06 16:45:00,88.814
2026-01-06 17:00:00,2026-01-06 17:00:00,88.808
2026-01-06 17:15:00,2026-01-06 17:15:00,88.806
2026-01-06 17:30:00,2026-01-06 17:30:00,88.805
2026-01-06 17:45:00,2026-01-06 17:45:00,88.808
2026-01-06 18:00:00,2026-01-06 18:00:00,88.804
2026-01-06 18:15:00,2026-01-06 18:15:00,88.804
2026-01-06 18:30:00,2026-01-06 18:30:00,88.81
2026-01-06 18:45:00,2026-01-06 18:45:00,88.813
2026-01-06 19:00:00,2026-01-06 19:00:00,88.814
2026-01-06 19:15:00,2026-01-06 19:15:00,88.806
2026-01-06 19:30:00,2026-01-06 19:30:00,88.808
2026-01-06 19:45:00,2026-01-06 19:45:00,88.81
2026-01-06 20:00:00,2026-01-06 20:00:00,88.81
2026-01-06 20:15:00,2026-01-06 20:15:00,88.824
2026-01-06 20:30:00,2026-01-06 20:30:00,88.82
2026-01-06 20:45:00,2026-01-06 20:45:00,88.817
2026-01-06 21:00:00,2026-01-06 21:00:00,88.815
2026-01-06 21:15:00,2026-01-06 21:15:00,88.82
2026-01-06 21:30:00,2026-01-06 21:30:00,88.82
2026-01-06 21:45:00,2026-01-06 21:45:00,88.817
2026-01-06 22:00:00,2026-01-06 22:00:00,88.816
2026-01-06 22:15:00,2026-01-06 22:15:00,88.82
2026-01-06 22:30:00,2026-01-06 22:30:00,88.819
2026-01-06 22:45:00,2026-01-06 22:45:00,88.822
2026-01-06 23:00:00,2026-01-06 23:00:00,88.824
2026-01-06 23:15:00,2026-01-06 23:15:00,88.823
2026-01-06 23:30:00,2026-01-06 23:30:00,88.826
2026-01-06 23:45:00,2026-01-06 23:45:00,88.826
2026-01-07 00:00:00,2026-01-07 00:00:00,88.832
2026-01-07 00:15:00,2026-01-07 00:15:00,88.829
2026-01-07 00:30:00,2026-01-07 00:30:00,88.828
2026-01-07 00:45:00,2026-01-07 00:45:00,88.831
2026-01-07 01:00:00,2026-01-07 01:00:00,88.828
2026-01-07 01:15:00,2026-01-07 01:15:00,88.839
2026-01-07 01:30:00,2026-01-07 01:30:00,88.834
2026-01-07 01:45:00,2026-01-07 01:45:00,88.834
2026-01-07 02:00:00,2026-01-07 02:00:00,88.834
2026-01-07 02:15:00,2026-01-07 02:15:00,88.838
2026-01-07 02:30:00,2026-01-07 02:30:00,88.84
2026-01-07 02:45:00,2026-01-07 02:45:00,88.832
2026-01-07 03:00:00,2026-01-07 03:00:00,88.835
2026-01-07 03:15:00,2026-01-07 03:15:00,88.84
2026-01-07 03:30:00,2026-01-07 03:30:00,88.839
2026-01-07 03:45:00,2026-01-07 03:45:00,88.838
2026-01-07 04:00:00,2026-01-07 04:00:00,88.839
2026-01-07 04:15:00,2026-01-07 04:15:00,88.826
2026-01-07 04:30:00,2026-01-07 04:30:00,88.825
2026-01-07 04:45:00,2026-01-07 04:45:00,88.834
2026-01-07 05:00:00,2026-01-07 05:00:00,88.836
2026-01-07 05:15:00,2026-01-07 05:15:00,88.84
2026-01-07 05:30:00,2026-01-07 05:30:00,88.835
2026-01-07 05:45:00,2026-01-07 05:45:00,88.829
2026-01-07 06:00:00,2026-01-07 06:00:00,88.829
2026-01-07 06:15:00,2026-01-07 06:15:00,88.84
2026-01-07 06:30:00,2026-01-07 06:30:00,88.844
2026-01-07 06:45:00,2026-01-07 06:45:00,88.846
2026-01-07 07:00:00,2026-01-07 07:00:00,88.839
2026-01-07 07:15:00,2026-01-07 07:15:00,88.834
2026-01-07 07:30:00,2026-01-07 07:30:00,88.833
2026-01-07 07:45:00,2026-01-07 07:45:00,88.833
2026-01-07 08:00:00,2026-01-07 08:00:00,88.832
2026-01-07 08:15:00,2026-01-07 08:15:00,88.84
2026-01-07 08:30:00,2026-01-07 08:30:00,88.854
2026-01-07 08:45:00,2026-01-07 08:45:00,88.837
2026-01-07 09:00:00,2026-01-07 09:00:00,88.845
2026-01-07 09:15:00,2026-01-07 09:15:00,88.859
2026-01-07 09:30:00,2026-01-07 09:30:00,88.856
2026-01-07 09:45:00,2026-01-07 09:45:00,88.843
2026-01-07 10:00:00,2026-01-07 10:00:00,88.844
2026-01-07 10:15:00,2026-01-07 10:15:00,88.855
2026-01-07 10:30:00,2026-01-07 10:30:00,88.849
2026-01-07 10:45:00,2026-01-07 10:45:00,88.849
2026-01-07 11:00:00,2026-01-07 11:00:00,88.846
2026-01-07 11:15:00,2026-01-07 11:15:00,88.847
2026-01-07 11:30:00,2026-01-07 11:30:00,88.849
2026-01-07 11:45:00,2026-01-07 11:45:00,88.847
2026-01-07 12:00:00,2026-01-07 12:00:00,88.853
2026-01-07 12:15:00,2026-01-07 12:15:00,88.847
2026-01-07 12:30:00,2026-01-07 12:30:00,88.848
2026-01-07 12:45:00,2026-01-07 12:45:00,88.842
2026-01-07 13:00:00,2026-01-07 13:00:00,88.835
2026-01-07 13:15:00,2026-01-07 13:15:00,88.853
2026-01-07 13:30:00,2026-01-07 13:30:00,88.857
2026-01-07 13:45:00,2026-01-07 13:45:00,88.863
2026-01-07 14:00:00,2026-01-07 14:00:00,88.865
2026-01-07 14:15:00,2026-01-07 14:15:00,88.842
2026-01-07 14:30:00,2026-01-07 14:30:00,88.843
2026-01-07 14:45:00,2026-01-07 14:45:00,88.849
2026-01-07 15:00:00,2026-01-07 15:00:00,88.841
2026-01-07 15:15:00,2026-01-07 15:15:00,88.853
2026-01-07 15:30:00,2026-01-07 15:30:00,88.861
2026-01-07 15:45:00,2026-01-07 15:45:00,88.845
2026-01-07 16:00:00,2026-01-07 16:00:00,88.848
2026-01-07 16:15:00,2026-01-07 16:15:00,88.845
2026-01-07 16:30:00,2026-01-07 16:30:00,88.84
2026-01-07 16:45:00,2026-01-07 16:45:00,88.839
2026-01-07 17:00:00,2026-01-07 17:00:00,88.837
2026-01-07 17:15:00,2026-01-07 17:15:00,88.844
2026-01-07 17:30:00,2026-01-07 17:30:00,88.833
2026-01-07 17:45:00,2026-01-07 17:45:00,88.834
2026-01-07 18:00:00,2026-01-07 18:00:00,88.839
2026-01-07 18:15:00,2026-01-07 18:15:00,88.835
2026-01-07 18:30:00,2026-01-07 18:30:00,88.836
2026-01-07 18:45:00,2026-01-07 18:45:00,88.849
2026-01-07 19:00:00,2026-01-07 19:00:00,88.845
2026-01-07 19:15:00,2026-01-07 19:15:00,88.834
2026-01-07 19:30:00,2026-01-07 19:30:00,88.84
2026-01-07 19:45:00,2026-01-07 19:45:00,88.84
2026-01-07 20:00:00,2026-01-07 20:00:00,88.835
2026-01-07 20:15:00,2026-01-07 20:15:00,88.831
2026-01-07 20:30:00,2026-01-07 20:30:00,88.836
2026-01-07 20:45:00,2026-01-07 20:45:00,88.837
2026-01-07 21:00:00,2026-01-07 21:00:00,88.832
2026-01-07 21:15:00,2026-01-07 21:15:00,88.844
2026-01-07 21:30:00,2026-01-07 21:30:00,88.846
2026-01-07 21:45:00,2026-01-07 21:45:00,88.841
2026-01-07 22:00:00,2026-01-07 22:00:00,88.838
2026-01-07 22:15:00,2026-01-07 22:15:00,88.844
2026-01-07 22:30:00,2026-01-07 22:30:00,88.844
2026-01-07 22:45:00,2026-01-07 22:45:00,88.839
2026-01-07 23:00:00,2026-01-07 23:00:00,88.841
2026-01-07 23:15:00,2026-01-07 23:15:00,88.839
2026-01-07 23:30:00,2026-01-07 23:30:00,88.839
2026-01-07 23:45:00,2026-01-07 23:45:00,88.844
2026-01-08 00:00:00,2026-01-08 00:00:00,88.841
2026-01-08 00:15:00,2026-01-08 00:15:00,88.839
2026-01-08 00:30:00,2026-01-08 00:30:00,88.841
2026-01-08 00:45:00,2026-01-08 00:45:00,88.845
2026-01-08 01:00:00,2026-01-08 01:00:00,88.841
2026-01-08 01:15:00,2026-01-08 01:15:00,88.842
2026-01-08 01:30:00,2026-01-08 01:30:00,88.846
2026-01-08 01:45:00,2026-01-08 01:45:00,88.838
2026-01-08 02:00:00,2026-01-08 02:00:00,88.839
2026-01-08 02:15:00,2026-01-08 02:15:00,88.846
2026-01-08 02:30:00,2026-01-08 02:30:00,88.85
2026-01-08 02:45:00,2026-01-08 02:45:00,88.839
2026-01-08 03:00:00,2026-01-08 03:00:00,88.841
2026-01-08 03:15:00,2026-01-08 03:15:00,88.847
2026-01-08 03:30:00,2026-01-08 03:30:00,88.843
2026-01-08 03:45:00,2026-01-08 03:45:00,88.84
2026-01-08 04:00:00,2026-01-08 04:00:00,88.84
2026-01-08 04:15:00,2026-01-08 04:15:00,88.846
2026-01-08 04:30:00,2026-01-08 04:30:00,88.841
2026-01-08 04:45:00,2026-01-08 04:45:00,88.828
2026-01-08 05:00:00,2026-01-08 05:00:00,88.834
2026-01-08 05:15:00,2026-01-08 05:15:00,88.827
2026-01-08 05:30:00,2026-01-08 05:30:00,88.824
2026-01-08 05:45:00,2026-01-08 05:45:00,88.837
2026-01-08 06:00:00,2026-01-08 06:00:00,88.83
2026-01-08 06:15:00,2026-01-08 06:15:00,88.831
2026-01-08 06:30:00,2026-01-08 06:30:00,88.831
2026-01-08 06:45:00,2026-01-08 06:45:00,88.833
2026-01-08 07:00:00,2026-01-08 07:00:00,88.825
2026-01-08 07:15:00,2026-01-08 07:15:00,88.819
2026-01-08 07:30:00,2026-01-08 07:30:00,88.825
2026-01-08 07:45:00,2026-01-08 07:45:00,88.826
2026-01-08 08:00:00,2026-01-08 08:00:00,88.827
2026-01-08 08:15:00,2026-01-08 08:15:00,88.827
2026-01-08 08:30:00,2026-01-08 08:30:00,88.821
2026-01-08 08:45:00,2026-01-08 08:45:00,88.813
2026-01-08 09:00:00,2026-01-08 09:00:00,88.814
2026-01-08 09:15:00,2026-01-08 09:15:00,88.813
2026-01-08 09:30:00,2026-01-08 09:30:00,88.82
2026-01-08 09:45:00,2026-01-08 09:45:00,88.817
2026-01-08 10:00:00,2026-01-08 10:00:00,88.826
2026-01-08 10:15:00,2026-01-08 10:15:00,88.818
2026-01-08 10:30:00,2026-01-08 10:30:00,88.814
2026-01-08 10:45:00,2026-01-08 10:45:00,88.806
2026-01-08 11:00:00,2026-01-08 11:00:00,88.798
2026-01-08 11:15:00,2026-01-08 11:15:00,88.81
2026-01-08 11:30:00,2026-01-08 11:30:00,88.811
2026-01-08 11:45:00,2026-01-08 11:45:00,88.802
2026-01-08 12:00:00,2026-01-08 12:00:00,88.807
2026-01-08 12:15:00,2026-01-08 12:15:00,88.81
2026-01-08 12:30:00,2026-01-08 12:30:00,88.809
2026-01-08 12:45:00,2026-01-08 12:45:00,88.799
2026-01-08 13:00:00,2026-01-08 13:00:00,88.797
2026-01-08 13:15:00,2026-01-08 13:15:00,88.801
2026-01-08 13:30:00,2026-01-08 13:30:00,88.808
2026-01-08 13:45:00,2026-01-08 13:45:00,88.805
2026-01-08 14:00:00,2026-01-08 14:00:00,88.807
2026-01-08 14:15:00,2026-01-08 14:15:00,88.812
2026-01-08 14:30:00,2026-01-08 14:30:00,88.809
2026-01-08 14:45:00,2026-01-08 14:45:00,88.813
2026-01-08 15:00:00,2026-01-08 15:00:00,88.81
2026-01-08 15:15:00,2026-01-08 15:15:00,88.81
2026-01-08 15:30:00,2026-01-08 15:30:00,88.807
2026-01-08 15:45:00,2026-01-08 15:45:00,88.81
2026-01-08 16:00:00,2026-01-08 16:00:00,88.808
2026-01-08 16:15:00,2026-01-08 16:15:00,88.799
2026-01-08 16:30:00,2026-01-08 16:30:00,88.8
2026-01-08 16:45:00,2026-01-08 16:45:00,88.796
2026-01-08 17:00:00,2026-01-08 17:00:00,88.795
2026-01-08 17:15:00,2026-01-08 17:15:00,88.787
2026-01-08 17:30:00,2026-01-08 17:30:00,88.795
2026-01-08 17:45:00,2026-01-08 17:45:00,88.797
2026-01-08 18:00:00,2026-01-08 18:00:00,88.797
2026-01-08 18:15:00,2026-01-08 18:15:00,88.8
2026-01-08 18:30:00,2026-01-08 18:30:00,88.794
2026-01-08 18:45:00,2026-01-08 18:45:00,88.796
2026-01-08 19:00:00,2026-01-08 19:00:00,88.803
2026-01-08 19:15:00,2026-01-08 19:15:00,88.8
2026-01-08 19:30:00,2026-01-08 19:30:00,88.794
2026-01-08 19:45:00,2026-01-08 19:45:00,88.798
2026-01-08 20:00:00,2026-01-08 20:00:00,88.801
2026-01-08 20:15:00,2026-01-08 20:15:00,88.792
2026-01-08 20:30:00,2026-01-08 20:30:00,88.792
2026-01-08 20:45:00,2026-01-08 20:45:00,88.797
2026-01-08 21:00:00,2026-01-08 21:00:00,88.799
2026-01-08 21:15:00,2026-01-08 21:15:00,88.803
2026-01-08 21:30:00,2026-01-08 21:30:00,88.806
2026-01-08 21:45:00,2026-01-08 21:45:00,88.791
2026-01-08 22:00:00,2026-01-08 22:00:00,88.796
2026-01-08 22:15:00,2026-01-08 22:15:00,88.797
2026-01-08 22:30:00,2026-01-08 22:30:00,88.799
2026-01-08 22:45:00,2026-01-08 22:45:00,88.798
2026-01-08 23:00:00,2026-01-08 23:00:00,88.794
2026-01-08 23:15:00,2026-01-08 23:15:00,88.798
2026-01-08 23:30:00,2026-01-08 23:30:00,88.792
2026-01-08 23:45:00,2026-01-08 23:45:00,88.794
2026-01-09 00:00:00,2026-01-09 00:00:00,88.8
2026-01-09 00:15:00,2026-01-09 00:15:00,88.809
2026-01-09 00:30:00,2026-01-09 00:30:00,88.803
2026-01-09 00:45:00,2026-01-09 00:45:00,88.801
2026-01-09 01:00:00,2026-01-09 01:00:00,88.794
2026-01-09 01:15:00,2026-01-09 01:15:00,88.806
2026-01-09 01:30:00,2026-01-09 01:30:00,88.806
2026-01-09 01:45:00,2026-01-09 01:45:00,88.801
2026-01-09 02:00:00,2026-01-09 02:00:00,88.802
2026-01-09 02:15:00,2026-01-09 02:15:00,88.804
2026-01-09 02:30:00,2026-01-09 02:30:00,88.804
2026-01-09 02:45:00,2026-01-09 02:45:00,88.806
2026-01-09 03:00:00,2026-01-09 03:00:00,88.813
2026-01-09 03:15:00,2026-01-09 03:15:00,88.811
2026-01-09 03:30:00,2026-01-09 03:30:00,88.812
2026-01-09 03:45:00,2026-01-09 03:45:00,88.807
2026-01-09 04:00:00,2026-01-09 04:00:00,88.809
2026-01-09 04:15:00,2026-01-09 04:15:00,88.81
2026-01-09 04:30:00,2026-01-09 04:30:00,88.807
2026-01-09 04:45:00,2026-01-09 04:45:00,88.803
2026-01-09 05:00:00,2026-01-09 05:00:00,88.799
2026-01-09 05:15:00,2026-01-09 05:15:00,88.807
2026-01-09 05:30:00,2026-01-09 05:30:00,88.812
2026-01-09 05:45:00,2026-01-09 05:45:00,88.802
2026-01-09 06:00:00,2026-01-09 06:00:00,88.793
2026-01-09 06:15:00,2026-01-09 06:15:00,88.793
2026-01-09 06:30:00,2026-01-09 06:30:00,88.796
2026-01-09 06:45:00,2026-01-09 06:45:00,88.81
2026-01-09 07:00:00,2026-01-09 07:00:00,88.817
2026-01-09 07:15:00,2026-01-09 07:15:00,88.808
2026-01-09 07:30:00,2026-01-09 07:30:00,88.803
2026-01-09 07:45:00,2026-01-09 07:45:00,88.795
2026-01-09 08:00:00,2026-01-09 08:00:00,88.799
2026-01-09 08:15:00,2026-01-09 08:15:00,88.796
2026-01-09 08:30:00,2026-01-09 08:30:00,88.797
2026-01-09 08:45:00,2026-01-09 08:45:00,88.806
2026-01-09 09:00:00,2026-01-09 09:00:00,88.795
2026-01-09 09:15:00,2026-01-09 09:15:00,88.794
2026-01-09 09:30:00,2026-01-09 09:30:00,88.79
2026-01-09 09:45:00,2026-01-09 09:45:00,88.79
2026-01-09 10:00:00,2026-01-09 10:00:00,88.794
2026-01-09 10:15:00,2026-01-09 10:15:00,88.798
2026-01-09 10:30:00,2026-01-09 10:30:00,88.794
2026-01-09 10:45:00,2026-01-09 10:45:00,88.783
2026-01-09 11:00:00,2026-01-09 11:00:00,88.784
2026-01-09 11:15:00,2026-01-09 11:15:00,88.786
2026-01-09 11:30:00,2026-01-09 11:30:00,88.787
2026-01-09 11:45:00,2026-01-09 11:45:00,88.793
2026-01-09 12:00:00,2026-01-09 12:00:00,88.799
2026-01-09 12:15:00,2026-01-09 12:15:00,88.777
2026-01-09 12:30:00,2026-01-09 12:30:00,88.767
2026-01-09 12:45:00,2026-01-09 12:45:00,88.764
2026-01-09 13:00:00,2026-01-09 13:00:00,88.762
2026-01-09 13:15:00,2026-01-09 13:15:00,88.747
2026-01-09 13:30:00,2026-01-09 13:30:00,88.759
2026-01-09 13:45:00,2026-01-09 13:45:00,88.757
2026-01-09 14:00:00,2026-01-09 14:00:00,88.759
2026-01-09 14:15:00,2026-01-09 14:15:00,88.76
2026-01-09 14:30:00,2026-01-09 14:30:00,88.767
2026-01-09 14:45:00,2026-01-09 14:45:00,88.765
2026-01-09 15:00:00,2026-01-09 15:00:00,88.767
2026-01-09 15:15:00,2026-01-09 15:15:00,88.764
2026-01-09 15:30:00,2026-01-09 15:30:00,88.761
2026-01-09 15:45:00,2026-01-09 15:45:00,88.763
2026-01-09 16:00:00,2026-01-09 16:00:00,88.763
2026-01-09 16:15:00,2026-01-09 16:15:00,88.754
2026-01-09 16:30:00,2026-01-09 16:30:00,88.753
2026-01-09 16:45:00,2026-01-09 16:45:00,88.763
2026-01-09 17:00:00,2026-01-09 17:00:00,88.76
2026-01-09 17:15:00,2026-01-09 17:15:00,88.76
2026-01-09 17:30:00,2026-01-09 17:30:00,88.75
2026-01-09 17:45:00,2026-01-09 17:45:00,88.755
2026-01-09 18:00:00,2026-01-09 18:00:00,88.756
2026-01-09 18:15:00,2026-01-09 18:15:00,88.753
2026-01-09 18:30:00,2026-01-09 18:30:00,88.756
2026-01-09 18:45:00,2026-01-09 18:45:00,88.758
2026-01-09 19:00:00,2026-01-09 19:00:00,88.763
2026-01-09 19:15:00,2026-01-09 19:15:00,88.759
2026-01-09 19:30:00,2026-01-09 19:30:00,88.766
2026-01-09 19:45:00,2026-01-09 19:45:00,88.76
2026-01-09 20:00:00,2026-01-09 20:00:00,88.755
2026-01-09 20:15:00,2026-01-09 20:15:00,88.76
2026-01-09 20:30:00,2026-01-09 20:30:00,88.77
2026-01-09 20:45:00,2026-01-09 20:45:00,88.768
2026-01-09 21:00:00,2026-01-09 21:00:00,88.773
2026-01-09 21:15:00,2026-01-09 21:15:00,88.768
2026-01-09 21:30:00,2026-01-09 21:30:00,88.76
2026-01-09 21:45:00,2026-01-09 21:45:00,88.763
2026-01-09 22:00:00,2026-01-09 22:00:00,88.758
2026-01-09 22:15:00,2026-01-09 22:15:00,88.766
2026-01-09 22:30:00,2026-01-09 22:30:00,88.765
2026-01-09 22:45:00,2026-01-09 22:45:00,88.766
2026-01-09 23:00:00,2026-01-09 23:00:00,88.767
2026-01-09 23:15:00,2026-01-09 23:15:00,88.767
2026-01-09 23:30:00,2026-01-09 23:30:00,88.77
2026-01-09 23:45:00,2026-01-09 23:45:00,88.757
2026-01-10 00:00:00,2026-01-10 00:00:00,88.765
2026-01-10 00:15:00,2026-01-10 00:15:00,88.769
2026-01-10 00:30:00,2026-01-10 00:30:00,88.771
2026-01-10 00:45:00,2026-01-10 00:45:00,88.771
2026-01-10 01:00:00,2026-01-10 01:00:00,88.778
2026-01-10 01:15:00,2026-01-10 01:15:00,88.78
2026-01-10 01:30:00,2026-01-10 01:30:00,88.782
2026-01-10 01:45:00,2026-01-10 01:45:00,88.78
2026-01-10 02:00:00,2026-01-10 02:00:00,88.786
2026-01-10 02:15:00,2026-01-10 02:15:00,88.782
2026-01-10 02:30:00,2026-01-10 02:30:00,88.785
2026-01-10 02:45:00,2026-01-10 02:45:00,88.782
2026-01-10 03:00:00,2026-01-10 03:00:00,88.782
2026-01-10 03:15:00,2026-01-10 03:15:00,88.782
2026-01-10 03:30:00,2026-01-10 03:30:00,88.785
2026-01-10 03:45:00,2026-01-10 03:45:00,88.778
2026-01-10 04:00:00,2026-01-10 04:00:00,88.778
2026-01-10 04:15:00,2026-01-10 04:15:00,88.777
2026-01-10 04:30:00,2026-01-10 04:30:00,88.778
2026-01-10 04:45:00,2026-01-10 04:45:00,88.785
2026-01-10 05:00:00,2026-01-10 05:00:00,88.779
2026-01-10 05:15:00,2026-01-10 05:15:00,88.776
2026-01-10 05:30:00,2026-01-10 05:30:00,88.777
2026-01-10 05:45:00,2026-01-10 05:45:00,88.775
2026-01-10 06:00:00,2026-01-10 06:00:00,88.775
2026-01-10 06:15:00,2026-01-10 06:15:00,88.776
2026-01-10 06:30:00,2026-01-10 06:30:00,88.774
2026-01-10 06:45:00,2026-01-10 06:45:00,88.775
2026-01-10 07:00:00,2026-01-10 07:00:00,88.77
2026-01-10 07:15:00,2026-01-10 07:15:00,88.771
2026-01-10 07:30:00,2026-01-10 07:30:00,88.766
2026-01-10 07:45:00,2026-01-10 07:45:00,88.767
2026-01-10 08:00:00,2026-01-10 08:00:00,88.775
2026-01-10 08:15:00,2026-01-10 08:15:00,88.771
2026-01-10 08:30:00,2026-01-10 08:30:00,88.767
2026-01-10 08:45:00,2026-01-10 08:45:00,88.769
2026-01-10 09:00:00,2026-01-10 09:00:00,88.77
2026-01-10 09:15:00,2026-01-10 09:15:00,88.769
2026-01-10 09:30:00,2026-01-10 09:30:00,88.766
2026-01-10 09:45:00,2026-01-10 09:45:00,88.769
2026-01-10 10:00:00,2026-01-10 10:00:00,88.763
2026-01-10 10:15:00,2026-01-10 10:15:00,88.764
2026-01-10 10:30:00,2026-01-10 10:30:00,88.757
2026-01-10 10:45:00,2026-01-10 10:45:00,88.764
2026-01-10 11:00:00,2026-01-10 11:00:00,88.768
2026-01-10 11:15:00,2026-01-10 11:15:00,88.752
2026-01-10 11:30:00,2026-01-10 11:30:00,88.747
2026-01-10 11:45:00,2026-01-10 11:45:00,88.756
2026-01-10 12:00:00,2026-01-10 12:00:00,88.753
2026-01-10 12:15:00,2026-01-10 12:15:00,88.751
2026-01-10 12:30:00,2026-01-10 12:30:00,88.75
2026-01-10 12:45:00,2026-01-10 12:45:00,88.753
2026-01-10 13:00:00,2026-01-10 13:00:00,88.753
2026-01-10 13:15:00,2026-01-10 13:15:00,88.752
2026-01-10 13:30:00,2026-01-10 13:30:00,88.756
2026-01-10 13:45:00,2026-01-10 13:45:00,88.759
2026-01-10 14:00:00,2026-01-10 14:00:00,88.757
2026-01-10 14:15:00,2026-01-10 14:15:00,88.765
2026-01-10 14:30:00,2026-01-10 14:30:00,88.766
2026-01-10 14:45:00,2026-01-10 14:45:00,88.754
2026-01-10 15:00:00,2026-01-10 15:00:00,88.753
2026-01-10 15:15:00,2026-01-10 15:15:00,88.756
2026-01-10 15:30:00,2026-01-10 15:30:00,88.755
2026-01-10 15:45:00,2026-01-10 15:45:00,88.75
2026-01-10 16:00:00,2026-01-10 16:00:00,88.754
2026-01-10 16:15:00,2026-01-10 16:15:00,88.751
2026-01-10 16:30:00,2026-01-10 16:30:00,88.748
2026-01-10 16:45:00,2026-01-10 16:45:00,88.748
2026-01-10 17:00:00,2026-01-10 17:00:00,88.742
2026-01-10 17:15:00,2026-01-10 17:15:00,88.75
2026-01-10 17:30:00,2026-01-10 17:30:00,88.759
2026-01-10 17:45:00,2026-01-10 17:45:00,88.749
2026-01-10 18:00:00,2026-01-10 18:00:00,88.744
2026-01-10 18:15:00,2026-01-10 18:15:00,88.759
2026-01-10 18:30:00,2026-01-10 18:30:00,88.757
2026-01-10 18:45:00,2026-01-10 18:45:00,88.747
2026-01-10 19:00:00,2026-01-10 19:00:00,88.746
2026-01-10 19:15:00,2026-01-10 19:15:00,88.752
2026-01-10 19:30:00,2026-01-10 19:30:00,88.744
2026-01-10 19:45:00,2026-01-10 19:45:00,88.752
2026-01-10 20:00:00,2026-01-10 20:00:00,88.755
2026-01-10 20:15:00,2026-01-10 20:15:00,88.748
2026-01-10 20:30:00,2026-01-10 20:30:00,88.745
2026-01-10 20:45:00,2026-01-10 20:45:00,88.752
2026-01-10 21:00:00,2026-01-10 21:00:00,88.751
2026-01-10 21:15:00,2026-01-10 21:15:00,88.745
2026-01-10 21:30:00,2026-01-10 21:30:00,88.747
2026-01-10 21:45:00,2026-01-10 21:45:00,88.748
2026-01-10 22:00:00,2026-01-10 22:00:00,88.75
2026-01-10 22:15:00,2026-01-10 22:15:00,88.754
2026-01-10 22:30:00,2026-01-10 22:30:00,88.758
2026-01-10 22:45:00,2026-01-10 22:45:00,88.751
2026-01-10 23:00:00,2026-01-10 23:00:00,88.753
2026-01-10 23:15:00,2026-01-10 23:15:00,88.754
2026-01-10 23:30:00,2026-01-10 23:30:00,88.75
2026-01-10 23:45:00,2026-01-10 23:45:00,88.751
2026-01-11 00:00:00,2026-01-11 00:00:00,88.742
2026-01-11 00:15:00,2026-01-11 00:15:00,88.751
2026-01-11 00:30:00,2026-01-11 00:30:00,88.748
2026-01-11 00:45:00,2026-01-11 00:45:00,88.748
2026-01-11 01:00:00,2026-01-11 01:00:00,88.744
2026-01-11 01:15:00,2026-01-11 01:15:00,88.753
2026-01-11 01:30:00,2026-01-11 01:30:00,88.751
2026-01-11 01:45:00,2026-01-11 01:45:00,88.751
2026-01-11 02:00:00,2026-01-11 02:00:00,88.751
2026-01-11 02:15:00,2026-01-11 02:15:00,88.752
2026-01-11 02:30:00,2026-01-11 02:30:00,88.756
2026-01-11 02:45:00,2026-01-11 02:45:00,88.756
2026-01-11 03:00:00,2026-01-11 03:00:00,88.756
2026-01-11 03:15:00,2026-01-11 03:15:00,88.755
2026-01-11 03:30:00,2026-01-11 03:30:00,88.749
2026-01-11 03:45:00,2026-01-11 03:45:00,88.744
2026-01-11 04:00:00,2026-01-11 04:00:00,88.737
2026-01-11 04:15:00,2026-01-11 04:15:00,88.755
2026-01-11 04:30:00,2026-01-11 04:30:00,88.762
2026-01-11 04:45:00,2026-01-11 04:45:00,88.743
2026-01-11 05:00:00,2026-01-11 05:00:00,88.745
2026-01-11 05:15:00,2026-01-11 05:15:00,88.746
2026-01-11 05:30:00,2026-01-11 05:30:00,88.748
2026-01-11 05:45:00,2026-01-11 05:45:00,88.748
2026-01-11 06:00:00,2026-01-11 06:00:00,88.749
2026-01-11 06:15:00,2026-01-11 06:15:00,88.739
2026-01-11 06:30:00,2026-01-11 06:30:00,88.732
2026-01-11 06:45:00,2026-01-11 06:45:00,88.743
2026-01-11 07:00:00,2026-01-11 07:00:00,88.737
2026-01-11 07:15:00,2026-01-11 07:15:00,88.741
2026-01-11 07:30:00,2026-01-11 07:30:00,88.738
2026-01-11 07:45:00,2026-01-11 07:45:00,88.74
2026-01-11 08:00:00,2026-01-11 08:00:00,88.734
2026-01-11 08:15:00,2026-01-11 08:15:00,88.737
2026-01-11 08:30:00,2026-01-11 08:30:00,88.743
2026-01-11 08:45:00,2026-01-11 08:45:00,88.733
2026-01-11 09:00:00,2026-01-11 09:00:00,88.736
2026-01-11 09:15:00,2026-01-11 09:15:00,88.739
2026-01-11 09:30:00,2026-01-11 09:30:00,88.743
2026-01-11 09:45:00,2026-01-11 09:45:00,88.743
2026-01-11 10:00:00,2026-01-11 10:00:00,88.745
2026-01-11 10:15:00,2026-01-11 10:15:00,88.733
2026-01-11 10:30:00,2026-01-11 10:30:00,88.731
2026-01-11 10:45:00,2026-01-11 10:45:00,88.745
2026-01-11 11:00:00,2026-01-11 11:00:00,88.747
2026-01-11 11:15:00,2026-01-11 11:15:00,88.738
2026-01-11 11:30:00,2026-01-11 11:30:00,88.725
2026-01-11 11:45:00,2026-01-11 11:45:00,88.738
2026-01-11 12:00:00,2026-01-11 12:00:00,88.728
2026-01-11 12:15:00,2026-01-11 12:15:00,88.734
2026-01-11 12:30:00,2026-01-11 12:30:00,88.74
2026-01-11 12:45:00,2026-01-11 12:45:00,88.741
2026-01-11 13:00:00,2026-01-11 13:00:00,88.733
2026-01-11 13:15:00,2026-01-11 13:15:00,88.74
2026-01-11 13:30:00,2026-01-11 13:30:00,88.733
2026-01-11 13:45:00,2026-01-11 13:45:00,88.74
2026-01-11 14:00:00,2026-01-11 14:00:00,88.735
2026-01-11 14:15:00,2026-01-11 14:15:00,88.735
2026-01-11 14:30:00,2026-01-11 14:30:00,88.74
2026-01-11 14:45:00,2026-01-11 14:45:00,88.736
2026-01-11 15:00:00,2026-01-11 15:00:00,88.729
2026-01-11 15:15:00,2026-01-11 15:15:00,88.726
2026-01-11 15:30:00,2026-01-11 15:30:00,88.732
2026-01-11 15:45:00,2026-01-11 15:45:00,88.731
2026-01-11 16:00:00,2026-01-11 16:00:00,88.729
2026-01-11 16:15:00,2026-01-11 16:15:00,88.728
2026-01-11 16:30:00,2026-01-11 16:30:00,88.732
2026-01-11 16:45:00,2026-01-11 16:45:00,88.736
2026-01-11 17:00:00,2026-01-11 17:00:00,88.735
2026-01-11 17:15:00,2026-01-11 17:15:00,88.73
2026-01-11 17:30:00,2026-01-11 17:30:00,88.729
2026-01-11 17:45:00,2026-01-11 17:45:00,88.718
2026-01-11 18:00:00,2026-01-11 18:00:00,88.717
2026-01-11 18:15:00,2026-01-11 18:15:00,88.725
2026-01-11 18:30:00,2026-01-11 18:30:00,88.731
2026-01-11 18:45:00,2026-01-11 18:45:00,88.715
2026-01-11 19:00:00,2026-01-11 19:00:00,88.722
2026-01-11 19:15:00,2026-01-11 19:15:00,88.718
2026-01-11 19:30:00,2026-01-11 19:30:00,88.71
2026-01-11 19:45:00,2026-01-11 19:45:00,88.717
2026-01-11 20:00:00,2026-01-11 20:00:00,88.716
2026-01-11 20:15:00,2026-01-11 20:15:00,88.718
2026-01-11 20:30:00,2026-01-11 20:30:00,88.719
2026-01-11 20:45:00,2026-01-11 20:45:00,88.722
2026-01-11 21:00:00,2026-01-11 21:00:00,88.712
2026-01-11 21:15:00,2026-01-11 21:15:00,88.724
2026-01-11 21:30:00,2026-01-11 21:30:00,88.722
2026-01-11 21:45:00,2026-01-11 21:45:00,88.723
2026-01-11 22:00:00,2026-01-11 22:00:00,88.72
2026-01-11 22:15:00,2026-01-11 22:15:00,88.727
2026-01-11 22:30:00,2026-01-11 22:30:00,88.731
2026-01-11 22:45:00,2026-01-11 22:45:00,88.73
2026-01-11 23:00:00,2026-01-11 23:00:00,88.723
2026-01-11 23:15:00,2026-01-11 23:15:00,88.726
2026-01-11 23:30:00,2026-01-11 23:30:00,88.73
2026-01-11 23:45:00,2026-01-11 23:45:00,88.726
2026-01-12 00:00:00,2026-01-12 00:00:00,88.725
2026-01-12 00:15:00,2026-01-12 00:15:00,88.727
2026-01-12 00:30:00,2026-01-12 00:30:00,88.727
2026-01-12 00:45:00,2026-01-12 00:45:00,88.722
2026-01-12 01:00:00,2026-01-12 01:00:00,88.725
2026-01-12 01:15:00,2026-01-12 01:15:00,88.725
2026-01-12 01:30:00,2026-01-12 01:30:00,88.727
2026-01-12 01:45:00,2026-01-12 01:45:00,88.721
2026-01-12 02:00:00,2026-01-12 02:00:00,88.72
2026-01-12 02:15:00,2026-01-12 02:15:00,88.73
2026-01-12 02:30:00,2026-01-12 02:30:00,88.729
2026-01-12 02:45:00,2026-01-12 02:45:00,88.739
2026-01-12 03:00:00,2026-01-12 03:00:00,88.733
2026-01-12 03:15:00,2026-01-12 03:15:00,88.739
2026-01-12 03:30:00,2026-01-12 03:30:00,88.731
2026-01-12 03:45:00,2026-01-12 03:45:00,88.732
2026-01-12 04:00:00,2026-01-12 04:00:00,88.728
2026-01-12 04:15:00,2026-01-12 04:15:00,88.728
2026-01-12 04:30:00,2026-01-12 04:30:00,88.729
2026-01-12 04:45:00,2026-01-12 04:45:00,88.725
2026-01-12 05:00:00,2026-01-12 05:00:00,88.73
2026-01-12 05:15:00,2026-01-12 05:15:00,88.733
2026-01-12 05:30:00,2026-01-12 05:30:00,88.728
2026-01-12 05:45:00,2026-01-12 05:45:00,88.729
2026-01-12 06:00:00,2026-01-12 06:00:00,88.725
2026-01-12 06:15:00,2026-01-12 06:15:00,88.726
2026-01-12 06:30:00,2026-01-12 06:30:00,88.724
2026-01-12 06:45:00,2026-01-12 06:45:00,88.722
2026-01-12 07:00:00,2026-01-12 07:00:00,88.721
2026-01-12 07:15:00,2026-01-12 07:15:00,88.719
2026-01-12 07:30:00,2026-01-12 07:30:00,88.727
2026-01-12 07:45:00,2026-01-12 07:45:00,88.731
2026-01-12 08:00:00,2026-01-12 08:00:00,88.731
2026-01-12 08:15:00,2026-01-12 08:15:00,88.718
2026-01-12 08:30:00,2026-01-12 08:30:00,88.716
2026-01-12 08:45:00,2026-01-12 08:45:00,88.725
2026-01-12 09:00:00,2026-01-12 09:00:00,88.727
2026-01-12 09:15:00,2026-01-12 09:15:00,88.728
2026-01-12 09:30:00,2026-01-12 09:30:00,88.727
2026-01-12 09:45:00,2026-01-12 09:45:00,88.718
2026-01-12 10:00:00,2026-01-12 10:00:00,88.712
2026-01-12 10:15:00,2026-01-12 10:15:00,88.713
2026-01-12 10:30:00,2026-01-12 10:30:00,88.713
2026-01-12 10:45:00,2026-01-12 10:45:00,88.728
2026-01-12 11:00:00,2026-01-12 11:00:00,88.726
2026-01-12 11:15:00,2026-01-12 11:15:00,88.718
2026-01-12 11:30:00,2026-01-12 11:30:00,88.714
2026-01-12 11:45:00,2026-01-12 11:45:00,88.702
2026-01-12 12:00:00,2026-01-12 12:00:00,88.702
2026-01-12 12:15:00,2026-01-12 12:15:00,88.715
2026-01-12 12:30:00,2026-01-12 12:30:00,88.716
2026-01-12 12:45:00,2026-01-12 12:45:00,88.713
2026-01-12 13:00:00,2026-01-12 13:00:00,88.723
2026-01-12 13:15:00,2026-01-12 13:15:00,88.704
2026-01-12 13:30:00,2026-01-12 13:30:00,88.701
2026-01-12 13:45:00,2026-01-12 13:45:00,88.718
2026-01-12 14:00:00,2026-01-12 14:00:00,88.72
2026-01-12 14:15:00,2026-01-12 14:15:00,88.714
2026-01-12 14:30:00,2026-01-12 14:30:00,88.709
2026-01-12 14:45:00,2026-01-12 14:45:00,88.703
2026-01-12 15:00:00,2026-01-12 15:00:00,88.705
2026-01-12 15:15:00,2026-01-12 15:15:00,88.709
2026-01-12 15:30:00,2026-01-12 15:30:00,88.713
2026-01-12 15:45:00,2026-01-12 15:45:00,88.706
2026-01-12 16:00:00,2026-01-12 16:00:00,88.703
2026-01-12 16:15:00,2026-01-12 16:15:00,88.694
2026-01-12 16:30:00,2026-01-12 16:30:00,88.7
2026-01-12 16:45:00,2026-01-12 16:45:00,88.704
2026-01-12 17:00:00,2026-01-12 17:00:00,88.698
2026-01-12 17:15:00,2026-01-12 17:15:00,88.699
2026-01-12 17:30:00,2026-01-12 17:30:00,88.701
2026-01-12 17:45:00,2026-01-12 17:45:00,88.704
2026-01-12 18:00:00,2026-01-12 18:00:00,88.71
2026-01-12 18:15:00,2026-01-12 18:15:00,88.705
2026-01-12 18:30:00,2026-01-12 18:30:00,88.701
2026-01-12 18:45:00,2026-01-12 18:45:00,88.697
2026-01-12 19:00:00,2026-01-12 19:00:00,88.703
2026-01-12 19:15:00,2026-01-12 19:15:00,88.707
2026-01-12 19:30:00,2026-01-12 19:30:00,88.707
2026-01-12 19:45:00,2026-01-12 19:45:00,88.701
2026-01-12 20:00:00,2026-01-12 20:00:00,88.691
2026-01-12 20:15:00,2026-01-12 20:15:00,88.7
2026-01-12 20:30:00,2026-01-12 20:30:00,88.698
2026-01-12 20:45:00,2026-01-12 20:45:00,88.705
2026-01-12 21:00:00,2026-01-12 21:00:00,88.699
2026-01-12 21:15:00,2026-01-12 21:15:00,88.701
2026-01-12 21:30:00,2026-01-12 21:30:00,88.696
2026-01-12 21:45:00,2026-01-12 21:45:00,88.696
2026-01-12 22:00:00,2026-01-12 22:00:00,88.691
2026-01-12 22:15:00,2026-01-12 22:15:00,88.704
2026-01-12 22:30:00,2026-01-12 22:30:00,88.704
2026-01-12 22:45:00,2026-01-12 22:45:00,88.697
2026-01-12 23:00:00,2026-01-12 23:00:00,88.706
2026-01-12 23:15:00,2026-01-12 23:15:00,88.704
2026-01-12 23:30:00,2026-01-12 23:30:00,88.704
2026-01-12 23:45:00,2026-01-12 23:45:00,88.705
2026-01-13 00:00:00,2026-01-13 00:00:00,88.704
2026-01-13 00:15:00,2026-01-13 00:15:00,88.699
2026-01-13 00:30:00,2026-01-13 00:30:00,88.701
2026-01-13 00:45:00,2026-01-13 00:45:00,88.708
2026-01-13 01:00:00,2026-01-13 01:00:00,88.707
2026-01-13 01:15:00,2026-01-13 01:15:00,88.708
2026-01-13 01:30:00,2026-01-13 01:30:00,88.71
2026-01-13 01:45:00,2026-01-13 01:45:00,88.704
2026-01-13 02:00:00,2026-01-13 02:00:00,88.697
2026-01-13 02:15:00,2026-01-13 02:15:00,88.702
2026-01-13 02:30:00,2026-01-13 02:30:00,88.704
2026-01-13 02:45:00,2026-01-13 02:45:00,88.705
2026-01-13 03:00:00,2026-01-13 03:00:00,88.702
2026-01-13 03:15:00,2026-01-13 03:15:00,88.713
2026-01-13 03:30:00,2026-01-13 03:30:00,88.71
2026-01-13 03:45:00,2026-01-13 03:45:00,88.697
2026-01-13 04:00:00,2026-01-13 04:00:00,88.693
2026-01-13 04:15:00,2026-01-13 04:15:00,88.699
2026-01-13 04:30:00,2026-01-13 04:30:00,88.691
2026-01-13 04:45:00,2026-01-13 04:45:00,88.7
2026-01-13 05:00:00,2026-01-13 05:00:00,88.705
2026-01-13 05:15:00,2026-01-13 05:15:00,88.704
2026-01-13 05:30:00,2026-01-13 05:30:00,88.702
2026-01-13 05:45:00,2026-01-13 05:45:00,88.693
2026-01-13 06:00:00,2026-01-13 06:00:00,88.697
2026-01-13 06:15:00,2026-01-13 06:15:00,88.703
2026-01-13 06:30:00,2026-01-13 06:30:00,88.705
2026-01-13 06:45:00,2026-01-13 06:45:00,88.713
2026-01-13 07:00:00,2026-01-13 07:00:00,88.718
2026-01-13 07:15:00,2026-01-13 07:15:00,88.718
2026-01-13 07:30:00,2026-01-13 07:30:00,88.721
2026-01-13 07:45:00,2026-01-13 07:45:00,88.712
2026-01-13 08:00:00,2026-01-13 08:00:00,88.711
2026-01-13 08:15:00,2026-01-13 08:15:00,88.714
2026-01-13 08:30:00,2026-01-13 08:30:00,88.716
2026-01-13 08:45:00,2026-01-13 08:45:00,88.722
2026-01-13 09:00:00,2026-01-13 09:00:00,88.721
2026-01-13 09:15:00,2026-01-13 09:15:00,88.727
2026-01-13 09:30:00,2026-01-13 09:30:00,88.718
2026-01-13 09:45:00,2026-01-13 09:45:00,88.731
2026-01-13 10:00:00,2026-01-13 10:00:00,88.733
2026-01-13 10:15:00,2026-01-13 10:15:00,88.728
2026-01-13 10:30:00,2026-01-13 10:30:00,88.727
2026-01-13 10:45:00,2026-01-13 10:45:00,88.731
2026-01-13 11:00:00,2026-01-13 11:00:00,88.736
2026-01-13 11:15:00,2026-01-13 11:15:00,88.737
2026-01-13 11:30:00,2026-01-13 11:30:00,88.74
2026-01-13 11:45:00,2026-01-13 11:45:00,88.729
2026-01-13 12:00:00,2026-01-13 12:00:00,88.727
2026-01-13 12:15:00,2026-01-13 12:15:00,88.72
2026-01-13 12:30:00,2026-01-13 12:30:00,88.707
2026-01-13 12:45:00,2026-01-13 12:45:00,88.724
2026-01-13 13:00:00,2026-01-13 13:00:00,88.734
2026-01-13 13:15:00,2026-01-13 13:15:00,88.739
2026-01-13 13:30:00,2026-01-13 13:30:00,88.738
2026-01-13 13:45:00,2026-01-13 13:45:00,88.741
2026-01-13 14:00:00,2026-01-13 14:00:00,88.752
2026-01-13 14:15:00,2026-01-13 14:15:00,88.74
2026-01-13 14:30:00,2026-01-13 14:30:00,88.744
2026-01-13 14:45:00,2026-01-13 14:45:00,88.739
2026-01-13 15:00:00,2026-01-13 15:00:00,88.734
2026-01-13 15:15:00,2026-01-13 15:15:00,88.732
2026-01-13 15:30:00,2026-01-13 15:30:00,88.722
2026-01-13 15:45:00,2026-01-13 15:45:00,88.744
2026-01-13 16:00:00,2026-01-13 16:00:00,88.754
2026-01-13 16:15:00,2026-01-13 16:15:00,88.731
2026-01-13 16:30:00,2026-01-13 16:30:00,88.723
2026-01-13 16:45:00,2026-01-13 16:45:00,88.738
2026-01-13 17:00:00,2026-01-13 17:00:00,88.739
2026-01-13 17:15:00,2026-01-13 17:15:00,88.724
2026-01-13 17:30:00,2026-01-13 17:30:00,88.731
2026-01-13 17:45:00,2026-01-13 17:45:00,88.728
2026-01-13 18:00:00,2026-01-13 18:00:00,88.722
2026-01-13 18:15:00,2026-01-13 18:15:00,88.722
2026-01-13 18:30:00,2026-01-13 18:30:00,88.716
2026-01-13 18:45:00,2026-01-13 18:45:00,88.719
2026-01-13 19:00:00,2026-01-13 19:00:00,88.713
2026-01-13 19:15:00,2026-01-13 19:15:00,88.721
2026-01-13 19:30:00,2026-01-13 19:30:00,88.722
2026-01-13 19:45:00,2026-01-13 19:45:00,88.718
2026-01-13 20:00:00,2026-01-13 20:00:00,88.717
2026-01-13 20:15:00,2026-01-13 20:15:00,88.728
2026-01-13 20:30:00,2026-01-13 20:30:00,88.733
2026-01-13 20:45:00,2026-01-13 20:45:00,88.726
2026-01-13 21:00:00,2026-01-13 21:00:00,88.726
2026-01-13 21:15:00,2026-01-13 21:15:00,88.726
2026-01-13 21:30:00,2026-01-13 21:30:00,88.726
2026-01-13 21:45:00,2026-01-13 21:45:00,88.728
2026-01-13 22:00:00,2026-01-13 22:00:00,88.728
2026-01-13 22:15:00,2026-01-13 22:15:00,88.726
2026-01-13 22:30:00,2026-01-13 22:30:00,88.725
2026-01-13 22:45:00,2026-01-13 22:45:00,88.719
2026-01-13 23:00:00,2026-01-13 23:00:00,88.713
2026-01-13 23:15:00,2026-01-13 23:15:00,88.723
2026-01-13 23:30:00,2026-01-13 23:30:00,88.728
2026-01-13 23:45:00,2026-01-13 23:45:00,88.723
2026-01-14 00:00:00,2026-01-14 00:00:00,88.723
2026-01-14 00:15:00,2026-01-14 00:15:00,88.721
2026-01-14 00:30:00,2026-01-14 00:30:00,88.73
2026-01-14 00:45:00,2026-01-14 00:45:00,88.722
2026-01-14 01:00:00,2026-01-14 01:00:00,88.722
2026-01-14 01:15:00,2026-01-14 01:15:00,88.727
2026-01-14 01:30:00,2026-01-14 01:30:00,88.724
2026-01-14 01:45:00,2026-01-14 01:45:00,88.728
2026-01-14 02:00:00,2026-01-14 02:00:00,88.728
2026-01-14 02:15:00,2026-01-14 02:15:00,88.727
2026-01-14 02:30:00,2026-01-14 02:30:00,88.73
2026-01-14 02:45:00,2026-01-14 02:45:00,88.73
2026-01-14 03:00:00,2026-01-14 03:00:00,88.728
2026-01-14 03:15:00,2026-01-14 03:15:00,88.73
2026-01-14 03:30:00,2026-01-14 03:30:00,88.726
2026-01-14 03:45:00,2026-01-14 03:45:00,88.723
2026-01-14 04:00:00,2026-01-14 04:00:00,88.723
2026-01-14 04:15:00,2026-01-14 04:15:00,88.717
2026-01-14 04:30:00,2026-01-14 04:30:00,88.717
2026-01-14 04:45:00,2026-01-14 04:45:00,88.726
2026-01-14 05:00:00,2026-01-14 05:00:00,88.73
2026-01-14 05:15:00,2026-01-14 05:15:00,88.72
2026-01-14 05:30:00,2026-01-14 05:30:00,88.721
2026-01-14 05:45:00,2026-01-14 05:45:00,88.72
2026-01-14 06:00:00,2026-01-14 06:00:00,88.715
2026-01-14 06:15:00,2026-01-14 06:15:00,88.71
2026-01-14 06:30:00,2026-01-14 06:30:00,88.714
2026-01-14 06:45:00,2026-01-14 06:45:00,88.723
2026-01-14 07:00:00,2026-01-14 07:00:00,88.721
2026-01-14 07:15:00,2026-01-14 07:15:00,88.717
2026-01-14 07:30:00,2026-01-14 07:30:00,88.716
2026-01-14 07:45:00,2026-01-14 07:45:00,88.717
2026-01-14 08:00:00,2026-01-14 08:00:00,88.715
2026-01-14 08:15:00,2026-01-14 08:15:00,88.709
2026-01-14 08:30:00,2026-01-14 08:30:00,88.713
2026-01-14 08:45:00,2026-01-14 08:45:00,88.707
2026-01-14 09:00:00,2026-01-14 09:00:00,88.698
2026-01-14 09:15:00,2026-01-14 09:15:00,88.705
2026-01-14 09:30:00,2026-01-14 09:30:00,88.705
2026-01-14 09:45:00,2026-01-14 09:45:00,88.709
2026-01-14 10:00:00,2026-01-14 10:00:00,88.696
2026-01-14 10:15:00,2026-01-14 10:15:00,88.707
2026-01-14 10:30:00,2026-01-14 10:30:00,88.707
2026-01-14 10:45:00,2026-01-14 10:45:00,88.685
2026-01-14 11:00:00,2026-01-14 11:00:00,88.685
2026-01-14 11:15:00,2026-01-14 11:15:00,88.701
2026-01-14 11:30:00,2026-01-14 11:30:00,88.707
2026-01-14 11:45:00,2026-01-14 11:45:00,88.684
2026-01-14 12:00:00,2026-01-14 12:00:00,88.682
2026-01-14 12:15:00,2026-01-14 12:15:00,88.689
2026-01-14 12:30:00,2026-01-14 12:30:00,88.687
2026-01-14 12:45:00,2026-01-14 12:45:00,88.685
2026-01-14 13:00:00,2026-01-14 13:00:00,88.683
2026-01-14 13:15:00,2026-01-14 13:15:00,88.689
2026-01-14 13:30:00,2026-01-14 13:30:00,88.689
2026-01-14 13:45:00,2026-01-14 13:45:00,88.688
2026-01-14 14:00:00,2026-01-14 14:00:00,88.694
2026-01-14 14:15:00,2026-01-14 14:15:00,88.688
2026-01-14 14:30:00,2026-01-14 14:30:00,88.687
2026-01-14 14:45:00,2026-01-14 14:45:00,88.69
2026-01-14 15:00:00,2026-01-14 15:00:00,88.691
2026-01-14 15:15:00,2026-01-14 15:15:00,88.69
2026-01-14 15:30:00,2026-01-14 15:30:00,88.69
2026-01-14 15:45:00,2026-01-14 15:45:00,88.698
2026-01-14 16:00:00,2026-01-14 16:00:00,88.695
2026-01-14 16:15:00,2026-01-14 16:15:00,88.684
2026-01-14 16:30:00,2026-01-14 16:30:00,88.687
2026-01-14 16:45:00,2026-01-14 16:45:00,88.692
2026-01-14 17:00:00,2026-01-14 17:00:00,88.686
2026-01-14 17:15:00,2026-01-14 17:15:00,88.691
2026-01-14 17:30:00,2026-01-14 17:30:00,88.692
2026-01-14 17:45:00,2026-01-14 17:45:00,88.701
2026-01-14 18:00:00,2026-01-14 18:00:00,88.699
2026-01-14 18:15:00,2026-01-14 18:15:00,88.694
2026-01-14 18:30:00,2026-01-14 18:30:00,88.693
2026-01-14 18:45:00,2026-01-14 18:45:00,88.702
2026-01-14 19:00:00,2026-01-14 19:00:00,88.691
2026-01-14 19:15:00,2026-01-14 19:15:00,88.697
2026-01-14 19:30:00,2026-01-14 19:30:00,88.696
2026-01-14 19:45:00,2026-01-14 19:45:00,88.698
2026-01-14 20:00:00,2026-01-14 20:00:00,88.709
2026-01-14 20:15:00,2026-01-14 20:15:00,88.707
2026-01-14 20:30:00,2026-01-14 20:30:00,88.709
2026-01-14 20:45:00,2026-01-14 20:45:00,88.707
2026-01-14 21:00:00,2026-01-14 21:00:00,88.705
2026-01-14 21:15:00,2026-01-14 21:15:00,88.704
2026-01-14 21:30:00,2026-01-14 21:30:00,88.706
2026-01-14 21:45:00,2026-01-14 21:45:00,88.714
2026-01-14 22:00:00,2026-01-14 22:00:00,88.712
2026-01-14 22:15:00,2026-01-14 22:15:00,88.709
2026-01-14 22:30:00,2026-01-14 22:30:00,88.711
2026-01-14 22:45:00,2026-01-14 22:45:00,88.708
2026-01-14 23:00:00,2026-01-14 23:00:00,88.708
2026-01-14 23:15:00,2026-01-14 23:15:00,88.706
2026-01-14 23:30:00,2026-01-14 23:30:00,88.712
2026-01-14 23:45:00,2026-01-14 23:45:00,88.712
2026-01-15 00:00:00,2026-01-15 00:00:00,88.705
2026-01-15 00:15:00,2026-01-15 00:15:00,88.712
2026-01-15 00:30:00,2026-01-15 00:30:00,88.714
2026-01-15 00:45:00,2026-01-15 00:45:00,88.708
2026-01-15 01:00:00,2026-01-15 01:00:00,88.708
2026-01-15 01:15:00,2026-01-15 01:15:00,88.706
2026-01-15 01:30:00,2026-01-15 01:30:00,88.709
2026-01-15 01:45:00,2026-01-15 01:45:00,88.718
2026-01-15 02:00:00,2026-01-15 02:00:00,88.715
2026-01-15 02:15:00,2026-01-15 02:15:00,88.715
2026-01-15 02:30:00,2026-01-15 02:30:00,88.721
2026-01-15 02:45:00,2026-01-15 02:45:00,88.716
2026-01-15 03:00:00,2026-01-15 03:00:00,88.712
2026-01-15 03:15:00,2026-01-15 03:15:00,88.72
2026-01-15 03:30:00,2026-01-15 03:30:00,88.72
2026-01-15 03:45:00,2026-01-15 03:45:00,88.72
2026-01-15 04:00:00,2026-01-15 04:00:00,88.719
2026-01-15 04:15:00,2026-01-15 04:15:00,88.714
2026-01-15 04:30:00,2026-01-15 04:30:00,88.707
2026-01-15 04:45:00,2026-01-15 04:45:00,88.716
2026-01-15 05:00:00,2026-01-15 05:00:00,88.714
2026-01-15 05:15:00,2026-01-15 05:15:00,88.717
2026-01-15 05:30:00,2026-01-15 05:30:00,88.726
2026-01-15 05:45:00,2026-01-15 05:45:00,88.723
2026-01-15 06:00:00,2026-01-15 06:00:00,88.723
2026-01-15 06:15:00,2026-01-15 06:15:00,88.71
2026-01-15 06:30:00,2026-01-15 06:30:00,88.715
2026-01-15 06:45:00,2026-01-15 06:45:00,88.72
2026-01-15 07:00:00,2026-01-15 07:00:00,88.728
2026-01-15 07:15:00,2026-01-15 07:15:00,88.72
2026-01-15 07:30:00,2026-01-15 07:30:00,88.716
2026-01-15 07:45:00,2026-01-15 07:45:00,88.721
2026-01-15 08:00:00,2026-01-15 08:00:00,88.724
2026-01-15 08:15:00,2026-01-15 08:15:00,88.728
2026-01-15 08:30:00,2026-01-15 08:30:00,88.726
2026-01-15 08:45:00,2026-01-15 08:45:00,88.722
2026-01-15 09:00:00,2026-01-15 09:00:00,88.718
2026-01-15 09:15:00,2026-01-15 09:15:00,88.707
2026-01-15 09:30:00,2026-01-15 09:30:00,88.713
2026-01-15 09:45:00,2026-01-15 09:45:00,88.734
2026-01-15 10:00:00,2026-01-15 10:00:00,88.732
2026-01-15 10:15:00,2026-01-15 10:15:00,88.749
2026-01-15 10:30:00,2026-01-15 10:30:00,88.76
2026-01-15 10:45:00,2026-01-15 10:45:00,88.759
2026-01-15 11:00:00,2026-01-15 11:00:00,88.752
2026-01-15 11:15:00,2026-01-15 11:15:00,88.758
2026-01-15 11:30:00,2026-01-15 11:30:00,88.758
2026-01-15 11:45:00,2026-01-15 11:45:00,88.771
2026-01-15 12:00:00,2026-01-15 12:00:00,88.788
2026-01-15 12:15:00,2026-01-15 12:15:00,88.805
2026-01-15 12:30:00,2026-01-15 12:30:00,88.818
2026-01-15 12:45:00,2026-01-15 12:45:00,88.826
2026-01-15 13:00:00,2026-01-15 13:00:00,88.826
2026-01-15 13:15:00,2026-01-15 13:15:00,88.842
2026-01-15 13:30:00,2026-01-15 13:30:00,88.853
2026-01-15 13:45:00,2026-01-15 13:45:00,88.846
2026-01-15 14:00:00,2026-01-15 14:00:00,88.854
2026-01-15 14:15:00,2026-01-15 14:15:00,88.867
2026-01-15 14:30:00,2026-01-15 14:30:00,88.867
2026-01-15 14:45:00,2026-01-15 14:45:00,88.878
2026-01-15 15:00:00,2026-01-15 15:00:00,88.895
2026-01-15 15:15:00,2026-01-15 15:15:00,88.9
2026-01-15 15:30:00,2026-01-15 15:30:00,88.9
2026-01-15 15:45:00,2026-01-15 15:45:00,88.904
2026-01-15 16:00:00,2026-01-15 16:00:00,88.897
2026-01-15 16:15:00,2026-01-15 16:15:00,88.918
2026-01-15 16:30:00,2026-01-15 16:30:00,88.923
2026-01-15 16:45:00,2026-01-15 16:45:00,88.927
2026-01-15 17:00:00,2026-01-15 17:00:00,88.927
2026-01-15 17:15:00,2026-01-15 17:15:00,88.922
2026-01-15 17:30:00,2026-01-15 17:30:00,88.916
2026-01-15 17:45:00,2026-01-15 17:45:00,88.926
2026-01-15 18:00:00,2026-01-15 18:00:00,88.933
2026-01-15 18:15:00,2026-01-15 18:15:00,88.926
2026-01-15 18:30:00,2026-01-15 18:30:00,88.923
2026-01-15 18:45:00,2026-01-15 18:45:00,88.918
2026-01-15 19:00:00,2026-01-15 19:00:00,88.912
2026-01-15 19:15:00,2026-01-15 19:15:00,88.919
2026-01-15 19:30:00,2026-01-15 19:30:00,88.919
2026-01-15 19:45:00,2026-01-15 19:45:00,88.93
2026-01-15 20:00:00,2026-01-15 20:00:00,88.934
2026-01-15 20:15:00,2026-01-15 20:15:00,88.925
2026-01-15 20:30:00,2026-01-15 20:30:00,88.92
2026-01-15 20:45:00,2026-01-15 20:45:00,88.926
2026-01-15 21:00:00,2026-01-15 21:00:00,88.92
2026-01-15 21:15:00,2026-01-15 21:15:00,88.921
2026-01-15 21:30:00,2026-01-15 21:30:00,88.925
2026-01-15 21:45:00,2026-01-15 21:45:00,88.902
2026-01-15 22:00:00,2026-01-15 22:00:00,88.883
2026-01-15 22:15:00,2026-01-15 22:15:00,88.871
2026-01-15 22:30:00,2026-01-15 22:30:00,88.861
2026-01-15 22:45:00,2026-01-15 22:45:00,88.847
2026-01-15 23:00:00,2026-01-15 23:00:00,88.845
2026-01-15 23:15:00,2026-01-15 23:15:00,88.852
2026-01-15 23:30:00,2026-01-15 23:30:00,88.847
2026-01-15 23:45:00,2026-01-15 23:45:00,88.839
2026-01-16 00:00:00,2026-01-16 00:00:00,88.842
2026-01-16 00:15:00,2026-01-16 00:15:00,88.856
2026-01-16 00:30:00,2026-01-16 00:30:00,88.849
2026-01-16 00:45:00,2026-01-16 00:45:00,88.853
2026-01-16 01:00:00,2026-01-16 01:00:00,88.851
2026-01-16 01:15:00,2026-01-16 01:15:00,88.83
2026-01-16 01:30:00,2026-01-16 01:30:00,88.83
2026-01-16 01:45:00,2026-01-16 01:45:00,88.85
2026-01-16 02:00:00,2026-01-16 02:00:00,88.841
2026-01-16 02:15:00,2026-01-16 02:15:00,88.846
2026-01-16 02:30:00,2026-01-16 02:30:00,88.846
2026-01-16 02:45:00,2026-01-16 02:45:00,88.839
2026-01-16 03:00:00,2026-01-16 03:00:00,88.832
2026-01-16 03:15:00,2026-01-16 03:15:00,88.833
2026-01-16 03:30:00,2026-01-16 03:30:00,88.829
2026-01-16 03:45:00,2026-01-16 03:45:00,88.827
2026-01-16 04:00:00,2026-01-16 04:00:00,88.83
2026-01-16 04:15:00,2026-01-16 04:15:00,88.801
2026-01-16 04:30:00,2026-01-16 04:30:00,88.791
2026-01-16 04:45:00,2026-01-16 04:45:00,88.8
2026-01-16 05:00:00,2026-01-16 05:00:00,88.805
2026-01-16 05:15:00,2026-01-16 05:15:00,88.817
2026-01-16 05:30:00,2026-01-16 05:30:00,88.82
2026-01-16 05:45:00,2026-01-16 05:45:00,88.818
2026-01-16 06:00:00,2026-01-16 06:00:00,88.807
2026-01-16 06:15:00,2026-01-16 06:15:00,88.804
2026-01-16 06:30:00,2026-01-16 06:30:00,88.804
2026-01-16 06:45:00,2026-01-16 06:45:00,88.82
2026-01-16 07:00:00,2026-01-16 07:00:00,88.828
2026-01-16 07:15:00,2026-01-16 07:15:00,88.83
2026-01-16 07:30:00,2026-01-16 07:30:00,88.829
2026-01-16 07:45:00,2026-01-16 07:45:00,88.823
2026-01-16 08:00:00,2026-01-16 08:00:00,88.822
2026-01-16 08:15:00,2026-01-16 08:15:00,88.819
2026-01-16 08:30:00,2026-01-16 08:30:00,88.826
2026-01-16 08:45:00,2026-01-16 08:45:00,88.815
2026-01-16 09:00:00,2026-01-16 09:00:00,88.817
2026-01-16 09:15:00,2026-01-16 09:15:00,88.815
2026-01-16 09:30:00,2026-01-16 09:30:00,88.816
2026-01-16 09:45:00,2026-01-16 09:45:00,88.822
2026-01-16 10:00:00,2026-01-16 10:00:00,88.829
2026-01-16 10:15:00,2026-01-16 10:15:00,88.833
2026-01-16 10:30:00,2026-01-16 10:30:00,88.833
2026-01-16 10:45:00,2026-01-16 10:45:00,88.808
2026-01-16 11:00:00,2026-01-16 11:00:00,88.8
2026-01-16 11:15:00,2026-01-16 11:15:00,88.818
2026-01-16 11:30:00,2026-01-16 11:30:00,88.817
2026-01-16 11:45:00,2026-01-16 11:45:00,88.829
2026-01-16 12:00:00,2026-01-16 12:00:00,88.831
2026-01-16 12:15:00,2026-01-16 12:15:00,88.823
2026-01-16 12:30:00,2026-01-16 12:30:00,88.822
2026-01-16 12:45:00,2026-01-16 12:45:00,88.812
2026-01-16 13:00:00,2026-01-16 13:00:00,88.806
2026-01-16 13:15:00,2026-01-16 13:15:00,88.813
2026-01-16 13:30:00,2026-01-16 13:30:00,88.816
2026-01-16 13:45:00,2026-01-16 13:45:00,88.815
2026-01-16 14:00:00,2026-01-16 14:00:00,88.818
2026-01-16 14:15:00,2026-01-16 14:15:00,88.824
2026-01-16 14:30:00,2026-01-16 14:30:00,88.823
2026-01-16 14:45:00,2026-01-16 14:45:00,88.825
2026-01-16 15:00:00,2026-01-16 15:00:00,88.828
2026-01-16 15:15:00,2026-01-16 15:15:00,88.818
2026-01-16 15:30:00,2026-01-16 15:30:00,88.819
2026-01-16 15:45:00,2026-01-16 15:45:00,88.817
2026-01-16 16:00:00,2026-01-16 16:00:00,88.812
2026-01-16 16:15:00,2026-01-16 16:15:00,88.819
2026-01-16 16:30:00,2026-01-16 16:30:00,88.819
2026-01-16 16:45:00,2026-01-16 16:45:00,88.829
2026-01-16 17:00:00,2026-01-16 17:00:00,88.824
2026-01-16 17:15:00,2026-01-16 17:15:00,88.823
2026-01-16 17:30:00,2026-01-16 17:30:00,88.82
2026-01-16 17:45:00,2026-01-16 17:45:00,88.814
2026-01-16 18:00:00,2026-01-16 18:00:00,88.819
2026-01-16 18:15:00,2026-01-16 18:15:00,88.831
2026-01-16 18:30:00,2026-01-16 18:30:00,88.838
2026-01-16 18:45:00,2026-01-16 18:45:00,88.85
2026-01-16 19:00:00,2026-01-16 19:00:00,88.855
2026-01-16 19:15:00,2026-01-16 19:15:00,88.874
2026-01-16 19:30:00,2026-01-16 19:30:00,88.884
2026-01-16 19:45:00,2026-01-16 19:45:00,88.89
2026-01-16 20:00:00,2026-01-16 20:00:00,88.887
2026-01-16 20:15:00,2026-01-16 20:15:00,88.892
2026-01-16 20:30:00,2026-01-16 20:30:00,88.902
2026-01-16 20:45:00,2026-01-16 20:45:00,88.918
2026-01-16 21:00:00,2026-01-16 21:00:00,88.923
2026-01-16 21:15:00,2026-01-16 21:15:00,88.915
2026-01-16 21:30:00,2026-01-16 21:30:00,88.919
2026-01-16 21:45:00,2026-01-16 21:45:00,88.916
2026-01-16 22:00:00,2026-01-16 22:00:00,88.912
2026-01-16 22:15:00,2026-01-16 22:15:00,88.916
2026-01-16 22:30:00,2026-01-16 22:30:00,88.919
2026-01-16 22:45:00,2026-01-16 22:45:00,88.921
2026-01-16 23:00:00,2026-01-16 23:00:00,88.92
2026-01-16 23:15:00,2026-01-16 23:15:00,88.903
2026-01-16 23:30:00,2026-01-16 23:30:00,88.899
2026-01-16 23:45:00,2026-01-16 23:45:00,88.908
2026-01-17 00:00:00,2026-01-17 00:00:00,88.91
2026-01-17 00:15:00,2026-01-17 00:15:00,88.907
2026-01-17 00:30:00,2026-01-17 00:30:00,88.908
2026-01-17 00:45:00,2026-01-17 00:45:00,88.909
2026-01-17 01:00:00,2026-01-17 01:00:00,88.907
2026-01-17 01:15:00,2026-01-17 01:15:00,88.912
2026-01-17 01:30:00,2026-01-17 01:30:00,88.908
2026-01-17 01:45:00,2026-01-17 01:45:00,88.899
2026-01-17 02:00:00,2026-01-17 02:00:00,88.897
2026-01-17 02:15:00,2026-01-17 02:15:00,88.911
2026-01-17 02:30:00,2026-01-17 02:30:00,88.913
2026-01-17 02:45:00,2026-01-17 02:45:00,88.92
2026-01-17 03:00:00,2026-01-17 03:00:00,88.917
2026-01-17 03:15:00,2026-01-17 03:15:00,88.911
2026-01-17 03:30:00,2026-01-17 03:30:00,88.908
2026-01-17 03:45:00,2026-01-17 03:45:00,88.898
2026-01-17 04:00:00,2026-01-17 04:00:00,88.902
2026-01-17 04:15:00,2026-01-17 04:15:00,88.91
2026-01-17 04:30:00,2026-01-17 04:30:00,88.92
2026-01-17 04:45:00,2026-01-17 04:45:00,88.916
2026-01-17 05:00:00,2026-01-17 05:00:00,88.922
2026-01-17 05:15:00,2026-01-17 05:15:00,88.913
2026-01-17 05:30:00,2026-01-17 05:30:00,88.906
2026-01-17 05:45:00,2026-01-17 05:45:00,88.911
2026-01-17 06:00:00,2026-01-17 06:00:00,88.907
2026-01-17 06:15:00,2026-01-17 06:15:00,88.912
2026-01-17 06:30:00,2026-01-17 06:30:00,88.91
2026-01-17 06:45:00,2026-01-17 06:45:00,88.909
2026-01-17 07:00:00,2026-01-17 07:00:00,88.905
2026-01-17 07:15:00,2026-01-17 07:15:00,88.91
2026-01-17 07:30:00,2026-01-17 07:30:00,88.909
2026-01-17 07:45:00,2026-01-17 07:45:00,88.903
2026-01-17 08:00:00,2026-01-17 08:00:00,88.901
2026-01-17 08:15:00,2026-01-17 08:15:00,88.893
2026-01-17 08:30:00,2026-01-17 08:30:00,88.898
2026-01-17 08:45:00,2026-01-17 08:45:00,88.91
2026-01-17 09:00:00,2026-01-17 09:00:00,88.921
2026-01-17 09:15:00,2026-01-17 09:15:00,88.902
2026-01-17 09:30:00,2026-01-17 09:30:00,88.906
2026-01-17 09:45:00,2026-01-17 09:45:00,88.91
2026-01-17 10:00:00,2026-01-17 10:00:00,88.902
2026-01-17 10:15:00,2026-01-17 10:15:00,88.896
2026-01-17 10:30:00,2026-01-17 10:30:00,88.897
2026-01-17 10:45:00,2026-01-17 10:45:00,88.899
2026-01-17 11:00:00,2026-01-17 11:00:00,88.903
2026-01-17 11:15:00,2026-01-17 11:15:00,88.9
2026-01-17 11:30:00,2026-01-17 11:30:00,88.901
2026-01-17 11:45:00,2026-01-17 11:45:00,88.89
2026-01-17 12:00:00,2026-01-17 12:00:00,88.891
2026-01-17 12:15:00,2026-01-17 12:15:00,88.906
2026-01-17 12:30:00,2026-01-17 12:30:00,88.91
2026-01-17 12:45:00,2026-01-17 12:45:00,88.891
2026-01-17 13:00:00,2026-01-17 13:00:00,88.884
2026-01-17 13:15:00,2026-01-17 13:15:00,88.896
2026-01-17 13:30:00,2026-01-17 13:30:00,88.893
2026-01-17 13:45:00,2026-01-17 13:45:00,88.899
2026-01-17 14:00:00,2026-01-17 14:00:00,88.908
2026-01-17 14:15:00,2026-01-17 14:15:00,88.888
2026-01-17 14:30:00,2026-01-17 14:30:00,88.889
2026-01-17 14:45:00,2026-01-17 14:45:00,88.886
2026-01-17 15:00:00,2026-01-17 15:00:00,88.886
2026-01-17 15:15:00,2026-01-17 15:15:00,88.875
2026-01-17 15:30:00,2026-01-17 15:30:00,88.886
2026-01-17 15:45:00,2026-01-17 15:45:00,88.889
2026-01-17 16:00:00,2026-01-17 16:00:00,88.886
2026-01-17 16:15:00,2026-01-17 16:15:00,88.877
2026-01-17 16:30:00,2026-01-17 16:30:00,88.865
2026-01-17 16:45:00,2026-01-17 16:45:00,88.867
2026-01-17 17:00:00,2026-01-17 17:00:00,88.871
2026-01-17 17:15:00,2026-01-17 17:15:00,88.874
2026-01-17 17:30:00,2026-01-17 17:30:00,88.874
2026-01-17 17:45:00,2026-01-17 17:45:00,88.874
2026-01-17 18:00:00,2026-01-17 18:00:00,88.869
2026-01-17 18:15:00,2026-01-17 18:15:00,88.874
2026-01-17 18:30:00,2026-01-17 18:30:00,88.873
2026-01-17 18:45:00,2026-01-17 18:45:00,88.867
2026-01-17 19:00:00,2026-01-17 19:00:00,88.857
2026-01-17 19:15:00,2026-01-17 19:15:00,88.865
2026-01-17 19:30:00,2026-01-17 19:30:00,88.867
2026-01-17 19:45:00,2026-01-17 19:45:00,88.87
2026-01-17 20:00:00,2026-01-17 20:00:00,88.873
2026-01-17 20:15:00,2026-01-17 20:15:00,88.877
2026-01-17 20:30:00,2026-01-17 20:30:00,88.868
2026-01-17 20:45:00,2026-01-17 20:45:00,88.857
2026-01-17 21:00:00,2026-01-17 21:00:00,88.866
2026-01-17 21:15:00,2026-01-17 21:15:00,88.878
2026-01-17 21:30:00,2026-01-17 21:30:00,88.881
2026-01-17 21:45:00,2026-01-17 21:45:00,88.875
2026-01-17 22:00:00,2026-01-17 22:00:00,88.875
2026-01-17 22:15:00,2026-01-17 22:15:00,88.869
2026-01-17 22:30:00,2026-01-17 22:30:00,88.871
2026-01-17 22:45:00,2026-01-17 22:45:00,88.871
2026-01-17 23:00:00,2026-01-17 23:00:00,88.87
2026-01-17 23:15:00,2026-01-17 23:15:00,88.869
2026-01-17 23:30:00,2026-01-17 23:30:00,88.867
2026-01-17 23:45:00,2026-01-17 23:45:00,88.858
2026-01-18 00:00:00,2026-01-18 00:00:00,88.861
2026-01-18 00:15:00,2026-01-18 00:15:00,88.865
2026-01-18 00:30:00,2026-01-18 00:30:00,88.865
2026-01-18 00:45:00,2026-01-18 00:45:00,88.861
2026-01-18 01:00:00,2026-01-18 01:00:00,88.855
2026-01-18 01:15:00,2026-01-18 01:15:00,88.858
2026-01-18 01:30:00,2026-01-18 01:30:00,88.862
2026-01-18 01:45:00,2026-01-18 01:45:00,88.859
2026-01-18 02:00:00,2026-01-18 02:00:00,88.854
2026-01-18 02:15:00,2026-01-18 02:15:00,88.861
2026-01-18 02:30:00,2026-01-18 02:30:00,88.861
2026-01-18 02:45:00,2026-01-18 02:45:00,88.852
2026-01-18 03:00:00,2026-01-18 03:00:00,88.858
2026-01-18 03:15:00,2026-01-18 03:15:00,88.857
2026-01-18 03:30:00,2026-01-18 03:30:00,88.853
2026-01-18 03:45:00,2026-01-18 03:45:00,88.848
2026-01-18 04:00:00,2026-01-18 04:00:00,88.851
2026-01-18 04:15:00,2026-01-18 04:15:00,88.858
2026-01-18 04:30:00,2026-01-18 04:30:00,88.854
2026-01-18 04:45:00,2026-01-18 04:45:00,88.858
2026-01-18 05:00:00,2026-01-18 05:00:00,88.854
2026-01-18 05:15:00,2026-01-18 05:15:00,88.845
2026-01-18 05:30:00,2026-01-18 05:30:00,88.839
2026-01-18 05:45:00,2026-01-18 05:45:00,88.835
2026-01-18 06:00:00,2026-01-18 06:00:00,88.835
2026-01-18 06:15:00,2026-01-18 06:15:00,88.841
2026-01-18 06:30:00,2026-01-18 06:30:00,88.839
2026-01-18 06:45:00,2026-01-18 06:45:00,88.836
2026-01-18 07:00:00,2026-01-18 07:00:00,88.831
2026-01-18 07:15:00,2026-01-18 07:15:00,88.836
2026-01-18 07:30:00,2026-01-18 07:30:00,88.835
2026-01-18 07:45:00,2026-01-18 07:45:00,88.837
2026-01-18 08:00:00,2026-01-18 08:00:00,88.833
2026-01-18 08:15:00,2026-01-18 08:15:00,88.835
2026-01-18 08:30:00,2026-01-18 08:30:00,88.836
2026-01-18 08:45:00,2026-01-18 08:45:00,88.839
2026-01-18 09:00:00,2026-01-18 09:00:00,88.831
2026-01-18 09:15:00,2026-01-18 09:15:00,88.822
2026-01-18 09:30:00,2026-01-18 09:30:00,88.82
2026-01-18 09:45:00,2026-01-18 09:45:00,88.808
2026-01-18 10:00:00,2026-01-18 10:00:00,88.815
2026-01-18 10:15:00,2026-01-18 10:15:00,88.826
2026-01-18 10:30:00,2026-01-18 10:30:00,88.819
2026-01-18 10:45:00,2026-01-18 10:45:00,88.819
2026-01-18 11:00:00,2026-01-18 11:00:00,88.816
2026-01-18 11:15:00,2026-01-18 11:15:00,88.809
2026-01-18 11:30:00,2026-01-18 11:30:00,88.814
2026-01-18 11:45:00,2026-01-18 11:45:00,88.806
2026-01-18 12:00:00,2026-01-18 12:00:00,88.81
2026-01-18 12:15:00,2026-01-18 12:15:00,88.799
2026-01-18 12:30:00,2026-01-18 12:30:00,88.805
2026-01-18 12:45:00,2026-01-18 12:45:00,88.81
2026-01-18 13:00:00,2026-01-18 13:00:00,88.806
2026-01-18 13:15:00,2026-01-18 13:15:00,88.8
2026-01-18 13:30:00,2026-01-18 13:30:00,88.794
2026-01-18 13:45:00,2026-01-18 13:45:00,88.796
2026-01-18 14:00:00,2026-01-18 14:00:00,88.796
2026-01-18 14:15:00,2026-01-18 14:15:00,88.798
2026-01-18 14:30:00,2026-01-18 14:30:00,88.793
2026-01-18 14:45:00,2026-01-18 14:45:00,88.792
2026-01-18 15:00:00,2026-01-18 15:00:00,88.78
2026-01-18 15:15:00,2026-01-18 15:15:00,88.787
2026-01-18 15:30:00,2026-01-18 15:30:00,88.786
2026-01-18 15:45:00,2026-01-18 15:45:00,88.788
2026-01-18 16:00:00,2026-01-18 16:00:00,88.792
2026-01-18 16:15:00,2026-01-18 16:15:00,88.777
2026-01-18 16:30:00,2026-01-18 16:30:00,88.779
2026-01-18 16:45:00,2026-01-18 16:45:00,88.781
2026-01-18 17:00:00,2026-01-18 17:00:00,88.78
2026-01-18 17:15:00,2026-01-18 17:15:00,88.778
2026-01-18 17:30:00,2026-01-18 17:30:00,88.775
2026-01-18 17:45:00,2026-01-18 17:45:00,88.781
2026-01-18 18:00:00,2026-01-18 18:00:00,88.783
2026-01-18 18:15:00,2026-01-18 18:15:00,88.783
2026-01-18 18:30:00,2026-01-18 18:30:00,88.779
2026-01-18 18:45:00,2026-01-18 18:45:00,88.783
2026-01-18 19:00:00,2026-01-18 19:00:00,88.787
2026-01-18 19:15:00,2026-01-18 19:15:00,88.784
2026-01-18 19:30:00,2026-01-18 19:30:00,88.794
2026-01-18 19:45:00,2026-01-18 19:45:00,88.788
2026-01-18 20:00:00,2026-01-18 20:00:00,88.785
2026-01-18 20:15:00,2026-01-18 20:15:00,88.78
2026-01-18 20:30:00,2026-01-18 20:30:00,88.782
2026-01-18 20:45:00,2026-01-18 20:45:00,88.787
2026-01-18 21:00:00,2026-01-18 21:00:00,88.793
2026-01-18 21:15:00,2026-01-18 21:15:00,88.795
2026-01-18 21:30:00,2026-01-18 21:30:00,88.793
2026-01-18 21:45:00,2026-01-18 21:45:00,88.795
2026-01-18 22:00:00,2026-01-18 22:00:00,88.795
2026-01-18 22:15:00,2026-01-18 22:15:00,88.786
2026-01-18 22:30:00,2026-01-18 22:30:00,88.791
2026-01-18 22:45:00,2026-01-18 22:45:00,88.784
2026-01-18 23:00:00,2026-01-18 23:00:00,88.784
2026-01-18 23:15:00,2026-01-18 23:15:00,88.787
2026-01-18 23:30:00,2026-01-18 23:30:00,88.793
2026-01-18 23:45:00,2026-01-18 23:45:00,88.786
2026-01-19 00:00:00,2026-01-19 00:00:00,88.786
2026-01-19 00:15:00,2026-01-19 00:15:00,88.787
2026-01-19 00:30:00,2026-01-19 00:30:00,88.795
2026-01-19 00:45:00,2026-01-19 00:45:00,88.793
2026-01-19 01:00:00,2026-01-19 01:00:00,88.794
2026-01-19 01:15:00,2026-01-19 01:15:00,88.792
2026-01-19 01:30:00,2026-01-19 01:30:00,88.785
2026-01-19 01:45:00,2026-01-19 01:45:00,88.788
2026-01-19 02:00:00,2026-01-19 02:00:00,88.79
2026-01-19 02:15:00,2026-01-19 02:15:00,88.803
2026-01-19 02:30:00,2026-01-19 02:30:00,88.804
2026-01-19 02:45:00,2026-01-19 02:45:00,88.799
2026-01-19 03:00:00,2026-01-19 03:00:00,88.802
2026-01-19 03:15:00,2026-01-19 03:15:00,88.796
2026-01-19 03:30:00,2026-01-19 03:30:00,88.791
2026-01-19 03:45:00,2026-01-19 03:45:00,88.802
2026-01-19 04:00:00,2026-01-19 04:00:00,88.799
2026-01-19 04:15:00,2026-01-19 04:15:00,88.79
2026-01-19 04:30:00,2026-01-19 04:30:00,88.793
2026-01-19 04:45:00,2026-01-19 04:45:00,88.795
2026-01-19 05:00:00,2026-01-19 05:00:00,88.796
2026-01-19 05:15:00,2026-01-19 05:15:00,88.792
2026-01-19 05:30:00,2026-01-19 05:30:00,88.799
2026-01-19 05:45:00,2026-01-19 05:45:00,88.8
2026-01-19 06:00:00,2026-01-19 06:00:00,88.795
2026-01-19 06:15:00,2026-01-19 06:15:00,88.79
2026-01-19 06:30:00,2026-01-19 06:30:00,88.788
2026-01-19 06:45:00,2026-01-19 06:45:00,88.8
2026-01-19 07:00:00,2026-01-19 07:00:00,88.798
2026-01-19 07:15:00,2026-01-19 07:15:00,88.799
2026-01-19 07:30:00,2026-01-19 07:30:00,88.792
2026-01-19 07:45:00,2026-01-19 07:45:00,88.791
2026-01-19 08:00:00,2026-01-19 08:00:00,88.79
2026-01-19 08:15:00,2026-01-19 08:15:00,88.779
2026-01-19 08:30:00,2026-01-19 08:30:00,88.79
2026-01-19 08:45:00,2026-01-19 08:45:00,88.794
2026-01-19 09:00:00,2026-01-19 09:00:00,88.794
2026-01-19 09:15:00,2026-01-19 09:15:00,88.777
2026-01-19 09:30:00,2026-01-19 09:30:00,88.777
2026-01-19 09:45:00,2026-01-19 09:45:00,88.795
2026-01-19 10:00:00,2026-01-19 10:00:00,88.801
2026-01-19 10:15:00,2026-01-19 10:15:00,88.796
2026-01-19 10:30:00,2026-01-19 10:30:00,88.795
2026-01-19 10:45:00,2026-01-19 10:45:00,88.785
2026-01-19 11:00:00,2026-01-19 11:00:00,88.78
2026-01-19 11:15:00,2026-01-19 11:15:00,88.788
2026-01-19 11:30:00,2026-01-19 11:30:00,88.793
2026-01-19 11:45:00,2026-01-19 11:45:00,88.785
2026-01-19 12:00:00,2026-01-19 12:00:00,88.791
2026-01-19 12:15:00,2026-01-19 12:15:00,88.784
2026-01-19 12:30:00,2026-01-19 12:30:00,88.791
2026-01-19 12:45:00,2026-01-19 12:45:00,88.774
2026-01-19 13:00:00,2026-01-19 13:00:00,88.777
2026-01-19 13:15:00,2026-01-19 13:15:00,88.777
2026-01-19 13:30:00,2026-01-19 13:30:00,88.791
2026-01-19 13:45:00,2026-01-19 13:45:00,88.792
2026-01-19 14:00:00,2026-01-19 14:00:00,88.792
2026-01-19 14:15:00,2026-01-19 14:15:00,88.782
2026-01-19 14:30:00,2026-01-19 14:30:00,88.789
2026-01-19 14:45:00,2026-01-19 14:45:00,88.782
2026-01-19 15:00:00,2026-01-19 15:00:00,88.779
2026-01-19 15:15:00,2026-01-19 15:15:00,88.793
2026-01-19 15:30:00,2026-01-19 15:30:00,88.789
2026-01-19 15:45:00,2026-01-19 15:45:00,88.789
2026-01-19 16:00:00,2026-01-19 16:00:00,88.788
2026-01-19 16:15:00,2026-01-19 16:15:00,88.785
2026-01-19 16:30:00,2026-01-19 16:30:00,88.788
2026-01-19 16:45:00,2026-01-19 16:45:00,88.781
2026-01-19 17:00:00,2026-01-19 17:00:00,88.775
2026-01-19 17:15:00,2026-01-19 17:15:00,88.787
2026-01-19 17:30:00,2026-01-19 17:30:00,88.793
2026-01-19 17:45:00,2026-01-19 17:45:00,88.79
2026-01-19 18:00:00,2026-01-19 18:00:00,88.788
2026-01-19 18:15:00,2026-01-19 18:15:00,88.786
2026-01-19 18:30:00,2026-01-19 18:30:00,88.783
2026-01-19 18:45:00,2026-01-19 18:45:00,88.788
2026-01-19 19:00:00,2026-01-19 19:00:00,88.792
2026-01-19 19:15:00,2026-01-19 19:15:00,88.791
2026-01-19 19:30:00,2026-01-19 19:30:00,88.791
2026-01-19 19:45:00,2026-01-19 19:45:00,88.794
2026-01-19 20:00:00,2026-01-19 20:00:00,88.796
2026-01-19 20:15:00,2026-01-19 20:15:00,88.802
2026-01-19 20:30:00,2026-01-19 20:30:00,88.805
2026-01-19 20:45:00,2026-01-19 20:45:00,88.789
2026-01-19 21:00:00,2026-01-19 21:00:00,88.792
2026-01-19 21:15:00,2026-01-19 21:15:00,88.798
2026-01-19 21:30:00,2026-01-19 21:30:00,88.802
2026-01-19 21:45:00,2026-01-19 21:45:00,88.807
2026-01-19 22:00:00,2026-01-19 22:00:00,88.806
2026-01-19 22:15:00,2026-01-19 22:15:00,88.793
2026-01-19 22:30:00,2026-01-19 22:30:00,88.795
2026-01-19 22:45:00,2026-01-19 22:45:00,88.803
2026-01-19 23:00:00,2026-01-19 23:00:00,88.801
2026-01-19 23:15:00,2026-01-19 23:15:00,88.8
2026-01-19 23:30:00,2026-01-19 23:30:00,88.8
2026-01-19 23:45:00,2026-01-19 23:45:00,88.799
2026-01-20 00:00:00,2026-01-20 00:00:00,88.801
2026-01-20 00:15:00,2026-01-20 00:15:00,88.806
2026-01-20 00:30:00,2026-01-20 00:30:00,88.804
2026-01-20 00:45:00,2026-01-20 00:45:00,88.809
2026-01-20 01:00:00,2026-01-20 01:00:00,88.81
2026-01-20 01:15:00,2026-01-20 01:15:00,88.803
2026-01-20 01:30:00,2026-01-20 01:30:00,88.803
2026-01-20 01:45:00,2026-01-20 01:45:00,88.798
2026-01-20 02:00:00,2026-01-20 02:00:00,88.803
2026-01-20 02:15:00,2026-01-20 02:15:00,88.809
2026-01-20 02:30:00,2026-01-20 02:30:00,88.811
2026-01-20 02:45:00,2026-01-20 02:45:00,88.806
2026-01-20 03:00:00,2026-01-20 03:00:00,88.805
2026-01-20 03:15:00,2026-01-20 03:15:00,88.81
2026-01-20 03:30:00,2026-01-20 03:30:00,88.808
2026-01-20 03:45:00,2026-01-20 03:45:00,88.809
2026-01-20 04:00:00,2026-01-20 04:00:00,88.81
2026-01-20 04:15:00,2026-01-20 04:15:00,88.81
2026-01-20 04:30:00,2026-01-20 04:30:00,88.806
2026-01-20 04:45:00,2026-01-20 04:45:00,88.815
2026-01-20 05:00:00,2026-01-20 05:00:00,88.816
2026-01-20 05:15:00,2026-01-20 05:15:00,88.81
2026-01-20 05:30:00,2026-01-20 05:30:00,88.808
2026-01-20 05:45:00,2026-01-20 05:45:00,88.814
2026-01-20 06:00:00,2026-01-20 06:00:00,88.816
2026-01-20 06:15:00,2026-01-20 06:15:00,88.82
2026-01-20 06:30:00,2026-01-20 06:30:00,88.816
2026-01-20 06:45:00,2026-01-20 06:45:00,88.824
2026-01-20 07:00:00,2026-01-20 07:00:00,88.829
2026-01-20 07:15:00,2026-01-20 07:15:00,88.821
2026-01-20 07:30:00,2026-01-20 07:30:00,88.821
2026-01-20 07:45:00,2026-01-20 07:45:00,88.816
2026-01-20 08:00:00,2026-01-20 08:00:00,88.821
2026-01-20 08:15:00,2026-01-20 08:15:00,88.831
2026-01-20 08:30:00,2026-01-20 08:30:00,88.823
2026-01-20 08:45:00,2026-01-20 08:45:00,88.824
2026-01-20 09:00:00,2026-01-20 09:00:00,88.817
2026-01-20 09:15:00,2026-01-20 09:15:00,88.825
2026-01-20 09:30:00,2026-01-20 09:30:00,88.818
2026-01-20 09:45:00,2026-01-20 09:45:00,88.815
2026-01-20 10:00:00,2026-01-20 10:00:00,88.812
2026-01-20 10:15:00,2026-01-20 10:15:00,88.821
2026-01-20 10:30:00,2026-01-20 10:30:00,88.814
2026-01-20 10:45:00,2026-01-20 10:45:00,88.822
2026-01-20 11:00:00,2026-01-20 11:00:00,88.824
2026-01-20 11:15:00,2026-01-20 11:15:00,88.825
2026-01-20 11:30:00,2026-01-20 11:30:00,88.819
2026-01-20 11:45:00,2026-01-20 11:45:00,88.818
2026-01-20 12:00:00,2026-01-20 12:00:00,88.818
2026-01-20 12:15:00,2026-01-20 12:15:00,88.808
2026-01-20 12:30:00,2026-01-20 12:30:00,88.811
2026-01-20 12:45:00,2026-01-20 12:45:00,88.819
2026-01-20 13:00:00,2026-01-20 13:00:00,88.819
2026-01-20 13:15:00,2026-01-20 13:15:00,88.816
2026-01-20 13:30:00,2026-01-20 13:30:00,88.811
2026-01-20 13:45:00,2026-01-20 13:45:00,88.805
2026-01-20 14:00:00,2026-01-20 14:00:00,88.808
2026-01-20 14:15:00,2026-01-20 14:15:00,88.807
2026-01-20 14:30:00,2026-01-20 14:30:00,88.806
2026-01-20 14:45:00,2026-01-20 14:45:00,88.804
2026-01-20 15:00:00,2026-01-20 15:00:00,88.803
2026-01-20 15:15:00,2026-01-20 15:15:00,88.806
2026-01-20 15:30:00,2026-01-20 15:30:00,88.802
2026-01-20 15:45:00,2026-01-20 15:45:00,88.807
2026-01-20 16:00:00,2026-01-20 16:00:00,88.811
2026-01-20 16:15:00,2026-01-20 16:15:00,88.81
2026-01-20 16:30:00,2026-01-20 16:30:00,88.81
2026-01-20 16:45:00,2026-01-20 16:45:00,88.804
2026-01-20 17:00:00,2026-01-20 17:00:00,88.807
2026-01-20 17:15:00,2026-01-20 17:15:00,88.803
2026-01-20 17:30:00,2026-01-20 17:30:00,88.81
2026-01-20 17:45:00,2026-01-20 17:45:00,88.806
2026-01-20 18:00:00,2026-01-20 18:00:00,88.805
2026-01-20 18:15:00,2026-01-20 18:15:00,88.807
2026-01-20 18:30:00,2026-01-20 18:30:00,88.815
2026-01-20 18:45:00,2026-01-20 18:45:00,88.808
2026-01-20 19:00:00,2026-01-20 19:00:00,88.811
2026-01-20 19:15:00,2026-01-20 19:15:00,88.811
2026-01-20 19:30:00,2026-01-20 19:30:00,88.811
2026-01-20 19:45:00,2026-01-20 19:45:00,88.817
2026-01-20 20:00:00,2026-01-20 20:00:00,88.817
2026-01-20 20:15:00,2026-01-20 20:15:00,88.813
2026-01-20 20:30:00,2026-01-20 20:30:00,88.813
2026-01-20 20:45:00,2026-01-20 20:45:00,88.822
2026-01-20 21:00:00,2026-01-20 21:00:00,88.819
2026-01-20 21:15:00,2026-01-20 21:15:00,88.814
2026-01-20 21:30:00,2026-01-20 21:30:00,88.818
2026-01-20 21:45:00,2026-01-20 21:45:00,88.821
2026-01-20 22:00:00,2026-01-20 22:00:00,88.818
2026-01-20 22:15:00,2026-01-20 22:15:00,88.823
2026-01-20 22:30:00,2026-01-20 22:30:00,88.827
2026-01-20 22:45:00,2026-01-20 22:45:00,88.819
2026-01-20 23:00:00,2026-01-20 23:00:00,88.82
2026-01-20 23:15:00,2026-01-20 23:15:00,88.82
2026-01-20 23:30:00,2026-01-20 23:30:00,88.823
2026-01-20 23:45:00,2026-01-20 23:45:00,88.82
2026-01-21 00:00:00,2026-01-21 00:00:00,88.82
2026-01-21 00:15:00,2026-01-21 00:15:00,88.826
2026-01-21 00:30:00,2026-01-21 00:30:00,88.823
2026-01-21 00:45:00,2026-01-21 00:45:00,88.826
2026-01-21 01:00:00,2026-01-21 01:00:00,88.82
2026-01-21 01:15:00,2026-01-21 01:15:00,88.817
2026-01-21 01:30:00,2026-01-21 01:30:00,88.817
2026-01-21 01:45:00,2026-01-21 01:45:00,88.828
2026-01-21 02:00:00,2026-01-21 02:00:00,88.829
2026-01-21 02:15:00,2026-01-21 02:15:00,88.824
2026-01-21 02:30:00,2026-01-21 02:30:00,88.829
2026-01-21 02:45:00,2026-01-21 02:45:00,88.831
2026-01-21 03:00:00,2026-01-21 03:00:00,88.837
2026-01-21 03:15:00,2026-01-21 03:15:00,88.839
2026-01-21 03:30:00,2026-01-21 03:30:00,88.841
2026-01-21 03:45:00,2026-01-21 03:45:00,88.824
2026-01-21 04:00:00,2026-01-21 04:00:00,88.825
2026-01-21 04:15:00,2026-01-21 04:15:00,88.833
2026-01-21 04:30:00,2026-01-21 04:30:00,88.829
2026-01-21 04:45:00,2026-01-21 04:45:00,88.823
2026-01-21 05:00:00,2026-01-21 05:00:00,88.82
2026-01-21 05:15:00,2026-01-21 05:15:00,88.824
2026-01-21 05:30:00,2026-01-21 05:30:00,88.825
2026-01-21 05:45:00,2026-01-21 05:45:00,88.825
2026-01-21 06:00:00,2026-01-21 06:00:00,88.83
2026-01-21 06:15:00,2026-01-21 06:15:00,88.827
2026-01-21 06:30:00,2026-01-21 06:30:00,88.818
2026-01-21 06:45:00,2026-01-21 06:45:00,88.819
2026-01-21 07:00:00,2026-01-21 07:00:00,88.818
2026-01-21 07:15:00,2026-01-21 07:15:00,88.825
2026-01-21 07:30:00,2026-01-21 07:30:00,88.819
2026-01-21 07:45:00,2026-01-21 07:45:00,88.829
2026-01-21 08:00:00,2026-01-21 08:00:00,88.829
2026-01-21 08:15:00,2026-01-21 08:15:00,88.828
2026-01-21 08:30:00,2026-01-21 08:30:00,88.826
2026-01-21 08:45:00,2026-01-21 08:45:00,88.827
2026-01-21 09:00:00,2026-01-21 09:00:00,88.818
2026-01-21 09:15:00,2026-01-21 09:15:00,88.807
2026-01-21 09:30:00,2026-01-21 09:30:00,88.817
2026-01-21 09:45:00,2026-01-21 09:45:00,88.828
2026-01-21 10:00:00,2026-01-21 10:00:00,88.824
2026-01-21 10:15:00,2026-01-21 10:15:00,88.817
2026-01-21 10:30:00,2026-01-21 10:30:00,88.81
2026-01-21 10:45:00,2026-01-21 10:45:00,88.807
2026-01-21 11:00:00,2026-01-21 11:00:00,88.81
2026-01-21 11:15:00,2026-01-21 11:15:00,88.815
2026-01-21 11:30:00,2026-01-21 11:30:00,88.818
2026-01-21 11:45:00,2026-01-21 11:45:00,88.811
2026-01-21 12:00:00,2026-01-21 12:00:00,88.806
2026-01-21 12:15:00,2026-01-21 12:15:00,88.811
2026-01-21 12:30:00,2026-01-21 12:30:00,88.81
2026-01-21 12:45:00,2026-01-21 12:45:00,88.814
2026-01-21 13:00:00,2026-01-21 13:00:00,88.806
2026-01-21 13:15:00,2026-01-21 13:15:00,88.807
2026-01-21 13:30:00,2026-01-21 13:30:00,88.785
2026-01-21 13:45:00,2026-01-21 13:45:00,88.788
2026-01-21 14:00:00,2026-01-21 14:00:00,88.787
2026-01-21 14:15:00,2026-01-21 14:15:00,88.793
2026-01-21 14:30:00,2026-01-21 14:30:00,88.79
2026-01-21 14:45:00,2026-01-21 14:45:00,88.792
2026-01-21 15:00:00,2026-01-21 15:00:00,88.794
2026-01-21 15:15:00,2026-01-21 15:15:00,88.796
2026-01-21 15:30:00,2026-01-21 15:30:00,88.79
2026-01-21 15:45:00,2026-01-21 15:45:00,88.793
2026-01-21 16:00:00,2026-01-21 16:00:00,88.794
2026-01-21 16:15:00,2026-01-21 16:15:00,88.795
2026-01-21 16:30:00,2026-01-21 16:30:00,88.793
2026-01-21 16:45:00,2026-01-21 16:45:00,88.792
2026-01-21 17:00:00,2026-01-21 17:00:00,88.795
2026-01-21 17:15:00,2026-01-21 17:15:00,88.794
2026-01-21 17:30:00,2026-01-21 17:30:00,88.797
2026-01-21 17:45:00,2026-01-21 17:45:00,88.79
2026-01-21 18:00:00,2026-01-21 18:00:00,88.789
2026-01-21 18:15:00,2026-01-21 18:15:00,88.797
2026-01-21 18:30:00,2026-01-21 18:30:00,88.801
2026-01-21 18:45:00,2026-01-21 18:45:00,88.793
2026-01-21 19:00:00,2026-01-21 19:00:00,88.793
2026-01-21 19:15:00,2026-01-21 19:15:00,88.791
2026-01-21 19:30:00,2026-01-21 19:30:00,88.794
2026-01-21 19:45:00,2026-01-21 19:45:00,88.791
2026-01-21 20:00:00,2026-01-21 20:00:00,88.792
2026-01-21 20:15:00,2026-01-21 20:15:00,88.793
2026-01-21 20:30:00,2026-01-21 20:30:00,88.792
2026-01-21 20:45:00,2026-01-21 20:45:00,88.787
2026-01-21 21:00:00,2026-01-21 21:00:00,88.79
2026-01-21 21:15:00,2026-01-21 21:15:00,88.795
2026-01-21 21:30:00,2026-01-21 21:30:00,88.802
2026-01-21 21:45:00,2026-01-21 21:45:00,88.8
2026-01-21 22:00:00,2026-01-21 22:00:00,88.8
2026-01-21 22:15:00,2026-01-21 22:15:00,88.796
2026-01-21 22:30:00,2026-01-21 22:30:00,88.794
2026-01-21 22:45:00,2026-01-21 22:45:00,88.797
2026-01-21 23:00:00,2026-01-21 23:00:00,88.8
2026-01-21 23:15:00,2026-01-21 23:15:00,88.796
2026-01-21 23:30:00,2026-01-21 23:30:00,88.798
2026-01-21 23:45:00,2026-01-21 23:45:00,88.8
2026-01-22 00:00:00,2026-01-22 00:00:00,88.798
2026-01-22 00:15:00,2026-01-22 00:15:00,88.796
2026-01-22 00:30:00,2026-01-22 00:30:00,88.801
2026-01-22 00:45:00,2026-01-22 00:45:00,88.8
2026-01-22 01:00:00,2026-01-22 01:00:00,88.798
2026-01-22 01:15:00,2026-01-22 01:15:00,88.807
2026-01-22 01:30:00,2026-01-22 01:30:00,88.808
2026-01-22 01:45:00,2026-01-22 01:45:00,88.802
2026-01-22 02:00:00,2026-01-22 02:00:00,88.806
2026-01-22 02:15:00,2026-01-22 02:15:00,88.806
2026-01-22 02:30:00,2026-01-22 02:30:00,88.803
2026-01-22 02:45:00,2026-01-22 02:45:00,88.802
2026-01-22 03:00:00,2026-01-22 03:00:00,88.806
2026-01-22 03:15:00,2026-01-22 03:15:00,88.806
2026-01-22 03:30:00,2026-01-22 03:30:00,88.804
2026-01-22 03:45:00,2026-01-22 03:45:00,88.799
2026-01-22 04:00:00,2026-01-22 04:00:00,88.807
2026-01-22 04:15:00,2026-01-22 04:15:00,88.798
2026-01-22 04:30:00,2026-01-22 04:30:00,88.796
2026-01-22 04:45:00,2026-01-22 04:45:00,88.789
2026-01-22 05:00:00,2026-01-22 05:00:00,88.797
2026-01-22 05:15:00,2026-01-22 05:15:00,88.806
2026-01-22 05:30:00,2026-01-22 05:30:00,88.807
2026-01-22 05:45:00,2026-01-22 05:45:00,88.803
2026-01-22 06:00:00,2026-01-22 06:00:00,88.796
2026-01-22 06:15:00,2026-01-22 06:15:00,88.796
2026-01-22 06:30:00,2026-01-22 06:30:00,88.79
2026-01-22 06:45:00,2026-01-22 06:45:00,88.802
2026-01-22 07:00:00,2026-01-22 07:00:00,88.799
2026-01-22 07:15:00,2026-01-22 07:15:00,88.8
2026-01-22 07:30:00,2026-01-22 07:30:00,88.805
2026-01-22 07:45:00,2026-01-22 07:45:00,88.8
2026-01-22 08:00:00,2026-01-22 08:00:00,88.792
2026-01-22 08:15:00,2026-01-22 08:15:00,88.792
2026-01-22 08:30:00,2026-01-22 08:30:00,88.793
2026-01-22 08:45:00,2026-01-22 08:45:00,88.789
2026-01-22 09:00:00,2026-01-22 09:00:00,88.792
2026-01-22 09:15:00,2026-01-22 09:15:00,88.786
2026-01-22 09:30:00,2026-01-22 09:30:00,88.786
2026-01-22 09:45:00,2026-01-22 09:45:00,88.793
2026-01-22 10:00:00,2026-01-22 10:00:00,88.788
2026-01-22 10:15:00,2026-01-22 10:15:00,88.78
2026-01-22 10:30:00,2026-01-22 10:30:00,88.782
2026-01-22 10:45:00,2026-01-22 10:45:00,88.779
2026-01-22 11:00:00,2026-01-22 11:00:00,88.784
2026-01-22 11:15:00,2026-01-22 11:15:00,88.789
2026-01-22 11:30:00,2026-01-22 11:30:00,88.784
2026-01-22 11:45:00,2026-01-22 11:45:00,88.782
2026-01-22 12:00:00,2026-01-22 12:00:00,88.782
2026-01-22 12:15:00,2026-01-22 12:15:00,88.784
2026-01-22 12:30:00,2026-01-22 12:30:00,88.782
2026-01-22 12:45:00,2026-01-22 12:45:00,88.782
2026-01-22 13:00:00,2026-01-22 13:00:00,88.783
2026-01-22 13:15:00,2026-01-22 13:15:00,88.789
2026-01-22 13:30:00,2026-01-22 13:30:00,88.786
2026-01-22 13:45:00,2026-01-22 13:45:00,88.787
2026-01-22 14:00:00,2026-01-22 14:00:00,88.788
2026-01-22 14:15:00,2026-01-22 14:15:00,88.778
2026-01-22 14:30:00,2026-01-22 14:30:00,88.777
2026-01-22 14:45:00,2026-01-22 14:45:00,88.775
2026-01-22 15:00:00,2026-01-22 15:00:00,88.778
2026-01-22 15:15:00,2026-01-22 15:15:00,88.783
2026-01-22 15:30:00,2026-01-22 15:30:00,88.789
2026-01-22 15:45:00,2026-01-22 15:45:00,88.765
2026-01-22 16:00:00,2026-01-22 16:00:00,88.765
2026-01-22 16:15:00,2026-01-22 16:15:00,88.773
2026-01-22 16:30:00,2026-01-22 16:30:00,88.776
2026-01-22 16:45:00,2026-01-22 16:45:00,88.782
2026-01-22 17:00:00,2026-01-22 17:00:00,88.781
2026-01-22 17:15:00,2026-01-22 17:15:00,88.778
2026-01-22 17:30:00,2026-01-22 17:30:00,88.77
2026-01-22 17:45:00,2026-01-22 17:45:00,88.766
2026-01-22 18:00:00,2026-01-22 18:00:00,88.775
2026-01-22 18:15:00,2026-01-22 18:15:00,88.789
2026-01-22 18:30:00,2026-01-22 18:30:00,88.783
2026-01-22 18:45:00,2026-01-22 18:45:00,88.781
2026-01-22 19:00:00,2026-01-22 19:00:00,88.776
2026-01-22 19:15:00,2026-01-22 19:15:00,88.777
2026-01-22 19:30:00,2026-01-22 19:30:00,88.779
2026-01-22 19:45:00,2026-01-22 19:45:00,88.786
2026-01-22 20:00:00,2026-01-22 20:00:00,88.786
2026-01-22 20:15:00,2026-01-22 20:15:00,88.777
2026-01-22 20:30:00,2026-01-22 20:30:00,88.784
2026-01-22 20:45:00,2026-01-22 20:45:00,88.789
2026-01-22 21:00:00,2026-01-22 21:00:00,88.792
2026-01-22 21:15:00,2026-01-22 21:15:00,88.794
2026-01-22 21:30:00,2026-01-22 21:30:00,88.791
2026-01-22 21:45:00,2026-01-22 21:45:00,88.783
2026-01-22 22:00:00,2026-01-22 22:00:00,88.785
2026-01-22 22:15:00,2026-01-22 22:15:00,88.793
2026-01-22 22:30:00,2026-01-22 22:30:00,88.796
2026-01-22 22:45:00,2026-01-22 22:45:00,88.797
2026-01-22 23:00:00,2026-01-22 23:00:00,88.794
2026-01-22 23:15:00,2026-01-22 23:15:00,88.801
2026-01-22 23:30:00,2026-01-22 23:30:00,88.8
2026-01-22 23:45:00,2026-01-22 23:45:00,88.794
2026-01-23 00:00:00,2026-01-23 00:00:00,88.791
2026-01-23 00:15:00,2026-01-23 00:15:00,88.793
2026-01-23 00:30:00,2026-01-23 00:30:00,88.796
2026-01-23 00:45:00,2026-01-23 00:45:00,88.8
2026-01-23 01:00:00,2026-01-23 01:00:00,88.8
2026-01-23 01:15:00,2026-01-23 01:15:00,88.797
2026-01-23 01:30:00,2026-01-23 01:30:00,88.798
2026-01-23 01:45:00,2026-01-23 01:45:00,88.804
2026-01-23 02:00:00,2026-01-23 02:00:00,88.802
2026-01-23 02:15:00,2026-01-23 02:15:00,88.798
2026-01-23 02:30:00,2026-01-23 02:30:00,88.796
2026-01-23 02:45:00,2026-01-23 02:45:00,88.796
2026-01-23 03:00:00,2026-01-23 03:00:00,88.8
2026-01-23 03:15:00,2026-01-23 03:15:00,88.805
2026-01-23 03:30:00,2026-01-23 03:30:00,88.807
2026-01-23 03:45:00,2026-01-23 03:45:00,88.799
2026-01-23 04:00:00,2026-01-23 04:00:00,88.801
2026-01-23 04:15:00,2026-01-23 04:15:00,88.799
2026-01-23 04:30:00,2026-01-23 04:30:00,88.788
2026-01-23 04:45:00,2026-01-23 04:45:00,88.805
2026-01-23 05:00:00,2026-01-23 05:00:00,88.806
2026-01-23 05:15:00,2026-01-23 05:15:00,88.804
2026-01-23 05:30:00,2026-01-23 05:30:00,88.796
2026-01-23 05:45:00,2026-01-23 05:45:00,88.795
2026-01-23 06:00:00,2026-01-23 06:00:00,88.783
2026-01-23 06:15:00,2026-01-23 06:15:00,88.799
2026-01-23 06:30:00,2026-01-23 06:30:00,88.789
2026-01-23 06:45:00,2026-01-23 06:45:00,88.79
2026-01-23 07:00:00,2026-01-23 07:00:00,88.79
2026-01-23 07:15:00,2026-01-23 07:15:00,88.803
2026-01-23 07:30:00,2026-01-23 07:30:00,88.806
2026-01-23 07:45:00,2026-01-23 07:45:00,88.803
2026-01-23 08:00:00,2026-01-23 08:00:00,88.799
2026-01-23 08:15:00,2026-01-23 08:15:00,88.796
2026-01-23 08:30:00,2026-01-23 08:30:00,88.79
2026-01-23 08:45:00,2026-01-23 08:45:00,88.788
2026-01-23 09:00:00,2026-01-23 09:00:00,88.789
2026-01-23 09:15:00,2026-01-23 09:15:00,88.787
2026-01-23 09:30:00,2026-01-23 09:30:00,88.791
2026-01-23 09:45:00,2026-01-23 09:45:00,88.785
2026-01-23 10:00:00,2026-01-23 10:00:00,88.794
2026-01-23 10:15:00,2026-01-23 10:15:00,88.786
2026-01-23 10:30:00,2026-01-23 10:30:00,88.788
2026-01-23 10:45:00,2026-01-23 10:45:00,88.773
2026-01-23 11:00:00,2026-01-23 11:00:00,88.781
2026-01-23 11:15:00,2026-01-23 11:15:00,88.783
2026-01-23 11:30:00,2026-01-23 11:30:00,88.775
2026-01-23 11:45:00,2026-01-23 11:45:00,88.777
2026-01-23 12:00:00,2026-01-23 12:00:00,88.778
2026-01-23 12:15:00,2026-01-23 12:15:00,88.794
2026-01-23 12:30:00,2026-01-23 12:30:00,88.779
2026-01-23 12:45:00,2026-01-23 12:45:00,88.788
2026-01-23 13:00:00,2026-01-23 13:00:00,88.789
2026-01-23 13:15:00,2026-01-23 13:15:00,88.784
2026-01-23 13:30:00,2026-01-23 13:30:00,88.782
2026-01-23 13:45:00,2026-01-23 13:45:00,88.788
2026-01-23 14:00:00,2026-01-23 14:00:00,88.791
2026-01-23 14:15:00,2026-01-23 14:15:00,88.776
2026-01-23 14:30:00,2026-01-23 14:30:00,88.773
2026-01-23 14:45:00,2026-01-23 14:45:00,88.763
2026-01-23 15:00:00,2026-01-23 15:00:00,88.765
2026-01-23 15:15:00,2026-01-23 15:15:00,88.779
2026-01-23 15:30:00,2026-01-23 15:30:00,88.775
2026-01-23 15:45:00,2026-01-23 15:45:00,88.771
2026-01-23 16:00:00,2026-01-23 16:00:00,88.768
2026-01-23 16:15:00,2026-01-23 16:15:00,88.774
2026-01-23 16:30:00,2026-01-23 16:30:00,88.759
2026-01-23 16:45:00,2026-01-23 16:45:00,88.769
2026-01-23 17:00:00,2026-01-23 17:00:00,88.771
2026-01-23 17:15:00,2026-01-23 17:15:00,88.772
2026-01-23 17:30:00,2026-01-23 17:30:00,88.77
2026-01-23 17:45:00,2026-01-23 17:45:00,88.774
2026-01-23 18:00:00,2026-01-23 18:00:00,88.771
2026-01-23 18:15:00,2026-01-23 18:15:00,88.77
2026-01-23 18:30:00,2026-01-23 18:30:00,88.764
2026-01-23 18:45:00,2026-01-23 18:45:00,88.771
2026-01-23 19:00:00,2026-01-23 19:00:00,88.772
2026-01-23 19:15:00,2026-01-23 19:15:00,88.774
2026-01-23 19:30:00,2026-01-23 19:30:00,88.778
2026-01-23 19:45:00,2026-01-23 19:45:00,88.777
2026-01-23 20:00:00,2026-01-23 20:00:00,88.778
2026-01-23 20:15:00,2026-01-23 20:15:00,88.773
2026-01-23 20:30:00,2026-01-23 20:30:00,88.768
2026-01-23 20:45:00,2026-01-23 20:45:00,88.767
2026-01-23 21:00:00,2026-01-23 21:00:00,88.776
2026-01-23 21:15:00,2026-01-23 21:15:00,88.779
2026-01-23 21:30:00,2026-01-23 21:30:00,88.779
2026-01-23 21:45:00,2026-01-23 21:45:00,88.781
2026-01-23 22:00:00,2026-01-23 22:00:00,88.783
2026-01-23 22:15:00,2026-01-23 22:15:00,88.767
2026-01-23 22:30:00,2026-01-23 22:30:00,88.771
2026-01-23 22:45:00,2026-01-23 22:45:00,88.775
2026-01-23 23:00:00,2026-01-23 23:00:00,88.777
2026-01-23 23:15:00,2026-01-23 23:15:00,88.781
2026-01-23 23:30:00,2026-01-23 23:30:00,88.776
2026-01-23 23:45:00,2026-01-23 23:45:00,88.786
2026-01-24 00:00:00,2026-01-24 00:00:00,88.785
2026-01-24 00:15:00,2026-01-24 00:15:00,88.781
2026-01-24 00:30:00,2026-01-24 00:30:00,88.779
2026-01-24 00:45:00,2026-01-24 00:45:00,88.779
2026-01-24 01:00:00,2026-01-24 01:00:00,88.778
2026-01-24 01:15:00,2026-01-24 01:15:00,88.781
2026-01-24 01:30:00,2026-01-24 01:30:00,88.778
2026-01-24 01:45:00,2026-01-24 01:45:00,88.771
2026-01-24 02:00:00,2026-01-24 02:00:00,88.775
2026-01-24 02:15:00,2026-01-24 02:15:00,88.776
2026-01-24 02:30:00,2026-01-24 02:30:00,88.778
2026-01-24 02:45:00,2026-01-24 02:45:00,88.774
2026-01-24 03:00:00,2026-01-24 03:00:00,88.775
2026-01-24 03:15:00,2026-01-24 03:15:00,88.771
2026-01-24 03:30:00,2026-01-24 03:30:00,88.77
2026-01-24 03:45:00,2026-01-24 03:45:00,88.773
2026-01-24 04:00:00,2026-01-24 04:00:00,88.781
2026-01-24 04:15:00,2026-01-24 04:15:00,88.781
2026-01-24 04:30:00,2026-01-24 04:30:00,88.774
2026-01-24 04:45:00,2026-01-24 04:45:00,88.777
2026-01-24 05:00:00,2026-01-24 05:00:00,88.771
2026-01-24 05:15:00,2026-01-24 05:15:00,88.774
2026-01-24 05:30:00,2026-01-24 05:30:00,88.772
2026-01-24 05:45:00,2026-01-24 05:45:00,88.78
2026-01-24 06:00:00,2026-01-24 06:00:00,88.778
2026-01-24 06:15:00,2026-01-24 06:15:00,88.776
2026-01-24 06:30:00,2026-01-24 06:30:00,88.768
2026-01-24 06:45:00,2026-01-24 06:45:00,88.773
2026-01-24 07:00:00,2026-01-24 07:00:00,88.773
2026-01-24 07:15:00,2026-01-24 07:15:00,88.769
2026-01-24 07:30:00,2026-01-24 07:30:00,88.77
2026-01-24 07:45:00,2026-01-24 07:45:00,88.779
2026-01-24 08:00:00,2026-01-24 08:00:00,88.774
2026-01-24 08:15:00,2026-01-24 08:15:00,88.771
2026-01-24 08:30:00,2026-01-24 08:30:00,88.77
2026-01-24 08:45:00,2026-01-24 08:45:00,88.765
2026-01-24 09:00:00,2026-01-24 09:00:00,88.767
2026-01-24 09:15:00,2026-01-24 09:15:00,88.754
2026-01-24 09:30:00,2026-01-24 09:30:00,88.751
2026-01-24 09:45:00,2026-01-24 09:45:00,88.756
2026-01-24 10:00:00,2026-01-24 10:00:00,88.769
2026-01-24 10:15:00,2026-01-24 10:15:00,88.769
2026-01-24 10:30:00,2026-01-24 10:30:00,88.761
2026-01-24 10:45:00,2026-01-24 10:45:00,88.749
2026-01-24 11:00:00,2026-01-24 11:00:00,88.739
2026-01-24 11:15:00,2026-01-24 11:15:00,88.752
2026-01-24 11:30:00,2026-01-24 11:30:00,88.748
2026-01-24 11:45:00,2026-01-24 11:45:00,88.761
2026-01-24 12:00:00,2026-01-24 12:00:00,88.766
2026-01-24 12:15:00,2026-01-24 12:15:00,88.741
2026-01-24 12:30:00,2026-01-24 12:30:00,88.74
2026-01-24 12:45:00,2026-01-24 12:45:00,88.753
2026-01-24 13:00:00,2026-01-24 13:00:00,88.753
2026-01-24 13:15:00,2026-01-24 13:15:00,88.75
2026-01-24 13:30:00,2026-01-24 13:30:00,88.748
2026-01-24 13:45:00,2026-01-24 13:45:00,88.755
2026-01-24 14:00:00,2026-01-24 14:00:00,88.749
2026-01-24 14:15:00,2026-01-24 14:15:00,88.739
2026-01-24 14:30:00,2026-01-24 14:30:00,88.735
2026-01-24 14:45:00,2026-01-24 14:45:00,88.732
2026-01-24 15:00:00,2026-01-24 15:00:00,88.733
2026-01-24 15:15:00,2026-01-24 15:15:00,88.743
2026-01-24 15:30:00,2026-01-24 15:30:00,88.741
2026-01-24 15:45:00,2026-01-24 15:45:00,88.727
2026-01-24 16:00:00,2026-01-24 16:00:00,88.731
2026-01-24 16:15:00,2026-01-24 16:15:00,88.745
2026-01-24 16:30:00,2026-01-24 16:30:00,88.74
2026-01-24 16:45:00,2026-01-24 16:45:00,88.73
2026-01-24 17:00:00,2026-01-24 17:00:00,88.73
2026-01-24 17:15:00,2026-01-24 17:15:00,88.736
2026-01-24 17:30:00,2026-01-24 17:30:00,88.748
2026-01-24 17:45:00,2026-01-24 17:45:00,88.734
2026-01-24 18:00:00,2026-01-24 18:00:00,88.737
2026-01-24 18:15:00,2026-01-24 18:15:00,88.741
2026-01-24 18:30:00,2026-01-24 18:30:00,88.732
2026-01-24 18:45:00,2026-01-24 18:45:00,88.735
2026-01-24 19:00:00,2026-01-24 19:00:00,88.731
2026-01-24 19:15:00,2026-01-24 19:15:00,88.734
2026-01-24 19:30:00,2026-01-24 19:30:00,88.735
2026-01-24 19:45:00,2026-01-24 19:45:00,88.746
2026-01-24 20:00:00,2026-01-24 20:00:00,88.746
2026-01-24 20:15:00,2026-01-24 20:15:00,88.735
2026-01-24 20:30:00,2026-01-24 20:30:00,88.731
2026-01-24 20:45:00,2026-01-24 20:45:00,88.724
2026-01-24 21:00:00,2026-01-24 21:00:00,88.733
2026-01-24 21:15:00,2026-01-24 21:15:00,88.747
2026-01-24 21:30:00,2026-01-24 21:30:00,88.751
2026-01-24 21:45:00,2026-01-24 21:45:00,88.747
2026-01-24 22:00:00,2026-01-24 22:00:00,88.747
2026-01-24 22:15:00,2026-01-24 22:15:00,88.74
2026-01-24 22:30:00,2026-01-24 22:30:00,88.739
2026-01-24 22:45:00,2026-01-24 22:45:00,88.739
2026-01-24 23:00:00,2026-01-24 23:00:00,88.739
2026-01-24 23:15:00,2026-01-24 23:15:00,88.736
2026-01-24 23:30:00,2026-01-24 23:30:00,88.739
2026-01-24 23:45:00,2026-01-24 23:45:00,88.747
2026-01-25 00:00:00,2026-01-25 00:00:00,88.74
2026-01-25 00:15:00,2026-01-25 00:15:00,88.738
2026-01-25 00:30:00,2026-01-25 00:30:00,88.742
2026-01-25 00:45:00,2026-01-25 00:45:00,88.741
2026-01-25 01:00:00,2026-01-25 01:00:00,88.739
2026-01-25 01:15:00,2026-01-25 01:15:00,88.742
2026-01-25 01:30:00,2026-01-25 01:30:00,88.742
2026-01-25 01:45:00,2026-01-25 01:45:00,88.741
2026-01-25 02:00:00,2026-01-25 02:00:00,88.743
2026-01-25 02:15:00,2026-01-25 02:15:00,88.741
2026-01-25 02:30:00,2026-01-25 02:30:00,88.742
2026-01-25 02:45:00,2026-01-25 02:45:00,88.747
2026-01-25 03:00:00,2026-01-25 03:00:00,88.746
2026-01-25 03:15:00,2026-01-25 03:15:00,88.749
2026-01-25 03:30:00,2026-01-25 03:30:00,88.749
2026-01-25 03:45:00,2026-01-25 03:45:00,88.755
2026-01-25 04:00:00,2026-01-25 04:00:00,88.756
2026-01-25 04:15:00,2026-01-25 04:15:00,88.743
2026-01-25 04:30:00,2026-01-25 04:30:00,88.746
2026-01-25 04:45:00,2026-01-25 04:45:00,88.744
2026-01-25 05:00:00,2026-01-25 05:00:00,88.739
2026-01-25 05:15:00,2026-01-25 05:15:00,88.739
2026-01-25 05:30:00,2026-01-25 05:30:00,88.74
2026-01-25 05:45:00,2026-01-25 05:45:00,88.749
2026-01-25 06:00:00,2026-01-25 06:00:00,88.747
2026-01-25 06:15:00,2026-01-25 06:15:00,88.746
2026-01-25 06:30:00,2026-01-25 06:30:00,88.736
2026-01-25 06:45:00,2026-01-25 06:45:00,88.73
2026-01-25 07:00:00,2026-01-25 07:00:00,88.725
2026-01-25 07:15:00,2026-01-25 07:15:00,88.737
2026-01-25 07:30:00,2026-01-25 07:30:00,88.745
2026-01-25 07:45:00,2026-01-25 07:45:00,88.735
2026-01-25 08:00:00,2026-01-25 08:00:00,88.735
2026-01-25 08:15:00,2026-01-25 08:15:00,88.728
2026-01-25 08:30:00,2026-01-25 08:30:00,88.72
2026-01-25 08:45:00,2026-01-25 08:45:00,88.732
2026-01-25 09:00:00,2026-01-25 09:00:00,88.734
2026-01-25 09:15:00,2026-01-25 09:15:00,88.722
2026-01-25 09:30:00,2026-01-25 09:30:00,88.72
2026-01-25 09:45:00,2026-01-25 09:45:00,88.719
2026-01-25 10:00:00,2026-01-25 10:00:00,88.716
2026-01-25 10:15:00,2026-01-25 10:15:00,88.716
2026-01-25 10:30:00,2026-01-25 10:30:00,88.716
2026-01-25 10:45:00,2026-01-25 10:45:00,88.72
2026-01-25 11:00:00,2026-01-25 11:00:00,88.724
2026-01-25 11:15:00,2026-01-25 11:15:00,88.709
2026-01-25 11:30:00,2026-01-25 11:30:00,88.709
2026-01-25 11:45:00,2026-01-25 11:45:00,88.718
2026-01-25 12:00:00,2026-01-25 12:00:00,88.715
2026-01-25 12:15:00,2026-01-25 12:15:00,88.711
2026-01-25 12:30:00,2026-01-25 12:30:00,88.707
2026-01-25 12:45:00,2026-01-25 12:45:00,88.718
2026-01-25 13:00:00,2026-01-25 13:00:00,88.718
2026-01-25 13:15:00,2026-01-25 13:15:00,88.706
2026-01-25 13:30:00,2026-01-25 13:30:00,88.703
2026-01-25 13:45:00,2026-01-25 13:45:00,88.712
2026-01-25 14:00:00,2026-01-25 14:00:00,88.717
2026-01-25 14:15:00,2026-01-25 14:15:00,88.701
2026-01-25 14:30:00,2026-01-25 14:30:00,88.703
2026-01-25 14:45:00,2026-01-25 14:45:00,88.699
2026-01-25 15:00:00,2026-01-25 15:00:00,88.701
2026-01-25 15:15:00,2026-01-25 15:15:00,88.696
2026-01-25 15:30:00,2026-01-25 15:30:00,88.7
2026-01-25 15:45:00,2026-01-25 15:45:00,88.705
2026-01-25 16:00:00,2026-01-25 16:00:00,88.712
2026-01-25 16:15:00,2026-01-25 16:15:00,88.697
2026-01-25 16:30:00,2026-01-25 16:30:00,88.69
2026-01-25 16:45:00,2026-01-25 16:45:00,88.7
2026-01-25 17:00:00,2026-01-25 17:00:00,88.704
2026-01-25 17:15:00,2026-01-25 17:15:00,88.7
2026-01-25 17:30:00,2026-01-25 17:30:00,88.694
2026-01-25 17:45:00,2026-01-25 17:45:00,88.696
2026-01-25 18:00:00,2026-01-25 18:00:00,88.693
2026-01-25 18:15:00,2026-01-25 18:15:00,88.692
2026-01-25 18:30:00,2026-01-25 18:30:00,88.683
2026-01-25 18:45:00,2026-01-25 18:45:00,88.694
2026-01-25 19:00:00,2026-01-25 19:00:00,88.692
2026-01-25 19:15:00,2026-01-25 19:15:00,88.697
2026-01-25 19:30:00,2026-01-25 19:30:00,88.699
2026-01-25 19:45:00,2026-01-25 19:45:00,88.705
2026-01-25 20:00:00,2026-01-25 20:00:00,88.706
2026-01-25 20:15:00,2026-01-25 20:15:00,88.698
2026-01-25 20:30:00,2026-01-25 20:30:00,88.696
2026-01-25 20:45:00,2026-01-25 20:45:00,88.7
2026-01-25 21:00:00,2026-01-25 21:00:00,88.704
2026-01-25 21:15:00,2026-01-25 21:15:00,88.706
2026-01-25 21:30:00,2026-01-25 21:30:00,88.709
2026-01-25 21:45:00,2026-01-25 21:45:00,88.705
2026-01-25 22:00:00,2026-01-25 22:00:00,88.704
2026-01-25 22:15:00,2026-01-25 22:15:00,88.703
2026-01-25 22:30:00,2026-01-25 22:30:00,88.697
2026-01-25 22:45:00,2026-01-25 22:45:00,88.703
2026-01-25 23:00:00,2026-01-25 23:00:00,88.703
2026-01-25 23:15:00,2026-01-25 23:15:00,88.7
2026-01-25 23:30:00,2026-01-25 23:30:00,88.703
2026-01-25 23:45:00,2026-01-25 23:45:00,88.705
2026-01-26 00:00:00,2026-01-26 00:00:00,88.704
2026-01-26 00:15:00,2026-01-26 00:15:00,88.701
2026-01-26 00:30:00,2026-01-26 00:30:00,88.701
2026-01-26 00:45:00,2026-01-26 00:45:00,88.71
2026-01-26 01:00:00,2026-01-26 01:00:00,88.711
2026-01-26 01:15:00,2026-01-26 01:15:00,88.709
2026-01-26 01:30:00,2026-01-26 01:30:00,88.71
2026-01-26 01:45:00,2026-01-26 01:45:00,88.707
2026-01-26 02:00:00,2026-01-26 02:00:00,88.706
2026-01-26 02:15:00,2026-01-26 02:15:00,88.713
2026-01-26 02:30:00,2026-01-26 02:30:00,88.714
2026-01-26 02:45:00,2026-01-26 02:45:00,88.714
2026-01-26 03:00:00,2026-01-26 03:00:00,88.712
2026-01-26 03:15:00,2026-01-26 03:15:00,88.706
2026-01-26 03:30:00,2026-01-26 03:30:00,88.707
2026-01-26 03:45:00,2026-01-26 03:45:00,88.709
2026-01-26 04:00:00,2026-01-26 04:00:00,88.707
2026-01-26 04:15:00,2026-01-26 04:15:00,88.699
2026-01-26 04:30:00,2026-01-26 04:30:00,88.7
2026-01-26 04:45:00,2026-01-26 04:45:00,88.702
2026-01-26 05:00:00,2026-01-26 05:00:00,88.707
2026-01-26 05:15:00,2026-01-26 05:15:00,88.695
2026-01-26 05:30:00,2026-01-26 05:30:00,88.691
2026-01-26 05:45:00,2026-01-26 05:45:00,88.696
2026-01-26 06:00:00,2026-01-26 06:00:00,88.7
2026-01-26 06:15:00,2026-01-26 06:15:00,88.701
2026-01-26 06:30:00,2026-01-26 06:30:00,88.694
2026-01-26 06:45:00,2026-01-26 06:45:00,88.688
2026-01-26 07:00:00,2026-01-26 07:00:00,88.688
2026-01-26 07:15:00,2026-01-26 07:15:00,88.699
2026-01-26 07:30:00,2026-01-26 07:30:00,88.697
2026-01-26 07:45:00,2026-01-26 07:45:00,88.697
2026-01-26 08:00:00,2026-01-26 08:00:00,88.699
2026-01-26 08:15:00,2026-01-26 08:15:00,88.698
2026-01-26 08:30:00,2026-01-26 08:30:00,88.695
2026-01-26 08:45:00,2026-01-26 08:45:00,88.686
2026-01-26 09:00:00,2026-01-26 09:00:00,88.684
2026-01-26 09:15:00,2026-01-26 09:15:00,88.689
2026-01-26 09:30:00,2026-01-26 09:30:00,88.696
2026-01-26 09:45:00,2026-01-26 09:45:00,88.694
2026-01-26 10:00:00,2026-01-26 10:00:00,88.698
2026-01-26 10:15:00,2026-01-26 10:15:00,88.683
2026-01-26 10:30:00,2026-01-26 10:30:00,88.686
2026-01-26 10:45:00,2026-01-26 10:45:00,88.68
2026-01-26 11:00:00,2026-01-26 11:00:00,88.674
2026-01-26 11:15:00,2026-01-26 11:15:00,88.67
2026-01-26 11:30:00,2026-01-26 11:30:00,88.669
2026-01-26 11:45:00,2026-01-26 11:45:00,88.685
2026-01-26 12:00:00,2026-01-26 12:00:00,88.689
2026-01-26 12:15:00,2026-01-26 12:15:00,88.691
2026-01-26 12:30:00,2026-01-26 12:30:00,88.685
2026-01-26 12:45:00,2026-01-26 12:45:00,88.679
2026-01-26 13:00:00,2026-01-26 13:00:00,88.689
2026-01-26 13:15:00,2026-01-26 13:15:00,88.674
2026-01-26 13:30:00,2026-01-26 13:30:00,88.67
2026-01-26 13:45:00,2026-01-26 13:45:00,88.678
2026-01-26 14:00:00,2026-01-26 14:00:00,88.684
2026-01-26 14:15:00,2026-01-26 14:15:00,88.68
2026-01-26 14:30:00,2026-01-26 14:30:00,88.691
2026-01-26 14:45:00,2026-01-26 14:45:00,88.69
2026-01-26 15:00:00,2026-01-26 15:00:00,88.683
2026-01-26 15:15:00,2026-01-26 15:15:00,88.671
2026-01-26 15:30:00,2026-01-26 15:30:00,88.674
2026-01-26 15:45:00,2026-01-26 15:45:00,88.682
2026-01-26 16:00:00,2026-01-26 16:00:00,88.68
2026-01-26 16:15:00,2026-01-26 16:15:00,88.669
2026-01-26 16:30:00,2026-01-26 16:30:00,88.668
2026-01-26 16:45:00,2026-01-26 16:45:00,88.681
2026-01-26 17:00:00,2026-01-26 17:00:00,88.679
2026-01-26 17:15:00,2026-01-26 17:15:00,88.674
2026-01-26 17:30:00,2026-01-26 17:30:00,88.669
2026-01-26 17:45:00,2026-01-26 17:45:00,88.674
2026-01-26 18:00:00,2026-01-26 18:00:00,88.68
2026-01-26 18:15:00,2026-01-26 18:15:00,88.685
2026-01-26 18:30:00,2026-01-26 18:30:00,88.688
2026-01-26 18:45:00,2026-01-26 18:45:00,88.679
2026-01-26 19:00:00,2026-01-26 19:00:00,88.686
2026-01-26 19:15:00,2026-01-26 19:15:00,88.685
2026-01-26 19:30:00,2026-01-26 19:30:00,88.688
2026-01-26 19:45:00,2026-01-26 19:45:00,88.695
2026-01-26 20:00:00,2026-01-26 20:00:00,88.686
2026-01-26 20:15:00,2026-01-26 20:15:00,88.691
2026-01-26 20:30:00,2026-01-26 20:30:00,88.683
2026-01-26 20:45:00,2026-01-26 20:45:00,88.696
2026-01-26 21:00:00,2026-01-26 21:00:00,88.695
2026-01-26 21:15:00,2026-01-26 21:15:00,88.702
2026-01-26 21:30:00,2026-01-26 21:30:00,88.699
2026-01-26 21:45:00,2026-01-26 21:45:00,88.696
2026-01-26 22:00:00,2026-01-26 22:00:00,88.695
2026-01-26 22:15:00,2026-01-26 22:15:00,88.696
2026-01-26 22:30:00,2026-01-26 22:30:00,88.697
2026-01-26 22:45:00,2026-01-26 22:45:00,88.7
2026-01-26 23:00:00,2026-01-26 23:00:00,88.703
2026-01-26 23:15:00,2026-01-26 23:15:00,88.701
2026-01-26 23:30:00,2026-01-26 23:30:00,88.703
2026-01-26 23:45:00,2026-01-26 23:45:00,88.701
2026-01-27 00:00:00,2026-01-27 00:00:00,88.7
2026-01-27 00:15:00,2026-01-27 00:15:00,88.702
2026-01-27 00:30:00,2026-01-27 00:30:00,88.704
2026-01-27 00:45:00,2026-01-27 00:45:00,88.705
2026-01-27 01:00:00,2026-01-27 01:00:00,88.704
2026-01-27 01:15:00,2026-01-27 01:15:00,88.698
2026-01-27 01:30:00,2026-01-27 01:30:00,88.703
2026-01-27 01:45:00,2026-01-27 01:45:00,88.706
2026-01-27 02:00:00,2026-01-27 02:00:00,88.706
2026-01-27 02:15:00,2026-01-27 02:15:00,88.708
2026-01-27 02:30:00,2026-01-27 02:30:00,88.711
2026-01-27 02:45:00,2026-01-27 02:45:00,88.706
2026-01-27 03:00:00,2026-01-27 03:00:00,88.708
2026-01-27 03:15:00,2026-01-27 03:15:00,88.71
2026-01-27 03:30:00,2026-01-27 03:30:00,88.703
2026-01-27 03:45:00,2026-01-27 03:45:00,88.71
2026-01-27 04:00:00,2026-01-27 04:00:00,88.716
2026-01-27 04:15:00,2026-01-27 04:15:00,88.715
2026-01-27 04:30:00,2026-01-27 04:30:00,88.714
2026-01-27 04:45:00,2026-01-27 04:45:00,88.713
2026-01-27 05:00:00,2026-01-27 05:00:00,88.712
2026-01-27 05:15:00,2026-01-27 05:15:00,88.713
2026-01-27 05:30:00,2026-01-27 05:30:00,88.712
2026-01-27 05:45:00,2026-01-27 05:45:00,88.713
2026-01-27 06:00:00,2026-01-27 06:00:00,88.71
2026-01-27 06:15:00,2026-01-27 06:15:00,88.706
2026-01-27 06:30:00,2026-01-27 06:30:00,88.707
2026-01-27 06:45:00,2026-01-27 06:45:00,88.705
2026-01-27 07:00:00,2026-01-27 07:00:00,88.7
2026-01-27 07:15:00,2026-01-27 07:15:00,88.693
2026-01-27 07:30:00,2026-01-27 07:30:00,88.693
2026-01-27 07:45:00,2026-01-27 07:45:00,88.706
2026-01-27 08:00:00,2026-01-27 08:00:00,88.701
2026-01-27 08:15:00,2026-01-27 08:15:00,88.698
2026-01-27 08:30:00,2026-01-27 08:30:00,88.696
2026-01-27 08:45:00,2026-01-27 08:45:00,88.691
2026-01-27 09:00:00,2026-01-27 09:00:00,88.696
2026-01-27 09:15:00,2026-01-27 09:15:00,88.693
2026-01-27 09:30:00,2026-01-27 09:30:00,88.69
2026-01-27 09:45:00,2026-01-27 09:45:00,88.689
2026-01-27 10:00:00,2026-01-27 10:00:00,88.69
2026-01-27 10:15:00,2026-01-27 10:15:00,88.692
2026-01-27 10:30:00,2026-01-27 10:30:00,88.689
2026-01-27 10:45:00,2026-01-27 10:45:00,88.689
2026-01-27 11:00:00,2026-01-27 11:00:00,88.691
2026-01-27 11:15:00,2026-01-27 11:15:00,88.688
2026-01-27 11:30:00,2026-01-27 11:30:00,88.683
2026-01-27 11:45:00,2026-01-27 11:45:00,88.677
2026-01-27 12:00:00,2026-01-27 12:00:00,88.687
2026-01-27 12:15:00,2026-01-27 12:15:00,88.675
2026-01-27 12:30:00,2026-01-27 12:30:00,88.674
2026-01-27 12:45:00,2026-01-27 12:45:00,88.681
2026-01-27 13:00:00,2026-01-27 13:00:00,88.675
2026-01-27 13:15:00,2026-01-27 13:15:00,88.684
2026-01-27 13:30:00,2026-01-27 13:30:00,88.679
2026-01-27 13:45:00,2026-01-27 13:45:00,88.683
2026-01-27 14:00:00,2026-01-27 14:00:00,88.674
2026-01-27 14:15:00,2026-01-27 14:15:00,88.674
2026-01-27 14:30:00,2026-01-27 14:30:00,88.677
2026-01-27 14:45:00,2026-01-27 14:45:00,88.67
2026-01-27 15:00:00,2026-01-27 15:00:00,88.671
2026-01-27 15:15:00,2026-01-27 15:15:00,88.679
2026-01-27 15:30:00,2026-01-27 15:30:00,88.673
2026-01-27 15:45:00,2026-01-27 15:45:00,88.661
2026-01-27 16:00:00,2026-01-27 16:00:00,88.664
2026-01-27 16:15:00,2026-01-27 16:15:00,88.666
2026-01-27 16:30:00,2026-01-27 16:30:00,88.664
2026-01-27 16:45:00,2026-01-27 16:45:00,88.673
2026-01-27 17:00:00,2026-01-27 17:00:00,88.664
2026-01-27 17:15:00,2026-01-27 17:15:00,88.667
2026-01-27 17:30:00,2026-01-27 17:30:00,88.673
2026-01-27 17:45:00,2026-01-27 17:45:00,88.675
2026-01-27 18:00:00,2026-01-27 18:00:00,88.674
2026-01-27 18:15:00,2026-01-27 18:15:00,88.665
2026-01-27 18:30:00,2026-01-27 18:30:00,88.663
2026-01-27 18:45:00,2026-01-27 18:45:00,88.67
2026-01-27 19:00:00,2026-01-27 19:00:00,88.669
2026-01-27 19:15:00,2026-01-27 19:15:00,88.675
2026-01-27 19:30:00,2026-01-27 19:30:00,88.669
2026-01-27 19:45:00,2026-01-27 19:45:00,88.676
2026-01-27 20:00:00,2026-01-27 20:00:00,88.679
2026-01-27 20:15:00,2026-01-27 20:15:00,88.677
2026-01-27 20:30:00,2026-01-27 20:30:00,88.675
2026-01-27 20:45:00,2026-01-27 20:45:00,88.676
2026-01-27 21:00:00,2026-01-27 21:00:00,88.671
2026-01-27 21:15:00,2026-01-27 21:15:00,88.673
2026-01-27 21:30:00,2026-01-27 21:30:00,88.675
2026-01-27 21:45:00,2026-01-27 21:45:00,88.678
2026-01-27 22:00:00,2026-01-27 22:00:00,88.676
2026-01-27 22:15:00,2026-01-27 22:15:00,88.677
2026-01-27 22:30:00,2026-01-27 22:30:00,88.675
2026-01-27 22:45:00,2026-01-27 22:45:00,88.675
2026-01-27 23:00:00,2026-01-27 23:00:00,88.672
2026-01-27 23:15:00,2026-01-27 23:15:00,88.667
2026-01-27 23:30:00,2026-01-27 23:30:00,88.669
2026-01-27 23:45:00,2026-01-27 23:45:00,88.68
2026-01-28 00:00:00,2026-01-28 00:00:00,88.681
2026-01-28 00:15:00,2026-01-28 00:15:00,88.68
2026-01-28 00:30:00,2026-01-28 00:30:00,88.675
2026-01-28 00:45:00,2026-01-28 00:45:00,88.674
2026-01-28 01:00:00,2026-01-28 01:00:00,88.672
2026-01-28 01:15:00,2026-01-28 01:15:00,88.676
2026-01-28 01:30:00,2026-01-28 01:30:00,88.673
2026-01-28 01:45:00,2026-01-28 01:45:00,88.679
2026-01-28 02:00:00,2026-01-28 02:00:00,88.678
2026-01-28 02:15:00,2026-01-28 02:15:00,88.675
2026-01-28 02:30:00,2026-01-28 02:30:00,88.676
2026-01-28 02:45:00,2026-01-28 02:45:00,88.677
2026-01-28 03:00:00,2026-01-28 03:00:00,88.679
2026-01-28 03:15:00,2026-01-28 03:15:00,88.679
2026-01-28 03:30:00,2026-01-28 03:30:00,88.678
2026-01-28 03:45:00,2026-01-28 03:45:00,88.681
2026-01-28 04:00:00,2026-01-28 04:00:00,88.678
2026-01-28 04:15:00,2026-01-28 04:15:00,88.679
2026-01-28 04:30:00,2026-01-28 04:30:00,88.676
2026-01-28 04:45:00,2026-01-28 04:45:00,88.68
2026-01-28 05:00:00,2026-01-28 05:00:00,88.684
2026-01-28 05:15:00,2026-01-28 05:15:00,88.668
2026-01-28 05:30:00,2026-01-28 05:30:00,88.664
2026-01-28 05:45:00,2026-01-28 05:45:00,88.67
2026-01-28 06:00:00,2026-01-28 06:00:00,88.668
2026-01-28 06:15:00,2026-01-28 06:15:00,88.676
2026-01-28 06:30:00,2026-01-28 06:30:00,88.673
2026-01-28 06:45:00,2026-01-28 06:45:00,88.672
2026-01-28 07:00:00,2026-01-28 07:00:00,88.67
2026-01-28 07:15:00,2026-01-28 07:15:00,88.664
2026-01-28 07:30:00,2026-01-28 07:30:00,88.66
2026-01-28 07:45:00,2026-01-28 07:45:00,88.681
2026-01-28 08:00:00,2026-01-28 08:00:00,88.678
2026-01-28 08:15:00,2026-01-28 08:15:00,88.67
2026-01-28 08:30:00,2026-01-28 08:30:00,88.673
2026-01-28 08:45:00,2026-01-28 08:45:00,88.678
2026-01-28 09:00:00,2026-01-28 09:00:00,88.671
2026-01-28 09:15:00,2026-01-28 09:15:00,88.639
2026-01-28 09:30:00,2026-01-28 09:30:00,88.642
2026-01-28 09:45:00,2026-01-28 09:45:00,88.659
2026-01-28 10:00:00,2026-01-28 10:00:00,88.659
2026-01-28 10:15:00,2026-01-28 10:15:00,88.659
2026-01-28 10:30:00,2026-01-28 10:30:00,88.661
2026-01-28 10:45:00,2026-01-28 10:45:00,88.66
2026-01-28 11:00:00,2026-01-28 11:00:00,88.654
2026-01-28 11:15:00,2026-01-28 11:15:00,88.658
2026-01-28 11:30:00,2026-01-28 11:30:00,88.658
2026-01-28 11:45:00,2026-01-28 11:45:00,88.65
2026-01-28 12:00:00,2026-01-28 12:00:00,88.652
2026-01-28 12:15:00,2026-01-28 12:15:00,88.661
2026-01-28 12:30:00,2026-01-28 12:30:00,88.661
2026-01-28 12:45:00,2026-01-28 12:45:00,88.665
2026-01-28 13:00:00,2026-01-28 13:00:00,88.653
2026-01-28 13:15:00,2026-01-28 13:15:00,88.637
2026-01-28 13:30:00,2026-01-28 13:30:00,88.635
2026-01-28 13:45:00,2026-01-28 13:45:00,88.65
2026-01-28 14:00:00,2026-01-28 14:00:00,88.654
2026-01-28 14:15:00,2026-01-28 14:15:00,88.653
2026-01-28 14:30:00,2026-01-28 14:30:00,88.654
2026-01-28 14:45:00,2026-01-28 14:45:00,88.657
2026-01-28 15:00:00,2026-01-28 15:00:00,88.654
2026-01-28 15:15:00,2026-01-28 15:15:00,88.643
2026-01-28 15:30:00,2026-01-28 15:30:00,88.644
2026-01-28 15:45:00,2026-01-28 15:45:00,88.653
2026-01-28 16:00:00,2026-01-28 16:00:00,88.653
2026-01-28 16:15:00,2026-01-28 16:15:00,88.653
2026-01-28 16:30:00,2026-01-28 16:30:00,88.654
2026-01-28 16:45:00,2026-01-28 16:45:00,88.651
2026-01-28 17:00:00,2026-01-28 17:00:00,88.648
2026-01-28 17:15:00,2026-01-28 17:15:00,88.651
2026-01-28 17:30:00,2026-01-28 17:30:00,88.649
2026-01-28 17:45:00,2026-01-28 17:45:00,88.653
2026-01-28 18:00:00,2026-01-28 18:00:00,88.647
2026-01-28 18:15:00,2026-01-28 18:15:00,88.646
2026-01-28 18:30:00,2026-01-28 18:30:00,88.646
2026-01-28 18:45:00,2026-01-28 18:45:00,88.651
2026-01-28 19:00:00,2026-01-28 19:00:00,88.649
2026-01-28 19:15:00,2026-01-28 19:15:00,88.645
2026-01-28 19:30:00,2026-01-28 19:30:00,88.647
2026-01-28 19:45:00,2026-01-28 19:45:00,88.655
2026-01-28 20:00:00,2026-01-28 20:00:00,88.659
2026-01-28 20:15:00,2026-01-28 20:15:00,88.653
2026-01-28 20:30:00,2026-01-28 20:30:00,88.654
2026-01-28 20:45:00,2026-01-28 20:45:00,88.653
2026-01-28 21:00:00,2026-01-28 21:00:00,88.649
2026-01-28 21:15:00,2026-01-28 21:15:00,88.654
2026-01-28 21:30:00,2026-01-28 21:30:00,88.653
2026-01-28 21:45:00,2026-01-28 21:45:00,88.654
2026-01-28 22:00:00,2026-01-28 22:00:00,88.659
2026-01-28 22:15:00,2026-01-28 22:15:00,88.66
2026-01-28 22:30:00,2026-01-28 22:30:00,88.659
2026-01-28 22:45:00,2026-01-28 22:45:00,88.657
2026-01-28 23:00:00,2026-01-28 23:00:00,88.653
2026-01-28 23:15:00,2026-01-28 23:15:00,88.656
2026-01-28 23:30:00,2026-01-28 23:30:00,88.658
2026-01-28 23:45:00,2026-01-28 23:45:00,88.654
2026-01-29 00:00:00,2026-01-29 00:00:00,88.656
2026-01-29 00:15:00,2026-01-29 00:15:00,88.658
2026-01-29 00:30:00,2026-01-29 00:30:00,88.659
2026-01-29 00:45:00,2026-01-29 00:45:00,88.652
2026-01-29 01:00:00,2026-01-29 01:00:00,88.653
2026-01-29 01:15:00,2026-01-29 01:15:00,88.659
2026-01-29 01:30:00,2026-01-29 01:30:00,88.658
2026-01-29 01:45:00,2026-01-29 01:45:00,88.661
2026-01-29 02:00:00,2026-01-29 02:00:00,88.663
2026-01-29 02:15:00,2026-01-29 02:15:00,88.665
2026-01-29 02:30:00,2026-01-29 02:30:00,88.664
2026-01-29 02:45:00,2026-01-29 02:45:00,88.664
2026-01-29 03:00:00,2026-01-29 03:00:00,88.662
2026-01-29 03:15:00,2026-01-29 03:15:00,88.663
2026-01-29 03:30:00,2026-01-29 03:30:00,88.659
2026-01-29 03:45:00,2026-01-29 03:45:00,88.66
2026-01-29 04:00:00,2026-01-29 04:00:00,88.661
2026-01-29 04:15:00,2026-01-29 04:15:00,88.658
2026-01-29 04:30:00,2026-01-29 04:30:00,88.652
2026-01-29 04:45:00,2026-01-29 04:45:00,88.654
2026-01-29 05:00:00,2026-01-29 05:00:00,88.659
2026-01-29 05:15:00,2026-01-29 05:15:00,88.657
2026-01-29 05:30:00,2026-01-29 05:30:00,88.665
2026-01-29 05:45:00,2026-01-29 05:45:00,88.646
2026-01-29 06:00:00,2026-01-29 06:00:00,88.644
2026-01-29 06:15:00,2026-01-29 06:15:00,88.651
2026-01-29 06:30:00,2026-01-29 06:30:00,88.654
2026-01-29 06:45:00,2026-01-29 06:45:00,88.651
2026-01-29 07:00:00,2026-01-29 07:00:00,88.655
2026-01-29 07:15:00,2026-01-29 07:15:00,88.655
2026-01-29 07:30:00,2026-01-29 07:30:00,88.649
2026-01-29 07:45:00,2026-01-29 07:45:00,88.645
2026-01-29 08:00:00,2026-01-29 08:00:00,88.641
2026-01-29 08:15:00,2026-01-29 08:15:00,88.64
2026-01-29 08:30:00,2026-01-29 08:30:00,88.643
2026-01-29 08:45:00,2026-01-29 08:45:00,88.657
2026-01-29 09:00:00,2026-01-29 09:00:00,88.661
2026-01-29 09:15:00,2026-01-29 09:15:00,88.646
2026-01-29 09:30:00,2026-01-29 09:30:00,88.64
2026-01-29 09:45:00,2026-01-29 09:45:00,88.635
2026-01-29 10:00:00,2026-01-29 10:00:00,88.639
2026-01-29 10:15:00,2026-01-29 10:15:00,88.635
2026-01-29 10:30:00,2026-01-29 10:30:00,88.634
2026-01-29 10:45:00,2026-01-29 10:45:00,88.632
2026-01-29 11:00:00,2026-01-29 11:00:00,88.631
2026-01-29 11:15:00,2026-01-29 11:15:00,88.618
2026-01-29 11:30:00,2026-01-29 11:30:00,88.614
2026-01-29 11:45:00,2026-01-29 11:45:00,88.62
2026-01-29 12:00:00,2026-01-29 12:00:00,88.619
2026-01-29 12:15:00,2026-01-29 12:15:00,88.621
2026-01-29 12:30:00,2026-01-29 12:30:00,88.63
2026-01-29 12:45:00,2026-01-29 12:45:00,88.621
2026-01-29 13:00:00,2026-01-29 13:00:00,88.625
2026-01-29 13:15:00,2026-01-29 13:15:00,88.614
2026-01-29 13:30:00,2026-01-29 13:30:00,88.616
2026-01-29 13:45:00,2026-01-29 13:45:00,88.626
2026-01-29 14:00:00,2026-01-29 14:00:00,88.629
2026-01-29 14:15:00,2026-01-29 14:15:00,88.631
2026-01-29 14:30:00,2026-01-29 14:30:00,88.627
2026-01-29 14:45:00,2026-01-29 14:45:00,88.622
2026-01-29 15:00:00,2026-01-29 15:00:00,88.627
2026-01-29 15:15:00,2026-01-29 15:15:00,88.622
2026-01-29 15:30:00,2026-01-29 15:30:00,88.624
2026-01-29 15:45:00,2026-01-29 15:45:00,88.622
2026-01-29 16:00:00,2026-01-29 16:00:00,88.62
2026-01-29 16:15:00,2026-01-29 16:15:00,88.608
2026-01-29 16:30:00,2026-01-29 16:30:00,88.603
2026-01-29 16:45:00,2026-01-29 16:45:00,88.617
2026-01-29 17:00:00,2026-01-29 17:00:00,88.622
2026-01-29 17:15:00,2026-01-29 17:15:00,88.632
2026-01-29 17:30:00,2026-01-29 17:30:00,88.629
2026-01-29 17:45:00,2026-01-29 17:45:00,88.613
2026-01-29 18:00:00,2026-01-29 18:00:00,88.604
2026-01-29 18:15:00,2026-01-29 18:15:00,88.612
2026-01-29 18:30:00,2026-01-29 18:30:00,88.612
2026-01-29 18:45:00,2026-01-29 18:45:00,88.618
2026-01-29 19:00:00,2026-01-29 19:00:00,88.615
2026-01-29 19:15:00,2026-01-29 19:15:00,88.623
2026-01-29 19:30:00,2026-01-29 19:30:00,88.619
2026-01-29 19:45:00,2026-01-29 19:45:00,88.623
2026-01-29 20:00:00,2026-01-29 20:00:00,88.62
2026-01-29 20:15:00,2026-01-29 20:15:00,88.619
2026-01-29 20:30:00,2026-01-29 20:30:00,88.619
2026-01-29 20:45:00,2026-01-29 20:45:00,88.617
2026-01-29 21:00:00,2026-01-29 21:00:00,88.62
2026-01-29 21:15:00,2026-01-29 21:15:00,88.626
2026-01-29 21:30:00,2026-01-29 21:30:00,88.628
2026-01-29 21:45:00,2026-01-29 21:45:00,88.621
2026-01-29 22:00:00,2026-01-29 22:00:00,88.621
2026-01-29 22:15:00,2026-01-29 22:15:00,88.621
2026-01-29 22:30:00,2026-01-29 22:30:00,88.618
2026-01-29 22:45:00,2026-01-29 22:45:00,88.617
2026-01-29 23:00:00,2026-01-29 23:00:00,88.616
2026-01-29 23:15:00,2026-01-29 23:15:00,88.627
2026-01-29 23:30:00,2026-01-29 23:30:00,88.626
2026-01-29 23:45:00,2026-01-29 23:45:00,88.624
2026-01-30 00:00:00,2026-01-30 00:00:00,88.62
2026-01-30 00:15:00,2026-01-30 00:15:00,88.621
2026-01-30 00:30:00,2026-01-30 00:30:00,88.624
2026-01-30 00:45:00,2026-01-30 00:45:00,88.631
2026-01-30 01:00:00,2026-01-30 01:00:00,88.628
2026-01-30 01:15:00,2026-01-30 01:15:00,88.627
2026-01-30 01:30:00,2026-01-30 01:30:00,88.623
2026-01-30 01:45:00,2026-01-30 01:45:00,88.624
2026-01-30 02:00:00,2026-01-30 02:00:00,88.623
2026-01-30 02:15:00,2026-01-30 02:15:00,88.626
2026-01-30 02:30:00,2026-01-30 02:30:00,88.624
2026-01-30 02:45:00,2026-01-30 02:45:00,88.625
2026-01-30 03:00:00,2026-01-30 03:00:00,88.624
2026-01-30 03:15:00,2026-01-30 03:15:00,88.622
2026-01-30 03:30:00,2026-01-30 03:30:00,88.622
2026-01-30 03:45:00,2026-01-30 03:45:00,88.621
2026-01-30 04:00:00,2026-01-30 04:00:00,88.625
2026-01-30 04:15:00,2026-01-30 04:15:00,88.621
2026-01-30 04:30:00,2026-01-30 04:30:00,88.618
2026-01-30 04:45:00,2026-01-30 04:45:00,88.612
2026-01-30 05:00:00,2026-01-30 05:00:00,88.611
2026-01-30 05:15:00,2026-01-30 05:15:00,88.616
2026-01-30 05:30:00,2026-01-30 05:30:00,88.617
2026-01-30 05:45:00,2026-01-30 05:45:00,88.613
2026-01-30 06:00:00,2026-01-30 06:00:00,88.618
2026-01-30 06:15:00,2026-01-30 06:15:00,88.618
2026-01-30 06:30:00,2026-01-30 06:30:00,88.618
2026-01-30 06:45:00,2026-01-30 06:45:00,88.612
2026-01-30 07:00:00,2026-01-30 07:00:00,88.614
2026-01-30 07:15:00,2026-01-30 07:15:00,88.62
2026-01-30 07:30:00,2026-01-30 07:30:00,88.617
2026-01-30 07:45:00,2026-01-30 07:45:00,88.61
2026-01-30 08:00:00,2026-01-30 08:00:00,88.611
2026-01-30 08:15:00,2026-01-30 08:15:00,88.603
2026-01-30 08:30:00,2026-01-30 08:30:00,88.614
2026-01-30 08:45:00,2026-01-30 08:45:00,88.618
2026-01-30 09:00:00,2026-01-30 09:00:00,88.619
2026-01-30 09:15:00,2026-01-30 09:15:00,88.605
2026-01-30 09:30:00,2026-01-30 09:30:00,88.605
2026-01-30 09:45:00,2026-01-30 09:45:00,88.597
2026-01-30 10:00:00,2026-01-30 10:00:00,88.594
2026-01-30 10:15:00,2026-01-30 10:15:00,88.599
2026-01-30 10:30:00,2026-01-30 10:30:00,88.612
2026-01-30 10:45:00,2026-01-30 10:45:00,88.598
2026-01-30 11:00:00,2026-01-30 11:00:00,88.588
2026-01-30 11:15:00,2026-01-30 11:15:00,88.586
2026-01-30 11:30:00,2026-01-30 11:30:00,88.579
2026-01-30 11:45:00,2026-01-30 11:45:00,88.584
2026-01-30 12:00:00,2026-01-30 12:00:00,88.588
2026-01-30 12:15:00,2026-01-30 12:15:00,88.582
2026-01-30 12:30:00,2026-01-30 12:30:00,88.582
2026-01-30 12:45:00,2026-01-30 12:45:00,88.583
2026-01-30 13:00:00,2026-01-30 13:00:00,88.576
2026-01-30 13:15:00,2026-01-30 13:15:00,88.574
2026-01-30 13:30:00,2026-01-30 13:30:00,88.58
2026-01-30 13:45:00,2026-01-30 13:45:00,88.579
2026-01-30 14:00:00,2026-01-30 14:00:00,88.579
2026-01-30 14:15:00,2026-01-30 14:15:00,88.577
2026-01-30 14:30:00,2026-01-30 14:30:00,88.584
2026-01-30 14:45:00,2026-01-30 14:45:00,88.595
2026-01-30 15:00:00,2026-01-30 15:00:00,88.59
2026-01-30 15:15:00,2026-01-30 15:15:00,88.575
2026-01-30 15:30:00,2026-01-30 15:30:00,88.576
2026-01-30 15:45:00,2026-01-30 15:45:00,88.586
2026-01-30 16:00:00,2026-01-30 16:00:00,88.586
2026-01-30 16:15:00,2026-01-30 16:15:00,88.576
2026-01-30 16:30:00,2026-01-30 16:30:00,88.574
2026-01-30 16:45:00,2026-01-30 16:45:00,88.571
2026-01-30 17:00:00,2026-01-30 17:00:00,88.576
2026-01-30 17:15:00,2026-01-30 17:15:00,88.575
2026-01-30 17:30:00,2026-01-30 17:30:00,88.571
2026-01-30 17:45:00,2026-01-30 17:45:00,88.571
2026-01-30 18:00:00,2026-01-30 18:00:00,88.568
2026-01-30 18:15:00,2026-01-30 18:15:00,88.575
2026-01-30 18:30:00,2026-01-30 18:30:00,88.578
2026-01-30 18:45:00,2026-01-30 18:45:00,88.58
2026-01-30 19:00:00,2026-01-30 19:00:00,88.577
2026-01-30 19:15:00,2026-01-30 19:15:00,88.578
2026-01-30 19:30:00,2026-01-30 19:30:00,88.585
2026-01-30 19:45:00,2026-01-30 19:45:00,88.588
2026-01-30 20:00:00,2026-01-30 20:00:00,88.591
2026-01-30 20:15:00,2026-01-30 20:15:00,88.585
2026-01-30 20:30:00,2026-01-30 20:30:00,88.584
2026-01-30 20:45:00,2026-01-30 20:45:00,88.58
2026-01-30 21:00:00,2026-01-30 21:00:00,88.58
2026-01-30 21:15:00,2026-01-30 21:15:00,88.581
2026-01-30 21:30:00,2026-01-30 21:30:00,88.58
2026-01-30 21:45:00,2026-01-30 21:45:00,88.578
2026-01-30 22:00:00,2026-01-30 22:00:00,88.578
2026-01-30 22:15:00,2026-01-30 22:15:00,88.585
2026-01-30 22:30:00,2026-01-30 22:30:00,88.585
2026-01-30 22:45:00,2026-01-30 22:45:00,88.579
2026-01-30 23:00:00,2026-01-30 23:00:00,88.581
2026-01-30 23:15:00,2026-01-30 23:15:00,88.577
2026-01-30 23:30:00,2026-01-30 23:30:00,88.576
2026-01-30 23:45:00,2026-01-30 23:45:00,88.583
2026-01-31 00:00:00,2026-01-31 00:00:00,88.575
2026-01-31 00:15:00,2026-01-31 00:15:00,88.579
2026-01-31 00:30:00,2026-01-31 00:30:00,88.585
2026-01-31 00:45:00,2026-01-31 00:45:00,88.582
2026-01-31 01:00:00,2026-01-31 01:00:00,88.581
2026-01-31 01:15:00,2026-01-31 01:15:00,88.583
2026-01-31 01:30:00,2026-01-31 01:30:00,88.581
2026-01-31 01:45:00,2026-01-31 01:45:00,88.577
2026-01-31 02:00:00,2026-01-31 02:00:00,88.581
2026-01-31 02:15:00,2026-01-31 02:15:00,88.588
2026-01-31 02:30:00,2026-01-31 02:30:00,88.586
2026-01-31 02:45:00,2026-01-31 02:45:00,88.588
2026-01-31 03:00:00,2026-01-31 03:00:00,88.588
2026-01-31 03:15:00,2026-01-31 03:15:00,88.579
2026-01-31 03:30:00,2026-01-31 03:30:00,88.581
2026-01-31 03:45:00,2026-01-31 03:45:00,88.588
2026-01-31 04:00:00,2026-01-31 04:00:00,88.587
2026-01-31 04:15:00,2026-01-31 04:15:00,88.584
2026-01-31 04:30:00,2026-01-31 04:30:00,88.577
2026-01-31 04:45:00,2026-01-31 04:45:00,88.566
2026-01-31 05:00:00,2026-01-31 05:00:00,88.566
2026-01-31 05:15:00,2026-01-31 05:15:00,88.58
2026-01-31 05:30:00,2026-01-31 05:30:00,88.583
2026-01-31 05:45:00,2026-01-31 05:45:00,88.575
2026-01-31 06:00:00,2026-01-31 06:00:00,88.576
2026-01-31 06:15:00,2026-01-31 06:15:00,88.565
2026-01-31 06:30:00,2026-01-31 06:30:00,88.565
2026-01-31 06:45:00,2026-01-31 06:45:00,88.573
2026-01-31 07:00:00,2026-01-31 07:00:00,88.577
2026-01-31 07:15:00,2026-01-31 07:15:00,88.571
2026-01-31 07:30:00,2026-01-31 07:30:00,88.569
2026-01-31 07:45:00,2026-01-31 07:45:00,88.58
2026-01-31 08:00:00,2026-01-31 08:00:00,88.58
2026-01-31 08:15:00,2026-01-31 08:15:00,88.553
2026-01-31 08:30:00,2026-01-31 08:30:00,88.544
2026-01-31 08:45:00,2026-01-31 08:45:00,88.559
2026-01-31 09:00:00,2026-01-31 09:00:00,88.562
2026-01-31 09:15:00,2026-01-31 09:15:00,88.564
2026-01-31 09:30:00,2026-01-31 09:30:00,88.562
2026-01-31 09:45:00,2026-01-31 09:45:00,88.561
2026-01-31 10:00:00,2026-01-31 10:00:00,88.558
2026-01-31 10:15:00,2026-01-31 10:15:00,88.553
2026-01-31 10:30:00,2026-01-31 10:30:00,88.557
2026-01-31 10:45:00,2026-01-31 10:45:00,88.564
2026-01-31 11:00:00,2026-01-31 11:00:00,88.575
2026-01-31 11:15:00,2026-01-31 11:15:00,88.569
2026-01-31 11:30:00,2026-01-31 11:30:00,88.557
2026-01-31 11:45:00,2026-01-31 11:45:00,88.549
2026-01-31 12:00:00,2026-01-31 12:00:00,88.556
2026-01-31 12:15:00,2026-01-31 12:15:00,88.563
2026-01-31 12:30:00,2026-01-31 12:30:00,88.561
2026-01-31 12:45:00,2026-01-31 12:45:00,88.557
2026-01-31 13:00:00,2026-01-31 13:00:00,88.557
2026-01-31 13:15:00,2026-01-31 13:15:00,88.551
2026-01-31 13:30:00,2026-01-31 13:30:00,88.547
2026-01-31 13:45:00,2026-01-31 13:45:00,88.55
2026-01-31 14:00:00,2026-01-31 14:00:00,88.55
2026-01-31 14:15:00,2026-01-31 14:15:00,88.536
2026-01-31 14:30:00,2026-01-31 14:30:00,88.542
2026-01-31 14:45:00,2026-01-31 14:45:00,88.548
2026-01-31 15:00:00,2026-01-31 15:00:00,88.54
2026-01-31 15:15:00,2026-01-31 15:15:00,88.541
2026-01-31 15:30:00,2026-01-31 15:30:00,88.535
2026-01-31 15:45:00,2026-01-31 15:45:00,88.539
2026-01-31 16:00:00,2026-01-31 16:00:00,88.539
2026-01-31 16:15:00,2026-01-31 16:15:00,88.538
2026-01-31 16:30:00,2026-01-31 16:30:00,88.541
2026-01-31 16:45:00,2026-01-31 16:45:00,88.533
2026-01-31 17:00:00,2026-01-31 17:00:00,88.529
2026-01-31 17:15:00,2026-01-31 17:15:00,88.53
2026-01-31 17:30:00,2026-01-31 17:30:00,88.526
2026-01-31 17:45:00,2026-01-31 17:45:00,88.536
2026-01-31 18:00:00,2026-01-31 18:00:00,88.546
2026-01-31 18:15:00,2026-01-31 18:15:00,88.537
2026-01-31 18:30:00,2026-01-31 18:30:00,88.534
2026-01-31 18:45:00,2026-01-31 18:45:00,88.528
2026-01-31 19:00:00,2026-01-31 19:00:00,88.535
2026-01-31 19:15:00,2026-01-31 19:15:00,88.535
2026-01-31 19:30:00,2026-01-31 19:30:00,88.545
2026-01-31 19:45:00,2026-01-31 19:45:00,88.542
2026-01-31 20:00:00,2026-01-31 20:00:00,88.543
2026-01-31 20:15:00,2026-01-31 20:15:00,88.55
2026-01-31 20:30:00,2026-01-31 20:30:00,88.546
2026-01-31 20:45:00,2026-01-31 20:45:00,88.543
2026-01-31 21:00:00,2026-01-31 21:00:00,88.542
2026-01-31 21:15:00,2026-01-31 21:15:00,88.544
2026-01-31 21:30:00,2026-01-31 21:30:00,88.544
2026-01-31 21:45:00,2026-01-31 21:45:00,88.547
2026-01-31 22:00:00,2026-01-31 22:00:00,88.547
2026-01-31 22:15:00,2026-01-31 22:15:00,88.546
2026-01-31 22:30:00,2026-01-31 22:30:00,88.547
2026-01-31 22:45:00,2026-01-31 22:45:00,88.542
2026-01-31 23:00:00,2026-01-31 23:00:00,88.547
2026-01-31 23:15:00,2026-01-31 23:15:00,88.544
2026-01-31 23:30:00,2026-01-31 23:30:00,88.54
2026-01-31 23:45:00,2026-01-31 23:45:00,88.536
2026-02-01 00:00:00,2026-02-01 00:00:00,88.537
2026-02-01 00:15:00,2026-02-01 00:15:00,88.545
2026-02-01 00:30:00,2026-02-01 00:30:00,88.546
2026-02-01 00:45:00,2026-02-01 00:45:00,88.537
2026-02-01 01:00:00,2026-02-01 01:00:00,88.536
2026-02-01 01:15:00,2026-02-01 01:15:00,88.544
2026-02-01 01:30:00,2026-02-01 01:30:00,88.54
2026-02-01 01:45:00,2026-02-01 01:45:00,88.536
2026-02-01 02:00:00,2026-02-01 02:00:00,88.536
2026-02-01 02:15:00,2026-02-01 02:15:00,88.543
2026-02-01 02:30:00,2026-02-01 02:30:00,88.539
2026-02-01 02:45:00,2026-02-01 02:45:00,88.541
2026-02-01 03:00:00,2026-02-01 03:00:00,88.538
2026-02-01 03:15:00,2026-02-01 03:15:00,88.54
2026-02-01 03:30:00,2026-02-01 03:30:00,88.536
2026-02-01 03:45:00,2026-02-01 03:45:00,88.535
2026-02-01 04:00:00,2026-02-01 04:00:00,88.531
2026-02-01 04:15:00,2026-02-01 04:15:00,88.527
2026-02-01 04:30:00,2026-02-01 04:30:00,88.524
2026-02-01 04:45:00,2026-02-01 04:45:00,88.512
2026-02-01 05:00:00,2026-02-01 05:00:00,88.517
2026-02-01 05:15:00,2026-02-01 05:15:00,88.529
2026-02-01 05:30:00,2026-02-01 05:30:00,88.538
2026-02-01 05:45:00,2026-02-01 05:45:00,88.532
2026-02-01 06:00:00,2026-02-01 06:00:00,88.524
2026-02-01 06:15:00,2026-02-01 06:15:00,88.524
2026-02-01 06:30:00,2026-02-01 06:30:00,88.516
2026-02-01 06:45:00,2026-02-01 06:45:00,88.524
2026-02-01 07:00:00,2026-02-01 07:00:00,88.519
2026-02-01 07:15:00,2026-02-01 07:15:00,88.525
2026-02-01 07:30:00,2026-02-01 07:30:00,88.527
2026-02-01 07:45:00,2026-02-01 07:45:00,88.53
2026-02-01 08:00:00,2026-02-01 08:00:00,88.523
2026-02-01 08:15:00,2026-02-01 08:15:00,88.516
2026-02-01 08:30:00,2026-02-01 08:30:00,88.52
2026-02-01 08:45:00,2026-02-01 08:45:00,88.519
2026-02-01 09:00:00,2026-02-01 09:00:00,88.518
2026-02-01 09:15:00,2026-02-01 09:15:00,88.518
2026-02-01 09:30:00,2026-02-01 09:30:00,88.517
2026-02-01 09:45:00,2026-02-01 09:45:00,88.52
2026-02-01 10:00:00,2026-02-01 10:00:00,88.521
2026-02-01 10:15:00,2026-02-01 10:15:00,88.525
2026-02-01 10:30:00,2026-02-01 10:30:00,88.515
2026-02-01 10:45:00,2026-02-01 10:45:00,88.522
2026-02-01 11:00:00,2026-02-01 11:00:00,88.521
2026-02-01 11:15:00,2026-02-01 11:15:00,88.513
2026-02-01 11:30:00,2026-02-01 11:30:00,88.508
2026-02-01 11:45:00,2026-02-01 11:45:00,88.504
2026-02-01 12:00:00,2026-02-01 12:00:00,88.501
2026-02-01 12:15:00,2026-02-01 12:15:00,88.496
2026-02-01 12:30:00,2026-02-01 12:30:00,88.497
2026-02-01 12:45:00,2026-02-01 12:45:00,88.5
2026-02-01 13:00:00,2026-02-01 13:00:00,88.506
2026-02-01 13:15:00,2026-02-01 13:15:00,88.507
2026-02-01 13:30:00,2026-02-01 13:30:00,88.51
2026-02-01 13:45:00,2026-02-01 13:45:00,88.504
2026-02-01 14:00:00,2026-02-01 14:00:00,88.5
2026-02-01 14:15:00,2026-02-01 14:15:00,88.498
2026-02-01 14:30:00,2026-02-01 14:30:00,88.502
2026-02-01 14:45:00,2026-02-01 14:45:00,88.516
2026-02-01 15:00:00,2026-02-01 15:00:00,88.512
2026-02-01 15:15:00,2026-02-01 15:15:00,88.505
2026-02-01 15:30:00,2026-02-01 15:30:00,88.504
2026-02-01 15:45:00,2026-02-01 15:45:00,88.506
2026-02-01 16:00:00,2026-02-01 16:00:00,88.5
2026-02-01 16:15:00,2026-02-01 16:15:00,88.505
2026-02-01 16:30:00,2026-02-01 16:30:00,88.506
2026-02-01 16:45:00,2026-02-01 16:45:00,88.498
2026-02-01 17:00:00,2026-02-01 17:00:00,88.493
2026-02-01 17:15:00,2026-02-01 17:15:00,88.503
2026-02-01 17:30:00,2026-02-01 17:30:00,88.501
2026-02-01 17:45:00,2026-02-01 17:45:00,88.497
2026-02-01 18:00:00,2026-02-01 18:00:00,88.497
2026-02-01 18:15:00,2026-02-01 18:15:00,88.5
2026-02-01 18:30:00,2026-02-01 18:30:00,88.504
2026-02-01 18:45:00,2026-02-01 18:45:00,88.507
2026-02-01 19:00:00,2026-02-01 19:00:00,88.506
2026-02-01 19:15:00,2026-02-01 19:15:00,88.499
2026-02-01 19:30:00,2026-02-01 19:30:00,88.499
2026-02-01 19:45:00,2026-02-01 19:45:00,88.504
2026-02-01 20:00:00,2026-02-01 20:00:00,88.5
2026-02-01 20:15:00,2026-02-01 20:15:00,88.509
2026-02-01 20:30:00,2026-02-01 20:30:00,88.508
2026-02-01 20:45:00,2026-02-01 20:45:00,88.51
2026-02-01 21:00:00,2026-02-01 21:00:00,88.509
2026-02-01 21:15:00,2026-02-01 21:15:00,88.506
2026-02-01 21:30:00,2026-02-01 21:30:00,88.506
2026-02-01 21:45:00,2026-02-01 21:45:00,88.503
2026-02-01 22:00:00,2026-02-01 22:00:00,88.507
2026-02-01 22:15:00,2026-02-01 22:15:00,88.506
2026-02-01 22:30:00,2026-02-01 22:30:00,88.502
2026-02-01 22:45:00,2026-02-01 22:45:00,88.506
2026-02-01 23:00:00,2026-02-01 23:00:00,88.511
2026-02-01 23:15:00,2026-02-01 23:15:00,88.503
2026-02-01 23:30:00,2026-02-01 23:30:00,88.502
2026-02-01 23:45:00,2026-02-01 23:45:00,88.508
2026-02-02 00:00:00,2026-02-02 00:00:00,88.513
2026-02-02 00:15:00,2026-02-02 00:15:00,88.506
2026-02-02 00:30:00,2026-02-02 00:30:00,88.505
2026-02-02 00:45:00,2026-02-02 00:45:00,88.504
2026-02-02 01:00:00,2026-02-02 01:00:00,88.498
2026-02-02 01:15:00,2026-02-02 01:15:00,88.493
2026-02-02 01:30:00,2026-02-02 01:30:00,88.49
2026-02-02 01:45:00,2026-02-02 01:45:00,88.49
2026-02-02 02:00:00,2026-02-02 02:00:00,88.49
2026-02-02 02:15:00,2026-02-02 02:15:00,88.49
2026-02-02 02:30:00,2026-02-02 02:30:00,88.493
2026-02-02 02:45:00,2026-02-02 02:45:00,88.499
2026-02-02 03:00:00,2026-02-02 03:00:00,88.503
2026-02-02 03:15:00,2026-02-02 03:15:00,88.496
2026-02-02 03:30:00,2026-02-02 03:30:00,88.505
2026-02-02 03:45:00,2026-02-02 03:45:00,88.493
2026-02-02 04:00:00,2026-02-02 04:00:00,88.491
2026-02-02 04:15:00,2026-02-02 04:15:00,88.498
2026-02-02 04:30:00,2026-02-02 04:30:00,88.508
2026-02-02 04:45:00,2026-02-02 04:45:00,88.507
2026-02-02 05:00:00,2026-02-02 05:00:00,88.504
2026-02-02 05:15:00,2026-02-02 05:15:00,88.508
2026-02-02 05:30:00,2026-02-02 05:30:00,88.501
2026-02-02 05:45:00,2026-02-02 05:45:00,88.503
2026-02-02 06:00:00,2026-02-02 06:00:00,88.498
2026-02-02 06:15:00,2026-02-02 06:15:00,88.491
2026-02-02 06:30:00,2026-02-02 06:30:00,88.489
2026-02-02 06:45:00,2026-02-02 06:45:00,88.491
2026-02-02 07:00:00,2026-02-02 07:00:00,88.497
2026-02-02 07:15:00,2026-02-02 07:15:00,88.496
2026-02-02 07:30:00,2026-02-02 07:30:00,88.497
2026-02-02 07:45:00,2026-02-02 07:45:00,88.497
2026-02-02 08:00:00,2026-02-02 08:00:00,88.479
2026-02-02 08:15:00,2026-02-02 08:15:00,88.487
2026-02-02 08:30:00,2026-02-02 08:30:00,88.49
2026-02-02 08:45:00,2026-02-02 08:45:00,88.502
2026-02-02 09:00:00,2026-02-02 09:00:00,88.503
2026-02-02 09:15:00,2026-02-02 09:15:00,88.492
2026-02-02 09:30:00,2026-02-02 09:30:00,88.486
2026-02-02 09:45:00,2026-02-02 09:45:00,88.475
2026-02-02 10:00:00,2026-02-02 10:00:00,88.471
2026-02-02 10:15:00,2026-02-02 10:15:00,88.486
2026-02-02 10:30:00,2026-02-02 10:30:00,88.495
2026-02-02 10:45:00,2026-02-02 10:45:00,88.493
2026-02-02 11:00:00,2026-02-02 11:00:00,88.48
2026-02-02 11:15:00,2026-02-02 11:15:00,88.483
2026-02-02 11:30:00,2026-02-02 11:30:00,88.494
2026-02-02 11:45:00,2026-02-02 11:45:00,88.492
2026-02-02 12:00:00,2026-02-02 12:00:00,88.49
2026-02-02 12:15:00,2026-02-02 12:15:00,88.487
2026-02-02 12:30:00,2026-02-02 12:30:00,88.49
2026-02-02 12:45:00,2026-02-02 12:45:00,88.475
2026-02-02 13:00:00,2026-02-02 13:00:00,88.477
2026-02-02 13:15:00,2026-02-02 13:15:00,88.482
2026-02-02 13:30:00,2026-02-02 13:30:00,88.495
2026-02-02 13:45:00,2026-02-02 13:45:00,88.494
2026-02-02 14:00:00,2026-02-02 14:00:00,88.486
2026-02-02 14:15:00,2026-02-02 14:15:00,88.486
2026-02-02 14:30:00,2026-02-02 14:30:00,88.48
2026-02-02 14:45:00,2026-02-02 14:45:00,88.475
2026-02-02 15:00:00,2026-02-02 15:00:00,88.478
2026-02-02 15:15:00,2026-02-02 15:15:00,88.475
2026-02-02 15:30:00,2026-02-02 15:30:00,88.48
2026-02-02 15:45:00,2026-02-02 15:45:00,88.481
2026-02-02 16:00:00,2026-02-02 16:00:00,88.473
2026-02-02 16:15:00,2026-02-02 16:15:00,88.473
2026-02-02 16:30:00,2026-02-02 16:30:00,88.477
2026-02-02 16:45:00,2026-02-02 16:45:00,88.467
2026-02-02 17:00:00,2026-02-02 17:00:00,88.469
2026-02-02 17:15:00,2026-02-02 17:15:00,88.464
2026-02-02 17:30:00,2026-02-02 17:30:00,88.469
2026-02-02 17:45:00,2026-02-02 17:45:00,88.484
2026-02-02 18:00:00,2026-02-02 18:00:00,88.473
2026-02-02 18:15:00,2026-02-02 18:15:00,88.464
2026-02-02 18:30:00,2026-02-02 18:30:00,88.475
2026-02-02 18:45:00,2026-02-02 18:45:00,88.471
2026-02-02 19:00:00,2026-02-02 19:00:00,88.481
2026-02-02 19:15:00,2026-02-02 19:15:00,88.479
2026-02-02 19:30:00,2026-02-02 19:30:00,88.489
2026-02-02 19:45:00,2026-02-02 19:45:00,88.483
2026-02-02 20:00:00,2026-02-02 20:00:00,88.478
2026-02-02 20:15:00,2026-02-02 20:15:00,88.485
2026-02-02 20:30:00,2026-02-02 20:30:00,88.485
2026-02-02 20:45:00,2026-02-02 20:45:00,88.48
2026-02-02 21:00:00,2026-02-02 21:00:00,88.479
2026-02-02 21:15:00,2026-02-02 21:15:00,88.48
2026-02-02 21:30:00,2026-02-02 21:30:00,88.479
2026-02-02 21:45:00,2026-02-02 21:45:00,88.481
2026-02-02 22:00:00,2026-02-02 22:00:00,88.479
2026-02-02 22:15:00,2026-02-02 22:15:00,88.482
2026-02-02 22:30:00,2026-02-02 22:30:00,88.472
2026-02-02 22:45:00,2026-02-02 22:45:00,88.479
2026-02-02 23:00:00,2026-02-02 23:00:00,88.476
2026-02-02 23:15:00,2026-02-02 23:15:00,88.472
2026-02-02 23:30:00,2026-02-02 23:30:00,88.475
2026-02-02 23:45:00,2026-02-02 23:45:00,88.474
2026-02-03 00:00:00,2026-02-03 00:00:00,88.472
2026-02-03 00:15:00,2026-02-03 00:15:00,88.465
2026-02-03 00:30:00,2026-02-03 00:30:00,88.472
2026-02-03 00:45:00,2026-02-03 00:45:00,88.469
2026-02-03 01:00:00,2026-02-03 01:00:00,88.473
2026-02-03 01:15:00,2026-02-03 01:15:00,88.479
2026-02-03 01:30:00,2026-02-03 01:30:00,88.484
2026-02-03 01:45:00,2026-02-03 01:45:00,88.48
2026-02-03 02:00:00,2026-02-03 02:00:00,88.473
2026-02-03 02:15:00,2026-02-03 02:15:00,88.481
2026-02-03 02:30:00,2026-02-03 02:30:00,88.47
2026-02-03 02:45:00,2026-02-03 02:45:00,88.482
2026-02-03 03:00:00,2026-02-03 03:00:00,88.479
2026-02-03 03:15:00,2026-02-03 03:15:00,88.481
2026-02-03 03:30:00,2026-02-03 03:30:00,88.479
2026-02-03 03:45:00,2026-02-03 03:45:00,88.48
2026-02-03 04:00:00,2026-02-03 04:00:00,88.471
2026-02-03 04:15:00,2026-02-03 04:15:00,88.471
2026-02-03 04:30:00,2026-02-03 04:30:00,88.477
2026-02-03 04:45:00,2026-02-03 04:45:00,88.471
2026-02-03 05:00:00,2026-02-03 05:00:00,88.472
2026-02-03 05:15:00,2026-02-03 05:15:00,88.479
2026-02-03 05:30:00,2026-02-03 05:30:00,88.476
2026-02-03 05:45:00,2026-02-03 05:45:00,88.484
2026-02-03 06:00:00,2026-02-03 06:00:00,88.468
2026-02-03 06:15:00,2026-02-03 06:15:00,88.469
2026-02-03 06:30:00,2026-02-03 06:30:00,88.463
2026-02-03 06:45:00,2026-02-03 06:45:00,88.465
2026-02-03 07:00:00,2026-02-03 07:00:00,88.471
2026-02-03 07:15:00,2026-02-03 07:15:00,88.472
2026-02-03 07:30:00,2026-02-03 07:30:00,88.474
2026-02-03 07:45:00,2026-02-03 07:45:00,88.473
2026-02-03 08:00:00,2026-02-03 08:00:00,88.456
2026-02-03 08:15:00,2026-02-03 08:15:00,88.455
2026-02-03 08:30:00,2026-02-03 08:30:00,88.457
2026-02-03 08:45:00,2026-02-03 08:45:00,88.458
2026-02-03 09:00:00,2026-02-03 09:00:00,88.457
2026-02-03 09:15:00,2026-02-03 09:15:00,88.456
2026-02-03 09:30:00,2026-02-03 09:30:00,88.45
2026-02-03 09:45:00,2026-02-03 09:45:00,88.446
2026-02-03 10:00:00,2026-02-03 10:00:00,88.464
2026-02-03 10:15:00,2026-02-03 10:15:00,88.444
2026-02-03 10:30:00,2026-02-03 10:30:00,88.437
2026-02-03 10:45:00,2026-02-03 10:45:00,88.446
2026-02-03 11:00:00,2026-02-03 11:00:00,88.455
2026-02-03 11:15:00,2026-02-03 11:15:00,88.441
2026-02-03 11:30:00,2026-02-03 11:30:00,88.445
2026-02-03 11:45:00,2026-02-03 11:45:00,88.453
2026-02-03 12:00:00,2026-02-03 12:00:00,88.448
2026-02-03 12:15:00,2026-02-03 12:15:00,88.437
2026-02-03 12:30:00,2026-02-03 12:30:00,88.443
2026-02-03 12:45:00,2026-02-03 12:45:00,88.438
2026-02-03 13:00:00,2026-02-03 13:00:00,88.444
2026-02-03 13:15:00,2026-02-03 13:15:00,88.438
2026-02-03 13:30:00,2026-02-03 13:30:00,88.441
2026-02-03 13:45:00,2026-02-03 13:45:00,88.432
2026-02-03 14:00:00,2026-02-03 14:00:00,88.44
2026-02-03 14:15:00,2026-02-03 14:15:00,88.45
2026-02-03 14:30:00,2026-02-03 14:30:00,88.441
2026-02-03 14:45:00,2026-02-03 14:45:00,88.441
2026-02-03 15:00:00,2026-02-03 15:00:00,88.429
2026-02-03 15:15:00,2026-02-03 15:15:00,88.432
2026-02-03 15:30:00,2026-02-03 15:30:00,88.431
2026-02-03 15:45:00,2026-02-03 15:45:00,88.448
2026-02-03 16:00:00,2026-02-03 16:00:00,88.437
2026-02-03 16:15:00,2026-02-03 16:15:00,88.431
2026-02-03 16:30:00,2026-02-03 16:30:00,88.426
2026-02-03 16:45:00,2026-02-03 16:45:00,88.426
2026-02-03 17:00:00,2026-02-03 17:00:00,88.425
2026-02-03 17:15:00,2026-02-03 17:15:00,88.428
2026-02-03 17:30:00,2026-02-03 17:30:00,88.425
2026-02-03 17:45:00,2026-02-03 17:45:00,88.421
2026-02-03 18:00:00,2026-02-03 18:00:00,88.423
2026-02-03 18:15:00,2026-02-03 18:15:00,88.428
2026-02-03 18:30:00,2026-02-03 18:30:00,88.427
2026-02-03 18:45:00,2026-02-03 18:45:00,88.417
2026-02-03 19:00:00,2026-02-03 19:00:00,88.423
2026-02-03 19:15:00,2026-02-03 19:15:00,88.428
2026-02-03 19:30:00,2026-02-03 19:30:00,88.429
2026-02-03 19:45:00,2026-02-03 19:45:00,88.432
2026-02-03 20:00:00,2026-02-03 20:00:00,88.43
2026-02-03 20:15:00,2026-02-03 20:15:00,88.43
2026-02-03 20:30:00,2026-02-03 20:30:00,88.434
2026-02-03 20:45:00,2026-02-03 20:45:00,88.435
2026-02-03 21:00:00,2026-02-03 21:00:00,88.424
2026-02-03 21:15:00,2026-02-03 21:15:00,88.434
2026-02-03 21:30:00,2026-02-03 21:30:00,88.435
2026-02-03 21:45:00,2026-02-03 21:45:00,88.435
2026-02-03 22:00:00,2026-02-03 22:00:00,88.43
2026-02-03 22:15:00,2026-02-03 22:15:00,88.432
2026-02-03 22:30:00,2026-02-03 22:30:00,88.43
2026-02-03 22:45:00,2026-02-03 22:45:00,88.433
2026-02-03 23:00:00,2026-02-03 23:00:00,88.432
2026-02-03 23:15:00,2026-02-03 23:15:00,88.432
2026-02-03 23:30:00,2026-02-03 23:30:00,88.426
2026-02-03 23:45:00,2026-02-03 23:45:00,88.426
2026-02-04 00:00:00,2026-02-04 00:00:00,88.43
2026-02-04 00:15:00,2026-02-04 00:15:00,88.434
2026-02-04 00:30:00,2026-02-04 00:30:00,88.426
2026-02-04 00:45:00,2026-02-04 00:45:00,88.43
2026-02-04 01:00:00,2026-02-04 01:00:00,88.427
2026-02-04 01:15:00,2026-02-04 01:15:00,88.429
2026-02-04 01:30:00,2026-02-04 01:30:00,88.43
2026-02-04 01:45:00,2026-02-04 01:45:00,88.423
2026-02-04 02:00:00,2026-02-04 02:00:00,88.432
2026-02-04 02:15:00,2026-02-04 02:15:00,88.425
2026-02-04 02:30:00,2026-02-04 02:30:00,88.43
2026-02-04 02:45:00,2026-02-04 02:45:00,88.433
2026-02-04 03:00:00,2026-02-04 03:00:00,88.431
2026-02-04 03:15:00,2026-02-04 03:15:00,88.43
2026-02-04 03:30:00,2026-02-04 03:30:00,88.428
2026-02-04 03:45:00,2026-02-04 03:45:00,88.425
2026-02-04 04:00:00,2026-02-04 04:00:00,88.43
2026-02-04 04:15:00,2026-02-04 04:15:00,88.428
2026-02-04 04:30:00,2026-02-04 04:30:00,88.425
2026-02-04 04:45:00,2026-02-04 04:45:00,88.426
2026-02-04 05:00:00,2026-02-04 05:00:00,88.432
2026-02-04 05:15:00,2026-02-04 05:15:00,88.419
2026-02-04 05:30:00,2026-02-04 05:30:00,88.421
2026-02-04 05:45:00,2026-02-04 05:45:00,88.436
2026-02-04 06:00:00,2026-02-04 06:00:00,88.424
2026-02-04 06:15:00,2026-02-04 06:15:00,88.419
2026-02-04 06:30:00,2026-02-04 06:30:00,88.421
2026-02-04 06:45:00,2026-02-04 06:45:00,88.42
2026-02-04 07:00:00,2026-02-04 07:00:00,88.429
2026-02-04 07:15:00,2026-02-04 07:15:00,88.418
2026-02-04 07:30:00,2026-02-04 07:30:00,88.424
2026-02-04 07:45:00,2026-02-04 07:45:00,88.418
2026-02-04 08:00:00,2026-02-04 08:00:00,88.408
2026-02-04 08:15:00,2026-02-04 08:15:00,88.411
2026-02-04 08:30:00,2026-02-04 08:30:00,88.419
2026-02-04 08:45:00,2026-02-04 08:45:00,88.42
2026-02-04 09:00:00,2026-02-04 09:00:00,88.411
2026-02-04 09:15:00,2026-02-04 09:15:00,88.409
2026-02-04 09:30:00,2026-02-04 09:30:00,88.415
2026-02-04 09:45:00,2026-02-04 09:45:00,88.4
2026-02-04 10:00:00,2026-02-04 10:00:00,88.414
2026-02-04 10:15:00,2026-02-04 10:15:00,88.41
2026-02-04 10:30:00,2026-02-04 10:30:00,88.408
2026-02-04 10:45:00,2026-02-04 10:45:00,88.407
2026-02-04 11:00:00,2026-02-04 11:00:00,88.399
2026-02-04 11:15:00,2026-02-04 11:15:00,88.406
2026-02-04 11:30:00,2026-02-04 11:30:00,88.407
2026-02-04 11:45:00,2026-02-04 11:45:00,88.41
2026-02-04 12:00:00,2026-02-04 12:00:00,88.413
2026-02-04 12:15:00,2026-02-04 12:15:00,88.404
2026-02-04 12:30:00,2026-02-04 12:30:00,88.399
2026-02-04 12:45:00,2026-02-04 12:45:00,88.406
2026-02-04 13:00:00,2026-02-04 13:00:00,88.404
2026-02-04 13:15:00,2026-02-04 13:15:00,88.406
2026-02-04 13:30:00,2026-02-04 13:30:00,88.4
2026-02-04 13:45:00,2026-02-04 13:45:00,88.414
2026-02-04 14:00:00,2026-02-04 14:00:00,88.407
2026-02-04 14:15:00,2026-02-04 14:15:00,88.413
2026-02-04 14:30:00,2026-02-04 14:30:00,88.408
2026-02-04 14:45:00,2026-02-04 14:45:00,88.413
2026-02-04 15:00:00,2026-02-04 15:00:00,88.41
2026-02-04 15:15:00,2026-02-04 15:15:00,88.412
2026-02-04 15:30:00,2026-02-04 15:30:00,88.418
2026-02-04 15:45:00,2026-02-04 15:45:00,88.416
2026-02-04 16:00:00,2026-02-04 16:00:00,88.403
2026-02-04 16:15:00,2026-02-04 16:15:00,88.406
2026-02-04 16:30:00,2026-02-04 16:30:00,88.414
2026-02-04 16:45:00,2026-02-04 16:45:00,88.424
2026-02-04 17:00:00,2026-02-04 17:00:00,88.417
2026-02-04 17:15:00,2026-02-04 17:15:00,88.421
2026-02-04 17:30:00,2026-02-04 17:30:00,88.414
2026-02-04 17:45:00,2026-02-04 17:45:00,88.423
2026-02-04 18:00:00,2026-02-04 18:00:00,88.422
2026-02-04 18:15:00,2026-02-04 18:15:00,88.423
2026-02-04 18:30:00,2026-02-04 18:30:00,88.43
2026-02-04 18:45:00,2026-02-04 18:45:00,88.428
2026-02-04 19:00:00,2026-02-04 19:00:00,88.433
2026-02-04 19:15:00,2026-02-04 19:15:00,88.428
2026-02-04 19:30:00,2026-02-04 19:30:00,88.432
2026-02-04 19:45:00,2026-02-04 19:45:00,88.432
2026-02-04 20:00:00,2026-02-04 20:00:00,88.438
2026-02-04 20:15:00,2026-02-04 20:15:00,88.429
2026-02-04 20:30:00,2026-02-04 20:30:00,88.436
2026-02-04 20:45:00,2026-02-04 20:45:00,88.434
2026-02-04 21:00:00,2026-02-04 21:00:00,88.436
2026-02-04 21:15:00,2026-02-04 21:15:00,88.436
2026-02-04 21:30:00,2026-02-04 21:30:00,88.441
2026-02-04 21:45:00,2026-02-04 21:45:00,88.434
2026-02-04 22:00:00,2026-02-04 22:00:00,88.43
2026-02-04 22:15:00,2026-02-04 22:15:00,88.439
2026-02-04 22:30:00,2026-02-04 22:30:00,88.438
2026-02-04 22:45:00,2026-02-04 22:45:00,88.431
2026-02-04 23:00:00,2026-02-04 23:00:00,88.434
2026-02-04 23:15:00,2026-02-04 23:15:00,88.437
2026-02-04 23:30:00,2026-02-04 23:30:00,88.433
2026-02-04 23:45:00,2026-02-04 23:45:00,88.432
2026-02-05 00:00:00,2026-02-05 00:00:00,88.44
2026-02-05 00:15:00,2026-02-05 00:15:00,88.429
2026-02-05 00:30:00,2026-02-05 00:30:00,88.439
2026-02-05 00:45:00,2026-02-05 00:45:00,88.439
2026-02-05 01:00:00,2026-02-05 01:00:00,88.441
2026-02-05 01:15:00,2026-02-05 01:15:00,88.43
2026-02-05 01:30:00,2026-02-05 01:30:00,88.427
2026-02-05 01:45:00,2026-02-05 01:45:00,88.433
2026-02-05 02:00:00,2026-02-05 02:00:00,88.441
2026-02-05 02:15:00,2026-02-05 02:15:00,88.437
2026-02-05 02:30:00,2026-02-05 02:30:00,88.443
2026-02-05 02:45:00,2026-02-05 02:45:00,88.444
2026-02-05 03:00:00,2026-02-05 03:00:00,88.438
2026-02-05 03:15:00,2026-02-05 03:15:00,88.433
2026-02-05 03:30:00,2026-02-05 03:30:00,88.445
2026-02-05 03:45:00,2026-02-05 03:45:00,88.445
2026-02-05 04:00:00,2026-02-05 04:00:00,88.429
2026-02-05 04:15:00,2026-02-05 04:15:00,88.437
2026-02-05 04:30:00,2026-02-05 04:30:00,88.434
2026-02-05 04:45:00,2026-02-05 04:45:00,88.435
2026-02-05 05:00:00,2026-02-05 05:00:00,88.436
2026-02-05 05:15:00,2026-02-05 05:15:00,88.44
2026-02-05 05:30:00,2026-02-05 05:30:00,88.436
2026-02-05 05:45:00,2026-02-05 05:45:00,88.432
2026-02-05 06:00:00,2026-02-05 06:00:00,88.432
2026-02-05 06:15:00,2026-02-05 06:15:00,88.424
2026-02-05 06:30:00,2026-02-05 06:30:00,88.423
2026-02-05 06:45:00,2026-02-05 06:45:00,88.43
2026-02-05 07:00:00,2026-02-05 07:00:00,88.435
2026-02-05 07:15:00,2026-02-05 07:15:00,88.432
2026-02-05 07:30:00,2026-02-05 07:30:00,88.436
2026-02-05 07:45:00,2026-02-05 07:45:00,88.433
2026-02-05 08:00:00,2026-02-05 08:00:00,88.431
2026-02-05 08:15:00,2026-02-05 08:15:00,88.431
2026-02-05 08:30:00,2026-02-05 08:30:00,88.432
2026-02-05 08:45:00,2026-02-05 08:45:00,88.436
2026-02-05 09:00:00,2026-02-05 09:00:00,88.432
2026-02-05 09:15:00,2026-02-05 09:15:00,88.429
2026-02-05 09:30:00,2026-02-05 09:30:00,88.423
2026-02-05 09:45:00,2026-02-05 09:45:00,88.431
2026-02-05 10:00:00,2026-02-05 10:00:00,88.421
2026-02-05 10:15:00,2026-02-05 10:15:00,88.43
2026-02-05 10:30:00,2026-02-05 10:30:00,88.425
2026-02-05 10:45:00,2026-02-05 10:45:00,88.423
2026-02-05 11:00:00,2026-02-05 11:00:00,88.418
2026-02-05 11:15:00,2026-02-05 11:15:00,88.423
2026-02-05 11:30:00,2026-02-05 11:30:00,88.43
2026-02-05 11:45:00,2026-02-05 11:45:00,88.431
2026-02-05 12:00:00,2026-02-05 12:00:00,88.427
2026-02-05 12:15:00,2026-02-05 12:15:00,88.422
2026-02-05 12:30:00,2026-02-05 12:30:00,88.423
2026-02-05 12:45:00,2026-02-05 12:45:00,88.43
2026-02-05 13:00:00,2026-02-05 13:00:00,88.434
2026-02-05 13:15:00,2026-02-05 13:15:00,88.434
2026-02-05 13:30:00,2026-02-05 13:30:00,88.435
2026-02-05 13:45:00,2026-02-05 13:45:00,88.447
2026-02-05 14:00:00,2026-02-05 14:00:00,88.446
2026-02-05 14:15:00,2026-02-05 14:15:00,88.441
2026-02-05 14:30:00,2026-02-05 14:30:00,88.447
2026-02-05 14:45:00,2026-02-05 14:45:00,88.456
2026-02-05 15:00:00,2026-02-05 15:00:00,88.452
2026-02-05 15:15:00,2026-02-05 15:15:00,88.446
2026-02-05 15:30:00,2026-02-05 15:30:00,88.46
2026-02-05 15:45:00,2026-02-05 15:45:00,88.454
2026-02-05 16:00:00,2026-02-05 16:00:00,88.452
2026-02-05 16:15:00,2026-02-05 16:15:00,88.466
2026-02-05 16:30:00,2026-02-05 16:30:00,88.467
2026-02-05 16:45:00,2026-02-05 16:45:00,88.463
2026-02-05 17:00:00,2026-02-05 17:00:00,88.464
2026-02-05 17:15:00,2026-02-05 17:15:00,88.465
2026-02-05 17:30:00,2026-02-05 17:30:00,88.461
2026-02-05 17:45:00,2026-02-05 17:45:00,88.461
2026-02-05 18:00:00,2026-02-05 18:00:00,88.475
2026-02-05 18:15:00,2026-02-05 18:15:00,88.473
2026-02-05 18:30:00,2026-02-05 18:30:00,88.465
2026-02-05 18:45:00,2026-02-05 18:45:00,88.463
2026-02-05 19:00:00,2026-02-05 19:00:00,88.472
2026-02-05 19:15:00,2026-02-05 19:15:00,88.469
2026-02-05 19:30:00,2026-02-05 19:30:00,88.476
2026-02-05 19:45:00,2026-02-05 19:45:00,88.477
2026-02-05 20:00:00,2026-02-05 20:00:00,88.477
2026-02-05 20:15:00,2026-02-05 20:15:00,88.479
2026-02-05 20:30:00,2026-02-05 20:30:00,88.481
2026-02-05 20:45:00,2026-02-05 20:45:00,88.473
2026-02-05 21:00:00,2026-02-05 21:00:00,88.47
2026-02-05 21:15:00,2026-02-05 21:15:00,88.475
2026-02-05 21:30:00,2026-02-05 21:30:00,88.484
2026-02-05 21:45:00,2026-02-05 21:45:00,88.477
2026-02-05 22:00:00,2026-02-05 22:00:00,88.478
2026-02-05 22:15:00,2026-02-05 22:15:00,88.484
2026-02-05 22:30:00,2026-02-05 22:30:00,88.486
2026-02-05 22:45:00,2026-02-05 22:45:00,88.488
2026-02-05 23:00:00,2026-02-05 23:00:00,88.492
2026-02-05 23:15:00,2026-02-05 23:15:00,88.489
2026-02-05 23:30:00,2026-02-05 23:30:00,88.493
2026-02-05 23:45:00,2026-02-05 23:45:00,88.494
2026-02-06 00:00:00,2026-02-06 00:00:00,88.498
2026-02-06 00:15:00,2026-02-06 00:15:00,88.505
2026-02-06 00:30:00,2026-02-06 00:30:00,88.5
2026-02-06 00:45:00,2026-02-06 00:45:00,88.502
2026-02-06 01:00:00,2026-02-06 01:00:00,88.501
2026-02-06 01:15:00,2026-02-06 01:15:00,88.497
2026-02-06 01:30:00,2026-02-06 01:30:00,88.503
2026-02-06 01:45:00,2026-02-06 01:45:00,88.502
2026-02-06 02:00:00,2026-02-06 02:00:00,88.5
2026-02-06 02:15:00,2026-02-06 02:15:00,88.5
2026-02-06 02:30:00,2026-02-06 02:30:00,88.51
2026-02-06 02:45:00,2026-02-06 02:45:00,88.514
2026-02-06 03:00:00,2026-02-06 03:00:00,88.511
2026-02-06 03:15:00,2026-02-06 03:15:00,88.512
2026-02-06 03:30:00,2026-02-06 03:30:00,88.509
2026-02-06 03:45:00,2026-02-06 03:45:00,88.519
2026-02-06 04:00:00,2026-02-06 04:00:00,88.519
2026-02-06 04:15:00,2026-02-06 04:15:00,88.526
2026-02-06 04:30:00,2026-02-06 04:30:00,88.54
2026-02-06 04:45:00,2026-02-06 04:45:00,88.552
2026-02-06 05:00:00,2026-02-06 05:00:00,88.558
2026-02-06 05:15:00,2026-02-06 05:15:00,88.567
2026-02-06 05:30:00,2026-02-06 05:30:00,88.606
2026-02-06 05:45:00,2026-02-06 05:45:00,88.618
2026-02-06 06:00:00,2026-02-06 06:00:00,88.643
2026-02-06 06:15:00,2026-02-06 06:15:00,88.664
2026-02-06 06:30:00,2026-02-06 06:30:00,88.682
2026-02-06 06:45:00,2026-02-06 06:45:00,88.721
2026-02-06 07:00:00,2026-02-06 07:00:00,88.725
2026-02-06 07:15:00,2026-02-06 07:15:00,88.736
2026-02-06 07:30:00,2026-02-06 07:30:00,88.747
2026-02-06 07:45:00,2026-02-06 07:45:00,88.754
2026-02-06 08:00:00,2026-02-06 08:00:00,88.788
2026-02-06 08:15:00,2026-02-06 08:15:00,88.798
2026-02-06 08:30:00,2026-02-06 08:30:00,88.809
2026-02-06 08:45:00,2026-02-06 08:45:00,88.809
2026-02-06 09:00:00,2026-02-06 09:00:00,88.808
2026-02-06 09:15:00,2026-02-06 09:15:00,88.836
2026-02-06 09:30:00,2026-02-06 09:30:00,88.844
2026-02-06 09:45:00,2026-02-06 09:45:00,88.859
2026-02-06 10:00:00,2026-02-06 10:00:00,88.873
2026-02-06 10:15:00,2026-02-06 10:15:00,88.872
2026-02-06 10:30:00,2026-02-06 10:30:00,88.874
2026-02-06 10:45:00,2026-02-06 10:45:00,88.866
2026-02-06 11:00:00,2026-02-06 11:00:00,88.876
2026-02-06 11:15:00,2026-02-06 11:15:00,88.882
2026-02-06 11:30:00,2026-02-06 11:30:00,88.894
2026-02-06 11:45:00,2026-02-06 11:45:00,88.901
2026-02-06 12:00:00,2026-02-06 12:00:00,88.898
2026-02-06 12:15:00,2026-02-06 12:15:00,88.898
2026-02-06 12:30:00,2026-02-06 12:30:00,88.889
2026-02-06 12:45:00,2026-02-06 12:45:00,88.886
2026-02-06 13:00:00,2026-02-06 13:00:00,88.881
2026-02-06 13:15:00,2026-02-06 13:15:00,88.878
2026-02-06 13:30:00,2026-02-06 13:30:00,88.883
2026-02-06 13:45:00,2026-02-06 13:45:00,88.877
2026-02-06 14:00:00,2026-02-06 14:00:00,88.888
2026-02-06 14:15:00,2026-02-06 14:15:00,88.891
2026-02-06 14:30:00,2026-02-06 14:30:00,88.892
2026-02-06 14:45:00,2026-02-06 14:45:00,88.909
2026-02-06 15:00:00,2026-02-06 15:00:00,88.913
2026-02-06 15:15:00,2026-02-06 15:15:00,88.933
2026-02-06 15:30:00,2026-02-06 15:30:00,88.927
2026-02-06 15:45:00,2026-02-06 15:45:00,88.927
2026-02-06 16:00:00,2026-02-06 16:00:00,88.935
2026-02-06 16:15:00,2026-02-06 16:15:00,88.938
2026-02-06 16:30:00,2026-02-06 16:30:00,88.938
2026-02-06 16:45:00,2026-02-06 16:45:00,88.936
2026-02-06 17:00:00,2026-02-06 17:00:00,88.948
2026-02-06 17:15:00,2026-02-06 17:15:00,88.946
2026-02-06 17:30:00,2026-02-06 17:30:00,88.947
2026-02-06 17:45:00,2026-02-06 17:45:00,88.941
2026-02-06 18:00:00,2026-02-06 18:00:00,88.942
2026-02-06 18:15:00,2026-02-06 18:15:00,88.939
2026-02-06 18:30:00,2026-02-06 18:30:00,88.928
2026-02-06 18:45:00,2026-02-06 18:45:00,88.925
2026-02-06 19:00:00,2026-02-06 19:00:00,88.925
2026-02-06 19:15:00,2026-02-06 19:15:00,88.931
2026-02-06 19:30:00,2026-02-06 19:30:00,88.926
2026-02-06 19:45:00,2026-02-06 19:45:00,88.931
2026-02-06 20:00:00,2026-02-06 20:00:00,88.928
2026-02-06 20:15:00,2026-02-06 20:15:00,88.929
2026-02-06 20:30:00,2026-02-06 20:30:00,88.921
2026-02-06 20:45:00,2026-02-06 20:45:00,88.929
2026-02-06 21:00:00,2026-02-06 21:00:00,88.916
2026-02-06 21:15:00,2026-02-06 21:15:00,88.924
2026-02-06 21:30:00,2026-02-06 21:30:00,88.93
2026-02-06 21:45:00,2026-02-06 21:45:00,88.928
2026-02-06 22:00:00,2026-02-06 22:00:00,88.928
2026-02-06 22:15:00,2026-02-06 22:15:00,88.931
2026-02-06 22:30:00,2026-02-06 22:30:00,88.93
2026-02-06 22:45:00,2026-02-06 22:45:00,88.924
2026-02-06 23:00:00,2026-02-06 23:00:00,88.917
2026-02-06 23:15:00,2026-02-06 23:15:00,88.914
2026-02-06 23:30:00,2026-02-06 23:30:00,88.913
2026-02-06 23:45:00,2026-02-06 23:45:00,88.91
2026-02-07 00:00:00,2026-02-07 00:00:00,88.903
2026-02-07 00:15:00,2026-02-07 00:15:00,88.904
2026-02-07 00:30:00,2026-02-07 00:30:00,88.905
2026-02-07 00:45:00,2026-02-07 00:45:00,88.9
2026-02-07 01:00:00,2026-02-07 01:00:00,88.907
2026-02-07 01:15:00,2026-02-07 01:15:00,88.893
2026-02-07 01:30:00,2026-02-07 01:30:00,88.891
2026-02-07 01:45:00,2026-02-07 01:45:00,88.896
2026-02-07 02:00:00,2026-02-07 02:00:00,88.892
2026-02-07 02:15:00,2026-02-07 02:15:00,88.891
2026-02-07 02:30:00,2026-02-07 02:30:00,88.89
2026-02-07 02:45:00,2026-02-07 02:45:00,88.884
2026-02-07 03:00:00,2026-02-07 03:00:00,88.885
2026-02-07 03:15:00,2026-02-07 03:15:00,88.883
2026-02-07 03:30:00,2026-02-07 03:30:00,88.878
2026-02-07 03:45:00,2026-02-07 03:45:00,88.884
2026-02-07 04:00:00,2026-02-07 04:00:00,88.874
2026-02-07 04:15:00,2026-02-07 04:15:00,88.874
2026-02-07 04:30:00,2026-02-07 04:30:00,88.863
2026-02-07 04:45:00,2026-02-07 04:45:00,88.863
2026-02-07 05:00:00,2026-02-07 05:00:00,88.852
2026-02-07 05:15:00,2026-02-07 05:15:00,88.848
2026-02-07 05:30:00,2026-02-07 05:30:00,88.855
2026-02-07 05:45:00,2026-02-07 05:45:00,88.848
2026-02-07 06:00:00,2026-02-07 06:00:00,88.848
2026-02-07 06:15:00,2026-02-07 06:15:00,88.84
2026-02-07 06:30:00,2026-02-07 06:30:00,88.84
2026-02-07 06:45:00,2026-02-07 06:45:00,88.838
2026-02-07 07:00:00,2026-02-07 07:00:00,88.84
2026-02-07 07:15:00,2026-02-07 07:15:00,88.852
2026-02-07 07:30:00,2026-02-07 07:30:00,88.845
2026-02-07 07:45:00,2026-02-07 07:45:00,88.846
2026-02-07 08:00:00,2026-02-07 08:00:00,88.84
2026-02-07 08:15:00,2026-02-07 08:15:00,88.834
2026-02-07 08:30:00,2026-02-07 08:30:00,88.836
2026-02-07 08:45:00,2026-02-07 08:45:00,88.833
2026-02-07 09:00:00,2026-02-07 09:00:00,88.846
2026-02-07 09:15:00,2026-02-07 09:15:00,88.835
2026-02-07 09:30:00,2026-02-07 09:30:00,88.828
2026-02-07 09:45:00,2026-02-07 09:45:00,88.82
2026-02-07 10:00:00,2026-02-07 10:00:00,88.834
2026-02-07 10:15:00,2026-02-07 10:15:00,88.834
2026-02-07 10:30:00,2026-02-07 10:30:00,88.831
2026-02-07 10:45:00,2026-02-07 10:45:00,88.828
2026-02-07 11:00:00,2026-02-07 11:00:00,88.829
2026-02-07 11:15:00,2026-02-07 11:15:00,88.821
2026-02-07 11:30:00,2026-02-07 11:30:00,88.806
2026-02-07 11:45:00,2026-02-07 11:45:00,88.812
2026-02-07 12:00:00,2026-02-07 12:00:00,88.82
2026-02-07 12:15:00,2026-02-07 12:15:00,88.822
2026-02-07 12:30:00,2026-02-07 12:30:00,88.817
2026-02-07 12:45:00,2026-02-07 12:45:00,88.815
2026-02-07 13:00:00,2026-02-07 13:00:00,88.817
2026-02-07 13:15:00,2026-02-07 13:15:00,88.81
2026-02-07 13:30:00,2026-02-07 13:30:00,88.808
2026-02-07 13:45:00,2026-02-07 13:45:00,88.802
2026-02-07 14:00:00,2026-02-07 14:00:00,88.797
2026-02-07 14:15:00,2026-02-07 14:15:00,88.811
2026-02-07 14:30:00,2026-02-07 14:30:00,88.81
2026-02-07 14:45:00,2026-02-07 14:45:00,88.81
2026-02-07 15:00:00,2026-02-07 15:00:00,88.811
2026-02-07 15:15:00,2026-02-07 15:15:00,88.808
2026-02-07 15:30:00,2026-02-07 15:30:00,88.807
2026-02-07 15:45:00,2026-02-07 15:45:00,88.812
2026-02-07 16:00:00,2026-02-07 16:00:00,88.797
2026-02-07 16:15:00,2026-02-07 16:15:00,88.805
2026-02-07 16:30:00,2026-02-07 16:30:00,88.806
2026-02-07 16:45:00,2026-02-07 16:45:00,88.794
2026-02-07 17:00:00,2026-02-07 17:00:00,88.798
2026-02-07 17:15:00,2026-02-07 17:15:00,88.798
2026-02-07 17:30:00,2026-02-07 17:30:00,88.794
2026-02-07 17:45:00,2026-02-07 17:45:00,88.801
2026-02-07 18:00:00,2026-02-07 18:00:00,88.791
2026-02-07 18:15:00,2026-02-07 18:15:00,88.789
2026-02-07 18:30:00,2026-02-07 18:30:00,88.789
2026-02-07 18:45:00,2026-02-07 18:45:00,88.777
2026-02-07 19:00:00,2026-02-07 19:00:00,88.786
2026-02-07 19:15:00,2026-02-07 19:15:00,88.786
2026-02-07 19:30:00,2026-02-07 19:30:00,88.785
2026-02-07 19:45:00,2026-02-07 19:45:00,88.791
2026-02-07 20:00:00,2026-02-07 20:00:00,88.782
2026-02-07 20:15:00,2026-02-07 20:15:00,88.781
2026-02-07 20:30:00,2026-02-07 20:30:00,88.783
2026-02-07 20:45:00,2026-02-07 20:45:00,88.788
2026-02-07 21:00:00,2026-02-07 21:00:00,88.789
2026-02-07 21:15:00,2026-02-07 21:15:00,88.785
2026-02-07 21:30:00,2026-02-07 21:30:00,88.778
2026-02-07 21:45:00,2026-02-07 21:45:00,88.779
2026-02-07 22:00:00,2026-02-07 22:00:00,88.786
2026-02-07 22:15:00,2026-02-07 22:15:00,88.78
2026-02-07 22:30:00,2026-02-07 22:30:00,88.779
2026-02-07 22:45:00,2026-02-07 22:45:00,88.779
2026-02-07 23:00:00,2026-02-07 23:00:00,88.777
2026-02-07 23:15:00,2026-02-07 23:15:00,88.786
2026-02-07 23:30:00,2026-02-07 23:30:00,88.784
2026-02-07 23:45:00,2026-02-07 23:45:00,88.783
2026-02-08 00:00:00,2026-02-08 00:00:00,88.78
2026-02-08 00:15:00,2026-02-08 00:15:00,88.774
2026-02-08 00:30:00,2026-02-08 00:30:00,88.776
2026-02-08 00:45:00,2026-02-08 00:45:00,88.769
2026-02-08 01:00:00,2026-02-08 01:00:00,88.775
2026-02-08 01:15:00,2026-02-08 01:15:00,88.776
2026-02-08 01:30:00,2026-02-08 01:30:00,88.782
2026-02-08 01:45:00,2026-02-08 01:45:00,88.779
2026-02-08 02:00:00,2026-02-08 02:00:00,88.78
2026-02-08 02:15:00,2026-02-08 02:15:00,88.773
2026-02-08 02:30:00,2026-02-08 02:30:00,88.773
2026-02-08 02:45:00,2026-02-08 02:45:00,88.767
2026-02-08 03:00:00,2026-02-08 03:00:00,88.776
2026-02-08 03:15:00,2026-02-08 03:15:00,88.778
2026-02-08 03:30:00,2026-02-08 03:30:00,88.779
2026-02-08 03:45:00,2026-02-08 03:45:00,88.775
2026-02-08 04:00:00,2026-02-08 04:00:00,88.77
2026-02-08 04:15:00,2026-02-08 04:15:00,88.765
2026-02-08 04:30:00,2026-02-08 04:30:00,88.771
2026-02-08 04:45:00,2026-02-08 04:45:00,88.774
2026-02-08 05:00:00,2026-02-08 05:00:00,88.768
2026-02-08 05:15:00,2026-02-08 05:15:00,88.763
2026-02-08 05:30:00,2026-02-08 05:30:00,88.755
2026-02-08 05:45:00,2026-02-08 05:45:00,88.753
2026-02-08 06:00:00,2026-02-08 06:00:00,88.764
2026-02-08 06:15:00,2026-02-08 06:15:00,88.766
2026-02-08 06:30:00,2026-02-08 06:30:00,88.763
2026-02-08 06:45:00,2026-02-08 06:45:00,88.761
2026-02-08 07:00:00,2026-02-08 07:00:00,88.75
2026-02-08 07:15:00,2026-02-08 07:15:00,88.747
2026-02-08 07:30:00,2026-02-08 07:30:00,88.757
2026-02-08 07:45:00,2026-02-08 07:45:00,88.75
2026-02-08 08:00:00,2026-02-08 08:00:00,88.746
2026-02-08 08:15:00,2026-02-08 08:15:00,88.746
2026-02-08 08:30:00,2026-02-08 08:30:00,88.747
2026-02-08 08:45:00,2026-02-08 08:45:00,88.737
2026-02-08 09:00:00,2026-02-08 09:00:00,88.751
2026-02-08 09:15:00,2026-02-08 09:15:00,88.748
2026-02-08 09:30:00,2026-02-08 09:30:00,88.73
2026-02-08 09:45:00,2026-02-08 09:45:00,88.721
2026-02-08 10:00:00,2026-02-08 10:00:00,88.736
2026-02-08 10:15:00,2026-02-08 10:15:00,88.736
2026-02-08 10:30:00,2026-02-08 10:30:00,88.727
2026-02-08 10:45:00,2026-02-08 10:45:00,88.727
2026-02-08 11:00:00,2026-02-08 11:00:00,88.736
2026-02-08 11:15:00,2026-02-08 11:15:00,88.721
2026-02-08 11:30:00,2026-02-08 11:30:00,88.719
2026-02-08 11:45:00,2026-02-08 11:45:00,88.727
2026-02-08 12:00:00,2026-02-08 12:00:00,88.713
2026-02-08 12:15:00,2026-02-08 12:15:00,88.73
2026-02-08 12:30:00,2026-02-08 12:30:00,88.717
2026-02-08 12:45:00,2026-02-08 12:45:00,88.706
2026-02-08 13:00:00,2026-02-08 13:00:00,88.711
2026-02-08 13:15:00,2026-02-08 13:15:00,88.714
2026-02-08 13:30:00,2026-02-08 13:30:00,88.72
2026-02-08 13:45:00,2026-02-08 13:45:00,88.722
2026-02-08 14:00:00,2026-02-08 14:00:00,88.719
2026-02-08 14:15:00,2026-02-08 14:15:00,88.711
2026-02-08 14:30:00,2026-02-08 14:30:00,88.708
2026-02-08 14:45:00,2026-02-08 14:45:00,88.71
2026-02-08 15:00:00,2026-02-08 15:00:00,88.71
2026-02-08 15:15:00,2026-02-08 15:15:00,88.712
2026-02-08 15:30:00,2026-02-08 15:30:00,88.711
2026-02-08 15:45:00,2026-02-08 15:45:00,88.706
2026-02-08 16:00:00,2026-02-08 16:00:00,88.705
2026-02-08 16:15:00,2026-02-08 16:15:00,88.716
2026-02-08 16:30:00,2026-02-08 16:30:00,88.716
2026-02-08 16:45:00,2026-02-08 16:45:00,88.719
2026-02-08 17:00:00,2026-02-08 17:00:00,88.719
2026-02-08 17:15:00,2026-02-08 17:15:00,88.716
2026-02-08 17:30:00,2026-02-08 17:30:00,88.718
2026-02-08 17:45:00,2026-02-08 17:45:00,88.72
2026-02-08 18:00:00,2026-02-08 18:00:00,88.715
2026-02-08 18:15:00,2026-02-08 18:15:00,88.715
2026-02-08 18:30:00,2026-02-08 18:30:00,88.712
2026-02-08 18:45:00,2026-02-08 18:45:00,88.719
2026-02-08 19:00:00,2026-02-08 19:00:00,88.71
2026-02-08 19:15:00,2026-02-08 19:15:00,88.706
2026-02-08 19:30:00,2026-02-08 19:30:00,88.706
2026-02-08 19:45:00,2026-02-08 19:45:00,88.712
2026-02-08 20:00:00,2026-02-08 20:00:00,88.711
2026-02-08 20:15:00,2026-02-08 20:15:00,88.722
2026-02-08 20:30:00,2026-02-08 20:30:00,88.716
2026-02-08 20:45:00,2026-02-08 20:45:00,88.717
2026-02-08 21:00:00,2026-02-08 21:00:00,88.722
2026-02-08 21:15:00,2026-02-08 21:15:00,88.724
2026-02-08 21:30:00,2026-02-08 21:30:00,88.722
2026-02-08 21:45:00,2026-02-08 21:45:00,88.725
2026-02-08 22:00:00,2026-02-08 22:00:00,88.724
2026-02-08 22:15:00,2026-02-08 22:15:00,88.721
2026-02-08 22:30:00,2026-02-08 22:30:00,88.732
2026-02-08 22:45:00,2026-02-08 22:45:00,88.73
2026-02-08 23:00:00,2026-02-08 23:00:00,88.728
2026-02-08 23:15:00,2026-02-08 23:15:00,88.732
2026-02-08 23:30:00,2026-02-08 23:30:00,88.725
2026-02-08 23:45:00,2026-02-08 23:45:00,88.722
2026-02-09 00:00:00,2026-02-09 00:00:00,88.725
2026-02-09 00:15:00,2026-02-09 00:15:00,88.727
2026-02-09 00:30:00,2026-02-09 00:30:00,88.724
2026-02-09 00:45:00,2026-02-09 00:45:00,88.723
2026-02-09 01:00:00,2026-02-09 01:00:00,88.723
2026-02-09 01:15:00,2026-02-09 01:15:00,88.724
2026-02-09 01:30:00,2026-02-09 01:30:00,88.726
2026-02-09 01:45:00,2026-02-09 01:45:00,88.725
2026-02-09 02:00:00,2026-02-09 02:00:00,88.727
2026-02-09 02:15:00,2026-02-09 02:15:00,88.725
2026-02-09 02:30:00,2026-02-09 02:30:00,88.729
2026-02-09 02:45:00,2026-02-09 02:45:00,88.733
2026-02-09 03:00:00,2026-02-09 03:00:00,88.721
2026-02-09 03:15:00,2026-02-09 03:15:00,88.726
2026-02-09 03:30:00,2026-02-09 03:30:00,88.727
2026-02-09 03:45:00,2026-02-09 03:45:00,88.723
2026-02-09 04:00:00,2026-02-09 04:00:00,88.723
2026-02-09 04:15:00,2026-02-09 04:15:00,88.726
2026-02-09 04:30:00,2026-02-09 04:30:00,88.73
2026-02-09 04:45:00,2026-02-09 04:45:00,88.731
2026-02-09 05:00:00,2026-02-09 05:00:00,88.725
2026-02-09 05:15:00,2026-02-09 05:15:00,88.722
2026-02-09 05:30:00,2026-02-09 05:30:00,88.719
2026-02-09 05:45:00,2026-02-09 05:45:00,88.717
2026-02-09 06:00:00,2026-02-09 06:00:00,88.715
2026-02-09 06:15:00,2026-02-09 06:15:00,88.713
2026-02-09 06:30:00,2026-02-09 06:30:00,88.722
2026-02-09 06:45:00,2026-02-09 06:45:00,88.73
2026-02-09 07:00:00,2026-02-09 07:00:00,88.721
2026-02-09 07:15:00,2026-02-09 07:15:00,88.713
2026-02-09 07:30:00,2026-02-09 07:30:00,88.714
2026-02-09 07:45:00,2026-02-09 07:45:00,88.713
2026-02-09 08:00:00,2026-02-09 08:00:00,88.718
2026-02-09 08:15:00,2026-02-09 08:15:00,88.723
2026-02-09 08:30:00,2026-02-09 08:30:00,88.719
2026-02-09 08:45:00,2026-02-09 08:45:00,88.702
2026-02-09 09:00:00,2026-02-09 09:00:00,88.71
2026-02-09 09:15:00,2026-02-09 09:15:00,88.706
2026-02-09 09:30:00,2026-02-09 09:30:00,88.714
2026-02-09 09:45:00,2026-02-09 09:45:00,88.711
2026-02-09 10:00:00,2026-02-09 10:00:00,88.713
2026-02-09 10:15:00,2026-02-09 10:15:00,88.711
2026-02-09 10:30:00,2026-02-09 10:30:00,88.715
2026-02-09 10:45:00,2026-02-09 10:45:00,88.725
2026-02-09 11:00:00,2026-02-09 11:00:00,88.72
2026-02-09 11:15:00,2026-02-09 11:15:00,88.718
2026-02-09 11:30:00,2026-02-09 11:30:00,88.71
2026-02-09 11:45:00,2026-02-09 11:45:00,88.704
2026-02-09 12:00:00,2026-02-09 12:00:00,88.701
2026-02-09 12:15:00,2026-02-09 12:15:00,88.713
2026-02-09 12:30:00,2026-02-09 12:30:00,88.722
2026-02-09 12:45:00,2026-02-09 12:45:00,88.716
2026-02-09 13:00:00,2026-02-09 13:00:00,88.711
2026-02-09 13:15:00,2026-02-09 13:15:00,88.714
2026-02-09 13:30:00,2026-02-09 13:30:00,88.711
2026-02-09 13:45:00,2026-02-09 13:45:00,88.708
2026-02-09 14:00:00,2026-02-09 14:00:00,88.712
2026-02-09 14:15:00,2026-02-09 14:15:00,88.71
2026-02-09 14:30:00,2026-02-09 14:30:00,88.716
2026-02-09 14:45:00,2026-02-09 14:45:00,88.713
2026-02-09 15:00:00,2026-02-09 15:00:00,88.725
2026-02-09 15:15:00,2026-02-09 15:15:00,88.725
2026-02-09 15:30:00,2026-02-09 15:30:00,88.728
2026-02-09 15:45:00,2026-02-09 15:45:00,88.725
2026-02-09 16:00:00,2026-02-09 16:00:00,88.72
2026-02-09 16:15:00,2026-02-09 16:15:00,88.726
2026-02-09 16:30:00,2026-02-09 16:30:00,88.713
2026-02-09 16:45:00,2026-02-09 16:45:00,88.719
2026-02-09 17:00:00,2026-02-09 17:00:00,88.723
2026-02-09 17:15:00,2026-02-09 17:15:00,88.724
2026-02-09 17:30:00,2026-02-09 17:30:00,88.718
2026-02-09 17:45:00,2026-02-09 17:45:00,88.721
2026-02-09 18:00:00,2026-02-09 18:00:00,88.733
2026-02-09 18:15:00,2026-02-09 18:15:00,88.727
2026-02-09 18:30:00,2026-02-09 18:30:00,88.725
2026-02-09 18:45:00,2026-02-09 18:45:00,88.72
2026-02-09 19:00:00,2026-02-09 19:00:00,88.725
2026-02-09 19:15:00,2026-02-09 19:15:00,88.728
2026-02-09 19:30:00,2026-02-09 19:30:00,88.738
2026-02-09 19:45:00,2026-02-09 19:45:00,88.739
2026-02-09 20:00:00,2026-02-09 20:00:00,88.738
2026-02-09 20:15:00,2026-02-09 20:15:00,88.741
2026-02-09 20:30:00,2026-02-09 20:30:00,88.739
2026-02-09 20:45:00,2026-02-09 20:45:00,88.739
2026-02-09 21:00:00,2026-02-09 21:00:00,88.742
2026-02-09 21:15:00,2026-02-09 21:15:00,88.744
2026-02-09 21:30:00,2026-02-09 21:30:00,88.743
2026-02-09 21:45:00,2026-02-09 21:45:00,88.738
2026-02-09 22:00:00,2026-02-09 22:00:00,88.748
2026-02-09 22:15:00,2026-02-09 22:15:00,88.746
2026-02-09 22:30:00,2026-02-09 22:30:00,88.74
2026-02-09 22:45:00,2026-02-09 22:45:00,88.743
2026-02-09 23:00:00,2026-02-09 23:00:00,88.739
2026-02-09 23:15:00,2026-02-09 23:15:00,88.737
2026-02-09 23:30:00,2026-02-09 23:30:00,88.743
2026-02-09 23:45:00,2026-02-09 23:45:00,88.745
2026-02-10 00:00:00,2026-02-10 00:00:00,88.739
2026-02-10 00:15:00,2026-02-10 00:15:00,88.742
2026-02-10 00:30:00,2026-02-10 00:30:00,88.749
2026-02-10 00:45:00,2026-02-10 00:45:00,88.749
2026-02-10 01:00:00,2026-02-10 01:00:00,88.74
2026-02-10 01:15:00,2026-02-10 01:15:00,88.746
2026-02-10 01:30:00,2026-02-10 01:30:00,88.757
2026-02-10 01:45:00,2026-02-10 01:45:00,88.755
2026-02-10 02:00:00,2026-02-10 02:00:00,88.755
2026-02-10 02:15:00,2026-02-10 02:15:00,88.756
2026-02-10 02:30:00,2026-02-10 02:30:00,88.748
2026-02-10 02:45:00,2026-02-10 02:45:00,88.746
2026-02-10 03:00:00,2026-02-10 03:00:00,88.76
2026-02-10 03:15:00,2026-02-10 03:15:00,88.761
2026-02-10 03:30:00,2026-02-10 03:30:00,88.76
2026-02-10 03:45:00,2026-02-10 03:45:00,88.759
2026-02-10 04:00:00,2026-02-10 04:00:00,88.756
2026-02-10 04:15:00,2026-02-10 04:15:00,88.755
2026-02-10 04:30:00,2026-02-10 04:30:00,88.747
2026-02-10 04:45:00,2026-02-10 04:45:00,88.755
2026-02-10 05:00:00,2026-02-10 05:00:00,88.76
2026-02-10 05:15:00,2026-02-10 05:15:00,88.758
2026-02-10 05:30:00,2026-02-10 05:30:00,88.755
2026-02-10 05:45:00,2026-02-10 05:45:00,88.752
2026-02-10 06:00:00,2026-02-10 06:00:00,88.76
2026-02-10 06:15:00,2026-02-10 06:15:00,88.759
2026-02-10 06:30:00,2026-02-10 06:30:00,88.752
2026-02-10 06:45:00,2026-02-10 06:45:00,88.752
2026-02-10 07:00:00,2026-02-10 07:00:00,88.754
2026-02-10 07:15:00,2026-02-10 07:15:00,88.754
2026-02-10 07:30:00,2026-02-10 07:30:00,88.757
2026-02-10 07:45:00,2026-02-10 07:45:00,88.754
2026-02-10 08:00:00,2026-02-10 08:00:00,88.758
2026-02-10 08:15:00,2026-02-10 08:15:00,88.76
2026-02-10 08:30:00,2026-02-10 08:30:00,88.751
2026-02-10 08:45:00,2026-02-10 08:45:00,88.754
2026-02-10 09:00:00,2026-02-10 09:00:00,88.751
2026-02-10 09:15:00,2026-02-10 09:15:00,88.755
2026-02-10 09:30:00,2026-02-10 09:30:00,88.751
2026-02-10 09:45:00,2026-02-10 09:45:00,88.749
2026-02-10 10:00:00,2026-02-10 10:00:00,88.739
2026-02-10 10:15:00,2026-02-10 10:15:00,88.742
2026-02-10 10:30:00,2026-02-10 10:30:00,88.751
2026-02-10 10:45:00,2026-02-10 10:45:00,88.747
2026-02-10 11:00:00,2026-02-10 11:00:00,88.741
2026-02-10 11:15:00,2026-02-10 11:15:00,88.746
2026-02-10 11:30:00,2026-02-10 11:30:00,88.75
2026-02-10 11:45:00,2026-02-10 11:45:00,88.75
2026-02-10 12:00:00,2026-02-10 12:00:00,88.74
2026-02-10 12:15:00,2026-02-10 12:15:00,88.745
2026-02-10 12:30:00,2026-02-10 12:30:00,88.735
2026-02-10 12:45:00,2026-02-10 12:45:00,88.735
2026-02-10 13:00:00,2026-02-10 13:00:00,88.751
2026-02-10 13:15:00,2026-02-10 13:15:00,88.755
2026-02-10 13:30:00,2026-02-10 13:30:00,88.748
2026-02-10 13:45:00,2026-02-10 13:45:00,88.74
2026-02-10 14:00:00,2026-02-10 14:00:00,88.742
2026-02-10 14:15:00,2026-02-10 14:15:00,88.742
2026-02-10 14:30:00,2026-02-10 14:30:00,88.738
2026-02-10 14:45:00,2026-02-10 14:45:00,88.742
2026-02-10 15:00:00,2026-02-10 15:00:00,88.743
2026-02-10 15:15:00,2026-02-10 15:15:00,88.743
2026-02-10 15:30:00,2026-02-10 15:30:00,88.734
2026-02-10 15:45:00,2026-02-10 15:45:00,88.734
2026-02-10 16:00:00,2026-02-10 16:00:00,88.738
2026-02-10 16:15:00,2026-02-10 16:15:00,88.737
2026-02-10 16:30:00,2026-02-10 16:30:00,88.739
2026-02-10 16:45:00,2026-02-10 16:45:00,88.732
2026-02-10 17:00:00,2026-02-10 17:00:00,88.733
2026-02-10 17:15:00,2026-02-10 17:15:00,88.73
2026-02-10 17:30:00,2026-02-10 17:30:00,88.73
2026-02-10 17:45:00,2026-02-10 17:45:00,88.73
2026-02-10 18:00:00,2026-02-10 18:00:00,88.733
2026-02-10 18:15:00,2026-02-10 18:15:00,88.738
2026-02-10 18:30:00,2026-02-10 18:30:00,88.744
2026-02-10 18:45:00,2026-02-10 18:45:00,88.745
2026-02-10 19:00:00,2026-02-10 19:00:00,88.748
2026-02-10 19:15:00,2026-02-10 19:15:00,88.749
2026-02-10 19:30:00,2026-02-10 19:30:00,88.745
2026-02-10 19:45:00,2026-02-10 19:45:00,88.746
2026-02-10 20:00:00,2026-02-10 20:00:00,88.747
2026-02-10 20:15:00,2026-02-10 20:15:00,88.746
2026-02-10 20:30:00,2026-02-10 20:30:00,88.748
2026-02-10 20:45:00,2026-02-10 20:45:00,88.748
2026-02-10 21:00:00,2026-02-10 21:00:00,88.749
2026-02-10 21:15:00,2026-02-10 21:15:00,88.749
2026-02-10 21:30:00,2026-02-10 21:30:00,88.749
2026-02-10 21:45:00,2026-02-10 21:45:00,88.75
2026-02-10 22:00:00,2026-02-10 22:00:00,88.749
2026-02-10 22:15:00,2026-02-10 22:15:00,88.745
2026-02-10 22:30:00,2026-02-10 22:30:00,88.748
2026-02-10 22:45:00,2026-02-10 22:45:00,88.75
2026-02-10 23:00:00,2026-02-10 23:00:00,88.75
2026-02-10 23:15:00,2026-02-10 23:15:00,88.75
2026-02-10 23:30:00,2026-02-10 23:30:00,88.753
2026-02-10 23:45:00,2026-02-10 23:45:00,88.754
2026-02-11 00:00:00,2026-02-11 00:00:00,88.744
2026-02-11 00:15:00,2026-02-11 00:15:00,88.747
2026-02-11 00:30:00,2026-02-11 00:30:00,88.754
2026-02-11 00:45:00,2026-02-11 00:45:00,88.753
2026-02-11 01:00:00,2026-02-11 01:00:00,88.758
2026-02-11 01:15:00,2026-02-11 01:15:00,88.762
2026-02-11 01:30:00,2026-02-11 01:30:00,88.747
2026-02-11 01:45:00,2026-02-11 01:45:00,88.748
2026-02-11 02:00:00,2026-02-11 02:00:00,88.765
2026-02-11 02:15:00,2026-02-11 02:15:00,88.762
2026-02-11 02:30:00,2026-02-11 02:30:00,88.756
2026-02-11 02:45:00,2026-02-11 02:45:00,88.758
2026-02-11 03:00:00,2026-02-11 03:00:00,88.754
2026-02-11 03:15:00,2026-02-11 03:15:00,88.751
2026-02-11 03:30:00,2026-02-11 03:30:00,88.754
2026-02-11 03:45:00,2026-02-11 03:45:00,88.759
2026-02-11 04:00:00,2026-02-11 04:00:00,88.751
2026-02-11 04:15:00,2026-02-11 04:15:00,88.752
2026-02-11 04:30:00,2026-02-11 04:30:00,88.758
2026-02-11 04:45:00,2026-02-11 04:45:00,88.748
2026-02-11 05:00:00,2026-02-11 05:00:00,88.749
2026-02-11 05:15:00,2026-02-11 05:15:00,88.751
2026-02-11 05:30:00,2026-02-11 05:30:00,88.758
2026-02-11 05:45:00,2026-02-11 05:45:00,88.757
2026-02-11 06:00:00,2026-02-11 06:00:00,88.754
2026-02-11 06:15:00,2026-02-11 06:15:00,88.756
2026-02-11 06:30:00,2026-02-11 06:30:00,88.762
2026-02-11 06:45:00,2026-02-11 06:45:00,88.767
2026-02-11 07:00:00,2026-02-11 07:00:00,88.751
2026-02-11 07:15:00,2026-02-11 07:15:00,88.748
2026-02-11 07:30:00,2026-02-11 07:30:00,88.757
2026-02-11 07:45:00,2026-02-11 07:45:00,88.756
2026-02-11 08:00:00,2026-02-11 08:00:00,88.756
2026-02-11 08:15:00,2026-02-11 08:15:00,88.756
2026-02-11 08:30:00,2026-02-11 08:30:00,88.75
2026-02-11 08:45:00,2026-02-11 08:45:00,88.745
2026-02-11 09:00:00,2026-02-11 09:00:00,88.742
2026-02-11 09:15:00,2026-02-11 09:15:00,88.744
2026-02-11 09:30:00,2026-02-11 09:30:00,88.75
2026-02-11 09:45:00,2026-02-11 09:45:00,88.756
2026-02-11 10:00:00,2026-02-11 10:00:00,88.755
2026-02-11 10:15:00,2026-02-11 10:15:00,88.753
2026-02-11 10:30:00,2026-02-11 10:30:00,88.746
2026-02-11 10:45:00,2026-02-11 10:45:00,88.747
2026-02-11 11:00:00,2026-02-11 11:00:00,88.733
2026-02-11 11:15:00,2026-02-11 11:15:00,88.742
2026-02-11 11:30:00,2026-02-11 11:30:00,88.744
2026-02-11 11:45:00,2026-02-11 11:45:00,88.745
2026-02-11 12:00:00,2026-02-11 12:00:00,88.739
2026-02-11 12:15:00,2026-02-11 12:15:00,88.741
2026-02-11 12:30:00,2026-02-11 12:30:00,88.729
2026-02-11 12:45:00,2026-02-11 12:45:00,88.729
2026-02-11 13:00:00,2026-02-11 13:00:00,88.724
2026-02-11 13:15:00,2026-02-11 13:15:00,88.727
2026-02-11 13:30:00,2026-02-11 13:30:00,88.729
2026-02-11 13:45:00,2026-02-11 13:45:00,88.726
2026-02-11 14:00:00,2026-02-11 14:00:00,88.744
2026-02-11 14:15:00,2026-02-11 14:15:00,88.741
2026-02-11 14:30:00,2026-02-11 14:30:00,88.735
2026-02-11 14:45:00,2026-02-11 14:45:00,88.737
2026-02-11 15:00:00,2026-02-11 15:00:00,88.729
2026-02-11 15:15:00,2026-02-11 15:15:00,88.728
2026-02-11 15:30:00,2026-02-11 15:30:00,88.742
2026-02-11 15:45:00,2026-02-11 15:45:00,88.74
2026-02-11 16:00:00,2026-02-11 16:00:00,88.732
2026-02-11 16:15:00,2026-02-11 16:15:00,88.737
2026-02-11 16:30:00,2026-02-11 16:30:00,88.73
2026-02-11 16:45:00,2026-02-11 16:45:00,88.724
2026-02-11 17:00:00,2026-02-11 17:00:00,88.734
2026-02-11 17:15:00,2026-02-11 17:15:00,88.739
2026-02-11 17:30:00,2026-02-11 17:30:00,88.737
2026-02-11 17:45:00,2026-02-11 17:45:00,88.734
2026-02-11 18:00:00,2026-02-11 18:00:00,88.731
2026-02-11 18:15:00,2026-02-11 18:15:00,88.731
2026-02-11 18:30:00,2026-02-11 18:30:00,88.73
2026-02-11 18:45:00,2026-02-11 18:45:00,88.727
2026-02-11 19:00:00,2026-02-11 19:00:00,88.73
2026-02-11 19:15:00,2026-02-11 19:15:00,88.732
2026-02-11 19:30:00,2026-02-11 19:30:00,88.738
2026-02-11 19:45:00,2026-02-11 19:45:00,88.734
2026-02-11 20:00:00,2026-02-11 20:00:00,88.733
2026-02-11 20:15:00,2026-02-11 20:15:00,88.73
2026-02-11 20:30:00,2026-02-11 20:30:00,88.73
2026-02-11 20:45:00,2026-02-11 20:45:00,88.731
2026-02-11 21:00:00,2026-02-11 21:00:00,88.733
2026-02-11 21:15:00,2026-02-11 21:15:00,88.736
2026-02-11 21:30:00,2026-02-11 21:30:00,88.735
2026-02-11 21:45:00,2026-02-11 21:45:00,88.734
2026-02-11 22:00:00,2026-02-11 22:00:00,88.728
2026-02-11 22:15:00,2026-02-11 22:15:00,88.73
2026-02-11 22:30:00,2026-02-11 22:30:00,88.734
2026-02-11 22:45:00,2026-02-11 22:45:00,88.735
2026-02-11 23:00:00,2026-02-11 23:00:00,88.735
2026-02-11 23:15:00,2026-02-11 23:15:00,88.736
2026-02-11 23:30:00,2026-02-11 23:30:00,88.74
2026-02-11 23:45:00,2026-02-11 23:45:00,88.739
2026-02-12 00:00:00,2026-02-12 00:00:00,88.733
2026-02-12 00:15:00,2026-02-12 00:15:00,88.735
2026-02-12 00:30:00,2026-02-12 00:30:00,88.733
2026-02-12 00:45:00,2026-02-12 00:45:00,88.735
2026-02-12 01:00:00,2026-02-12 01:00:00,88.745
2026-02-12 01:15:00,2026-02-12 01:15:00,88.742
2026-02-12 01:30:00,2026-02-12 01:30:00,88.739
2026-02-12 01:45:00,2026-02-12 01:45:00,88.742
2026-02-12 02:00:00,2026-02-12 02:00:00,88.746
2026-02-12 02:15:00,2026-02-12 02:15:00,88.741
2026-02-12 02:30:00,2026-02-12 02:30:00,88.738
2026-02-12 02:45:00,2026-02-12 02:45:00,88.745
2026-02-12 03:00:00,2026-02-12 03:00:00,88.742
2026-02-12 03:15:00,2026-02-12 03:15:00,88.746
2026-02-12 03:30:00,2026-02-12 03:30:00,88.747
2026-02-12 03:45:00,2026-02-12 03:45:00,88.743
2026-02-12 04:00:00,2026-02-12 04:00:00,88.745
2026-02-12 04:15:00,2026-02-12 04:15:00,88.747
2026-02-12 04:30:00,2026-02-12 04:30:00,88.736
2026-02-12 04:45:00,2026-02-12 04:45:00,88.732
2026-02-12 05:00:00,2026-02-12 05:00:00,88.742
2026-02-12 05:15:00,2026-02-12 05:15:00,88.744
2026-02-12 05:30:00,2026-02-12 05:30:00,88.737
2026-02-12 05:45:00,2026-02-12 05:45:00,88.742
2026-02-12 06:00:00,2026-02-12 06:00:00,88.741
2026-02-12 06:15:00,2026-02-12 06:15:00,88.739
2026-02-12 06:30:00,2026-02-12 06:30:00,88.739
2026-02-12 06:45:00,2026-02-12 06:45:00,88.743
2026-02-12 07:00:00,2026-02-12 07:00:00,88.735
2026-02-12 07:15:00,2026-02-12 07:15:00,88.733
2026-02-12 07:30:00,2026-02-12 07:30:00,88.745
2026-02-12 07:45:00,2026-02-12 07:45:00,88.743
2026-02-12 08:00:00,2026-02-12 08:00:00,88.734
2026-02-12 08:15:00,2026-02-12 08:15:00,88.736
2026-02-12 08:30:00,2026-02-12 08:30:00,88.732
2026-02-12 08:45:00,2026-02-12 08:45:00,88.729
2026-02-12 09:00:00,2026-02-12 09:00:00,88.737
2026-02-12 09:15:00,2026-02-12 09:15:00,88.739
2026-02-12 09:30:00,2026-02-12 09:30:00,88.725
2026-02-12 09:45:00,2026-02-12 09:45:00,88.726
2026-02-12 10:00:00,2026-02-12 10:00:00,88.73
2026-02-12 10:15:00,2026-02-12 10:15:00,88.734
2026-02-12 10:30:00,2026-02-12 10:30:00,88.727
2026-02-12 10:45:00,2026-02-12 10:45:00,88.728
2026-02-12 11:00:00,2026-02-12 11:00:00,88.721
2026-02-12 11:15:00,2026-02-12 11:15:00,88.719
2026-02-12 11:30:00,2026-02-12 11:30:00,88.72
2026-02-12 11:45:00,2026-02-12 11:45:00,88.716
2026-02-12 12:00:00,2026-02-12 12:00:00,88.713
2026-02-12 12:15:00,2026-02-12 12:15:00,88.711
2026-02-12 12:30:00,2026-02-12 12:30:00,88.723
2026-02-12 12:45:00,2026-02-12 12:45:00,88.717
2026-02-12 13:00:00,2026-02-12 13:00:00,88.704
2026-02-12 13:15:00,2026-02-12 13:15:00,88.713
2026-02-12 13:30:00,2026-02-12 13:30:00,88.709
2026-02-12 13:45:00,2026-02-12 13:45:00,88.704
2026-02-12 14:00:00,2026-02-12 14:00:00,88.714
2026-02-12 14:15:00,2026-02-12 14:15:00,88.712
2026-02-12 14:30:00,2026-02-12 14:30:00,88.705
2026-02-12 14:45:00,2026-02-12 14:45:00,88.704
2026-02-12 15:00:00,2026-02-12 15:00:00,88.71
2026-02-12 15:15:00,2026-02-12 15:15:00,88.71
2026-02-12 15:30:00,2026-02-12 15:30:00,88.704
2026-02-12 15:45:00,2026-02-12 15:45:00,88.702
2026-02-12 16:00:00,2026-02-12 16:00:00,88.705
2026-02-12 16:15:00,2026-02-12 16:15:00,88.703
2026-02-12 16:30:00,2026-02-12 16:30:00,88.711
2026-02-12 16:45:00,2026-02-12 16:45:00,88.709
2026-02-12 17:00:00,2026-02-12 17:00:00,88.699
2026-02-12 17:15:00,2026-02-12 17:15:00,88.703
2026-02-12 17:30:00,2026-02-12 17:30:00,88.705
2026-02-12 17:45:00,2026-02-12 17:45:00,88.7
2026-02-12 18:00:00,2026-02-12 18:00:00,88.711
2026-02-12 18:15:00,2026-02-12 18:15:00,88.713
2026-02-12 18:30:00,2026-02-12 18:30:00,88.707
2026-02-12 18:45:00,2026-02-12 18:45:00,88.707
2026-02-12 19:00:00,2026-02-12 19:00:00,88.712
2026-02-12 19:15:00,2026-02-12 19:15:00,88.709
2026-02-12 19:30:00,2026-02-12 19:30:00,88.708
2026-02-12 19:45:00,2026-02-12 19:45:00,88.707
2026-02-12 20:00:00,2026-02-12 20:00:00,88.71
2026-02-12 20:15:00,2026-02-12 20:15:00,88.711
2026-02-12 20:30:00,2026-02-12 20:30:00,88.712
2026-02-12 20:45:00,2026-02-12 20:45:00,88.711
2026-02-12 21:00:00,2026-02-12 21:00:00,88.715
2026-02-12 21:15:00,2026-02-12 21:15:00,88.716
2026-02-12 21:30:00,2026-02-12 21:30:00,88.71
2026-02-12 21:45:00,2026-02-12 21:45:00,88.715
2026-02-12 22:00:00,2026-02-12 22:00:00,88.72
2026-02-12 22:15:00,2026-02-12 22:15:00,88.719
2026-02-12 22:30:00,2026-02-12 22:30:00,88.719
2026-02-12 22:45:00,2026-02-12 22:45:00,88.718
2026-02-12 23:00:00,2026-02-12 23:00:00,88.717
2026-02-12 23:15:00,2026-02-12 23:15:00,88.718
2026-02-12 23:30:00,2026-02-12 23:30:00,88.723
2026-02-12 23:45:00,2026-02-12 23:45:00,88.722
2026-02-13 00:00:00,2026-02-13 00:00:00,88.72
2026-02-13 00:15:00,2026-02-13 00:15:00,88.719
2026-02-13 00:30:00,2026-02-13 00:30:00,88.719
2026-02-13 00:45:00,2026-02-13 00:45:00,88.721
2026-02-13 01:00:00,2026-02-13 01:00:00,88.716
2026-02-13 01:15:00,2026-02-13 01:15:00,88.72
2026-02-13 01:30:00,2026-02-13 01:30:00,88.725
2026-02-13 01:45:00,2026-02-13 01:45:00,88.725
2026-02-13 02:00:00,2026-02-13 02:00:00,88.728
2026-02-13 02:15:00,2026-02-13 02:15:00,88.73
2026-02-13 02:30:00,2026-02-13 02:30:00,88.723
2026-02-13 02:45:00,2026-02-13 02:45:00,88.722
2026-02-13 03:00:00,2026-02-13 03:00:00,88.729
2026-02-13 03:15:00,2026-02-13 03:15:00,88.725
2026-02-13 03:30:00,2026-02-13 03:30:00,88.724
2026-02-13 03:45:00,2026-02-13 03:45:00,88.722
2026-02-13 04:00:00,2026-02-13 04:00:00,88.728
2026-02-13 04:15:00,2026-02-13 04:15:00,88.731
2026-02-13 04:30:00,2026-02-13 04:30:00,88.714
2026-02-13 04:45:00,2026-02-13 04:45:00,88.712
2026-02-13 05:00:00,2026-02-13 05:00:00,88.718
2026-02-13 05:15:00,2026-02-13 05:15:00,88.72
2026-02-13 05:30:00,2026-02-13 05:30:00,88.721
2026-02-13 05:45:00,2026-02-13 05:45:00,88.718
2026-02-13 06:00:00,2026-02-13 06:00:00,88.718
2026-02-13 06:15:00,2026-02-13 06:15:00,88.721
2026-02-13 06:30:00,2026-02-13 06:30:00,88.723
2026-02-13 06:45:00,2026-02-13 06:45:00,88.722
2026-02-13 07:00:00,2026-02-13 07:00:00,88.722
2026-02-13 07:15:00,2026-02-13 07:15:00,88.718
2026-02-13 07:30:00,2026-02-13 07:30:00,88.72
2026-02-13 07:45:00,2026-02-13 07:45:00,88.713
2026-02-13 08:00:00,2026-02-13 08:00:00,88.712
2026-02-13 08:15:00,2026-02-13 08:15:00,88.713
2026-02-13 08:30:00,2026-02-13 08:30:00,88.71
2026-02-13 08:45:00,2026-02-13 08:45:00,88.716
2026-02-13 09:00:00,2026-02-13 09:00:00,88.719
2026-02-13 09:15:00,2026-02-13 09:15:00,88.714
2026-02-13 09:30:00,2026-02-13 09:30:00,88.717
2026-02-13 09:45:00,2026-02-13 09:45:00,88.715
2026-02-13 10:00:00,2026-02-13 10:00:00,88.704
2026-02-13 10:15:00,2026-02-13 10:15:00,88.709
2026-02-13 10:30:00,2026-02-13 10:30:00,88.703
2026-02-13 10:45:00,2026-02-13 10:45:00,88.705
2026-02-13 11:00:00,2026-02-13 11:00:00,88.701
2026-02-13 11:15:00,2026-02-13 11:15:00,88.699
2026-02-13 11:30:00,2026-02-13 11:30:00,88.704
2026-02-13 11:45:00,2026-02-13 11:45:00,88.7
2026-02-13 12:00:00,2026-02-13 12:00:00,88.706
2026-02-13 12:15:00,2026-02-13 12:15:00,88.7
2026-02-13 12:30:00,2026-02-13 12:30:00,88.701
2026-02-13 12:45:00,2026-02-13 12:45:00,88.698
2026-02-13 13:00:00,2026-02-13 13:00:00,88.696
2026-02-13 13:15:00,2026-02-13 13:15:00,88.699
2026-02-13 13:30:00,2026-02-13 13:30:00,88.697
2026-02-13 13:45:00,2026-02-13 13:45:00,88.695
2026-02-13 14:00:00,2026-02-13 14:00:00,88.696
2026-02-13 14:15:00,2026-02-13 14:15:00,88.699
2026-02-13 14:30:00,2026-02-13 14:30:00,88.691
2026-02-13 14:45:00,2026-02-13 14:45:00,88.693
2026-02-13 15:00:00,2026-02-13 15:00:00,88.695
2026-02-13 15:15:00,2026-02-13 15:15:00,88.691
2026-02-13 15:30:00,2026-02-13 15:30:00,88.694
2026-02-13 15:45:00,2026-02-13 15:45:00,88.696
2026-02-13 16:00:00,2026-02-13 16:00:00,88.687
2026-02-13 16:15:00,2026-02-13 16:15:00,88.691
2026-02-13 16:30:00,2026-02-13 16:30:00,88.69
2026-02-13 16:45:00,2026-02-13 16:45:00,88.687
2026-02-13 17:00:00,2026-02-13 17:00:00,88.689
2026-02-13 17:15:00,2026-02-13 17:15:00,88.694
2026-02-13 17:30:00,2026-02-13 17:30:00,88.692
2026-02-13 17:45:00,2026-02-13 17:45:00,88.682
2026-02-13 18:00:00,2026-02-13 18:00:00,88.699
2026-02-13 18:15:00,2026-02-13 18:15:00,88.696
2026-02-13 18:30:00,2026-02-13 18:30:00,88.677
2026-02-13 18:45:00,2026-02-13 18:45:00,88.682
2026-02-13 19:00:00,2026-02-13 19:00:00,88.694
2026-02-13 19:15:00,2026-02-13 19:15:00,88.693
2026-02-13 19:30:00,2026-02-13 19:30:00,88.689
2026-02-13 19:45:00,2026-02-13 19:45:00,88.696
2026-02-13 20:00:00,2026-02-13 20:00:00,88.695
2026-02-13 20:15:00,2026-02-13 20:15:00,88.694
2026-02-13 20:30:00,2026-02-13 20:30:00,88.684
2026-02-13 20:45:00,2026-02-13 20:45:00,88.688
2026-02-13 21:00:00,2026-02-13 21:00:00,88.682
2026-02-13 21:15:00,2026-02-13 21:15:00,88.684
2026-02-13 21:30:00,2026-02-13 21:30:00,88.696
2026-02-13 21:45:00,2026-02-13 21:45:00,88.692
2026-02-13 22:00:00,2026-02-13 22:00:00,88.69
2026-02-13 22:15:00,2026-02-13 22:15:00,88.689
2026-02-13 22:30:00,2026-02-13 22:30:00,88.688
2026-02-13 22:45:00,2026-02-13 22:45:00,88.687
2026-02-13 23:00:00,2026-02-13 23:00:00,88.687
2026-02-13 23:15:00,2026-02-13 23:15:00,88.685
2026-02-13 23:30:00,2026-02-13 23:30:00,88.69
2026-02-13 23:45:00,2026-02-13 23:45:00,88.69
2026-02-14 00:00:00,2026-02-14 00:00:00,88.694
2026-02-14 00:15:00,2026-02-14 00:15:00,88.694
2026-02-14 00:30:00,2026-02-14 00:30:00,88.691
2026-02-14 00:45:00,2026-02-14 00:45:00,88.69
2026-02-14 01:00:00,2026-02-14 01:00:00,88.686
2026-02-14 01:15:00,2026-02-14 01:15:00,88.682
2026-02-14 01:30:00,2026-02-14 01:30:00,88.694
2026-02-14 01:45:00,2026-02-14 01:45:00,88.694
2026-02-14 02:00:00,2026-02-14 02:00:00,88.691
2026-02-14 02:15:00,2026-02-14 02:15:00,88.692
2026-02-14 02:30:00,2026-02-14 02:30:00,88.694
2026-02-14 02:45:00,2026-02-14 02:45:00,88.689
2026-02-14 03:00:00,2026-02-14 03:00:00,88.692
2026-02-14 03:15:00,2026-02-14 03:15:00,88.692
2026-02-14 03:30:00,2026-02-14 03:30:00,88.688
2026-02-14 03:45:00,2026-02-14 03:45:00,88.691
2026-02-14 04:00:00,2026-02-14 04:00:00,88.687
2026-02-14 04:15:00,2026-02-14 04:15:00,88.687
2026-02-14 04:30:00,2026-02-14 04:30:00,88.691
2026-02-14 04:45:00,2026-02-14 04:45:00,88.695
2026-02-14 05:00:00,2026-02-14 05:00:00,88.697
2026-02-14 05:15:00,2026-02-14 05:15:00,88.696
2026-02-14 05:30:00,2026-02-14 05:30:00,88.682
2026-02-14 05:45:00,2026-02-14 05:45:00,88.683
2026-02-14 06:00:00,2026-02-14 06:00:00,88.689
2026-02-14 06:15:00,2026-02-14 06:15:00,88.687
2026-02-14 06:30:00,2026-02-14 06:30:00,88.688
2026-02-14 06:45:00,2026-02-14 06:45:00,88.688
2026-02-14 07:00:00,2026-02-14 07:00:00,88.69
2026-02-14 07:15:00,2026-02-14 07:15:00,88.685
2026-02-14 07:30:00,2026-02-14 07:30:00,88.681
2026-02-14 07:45:00,2026-02-14 07:45:00,88.673
2026-02-14 08:00:00,2026-02-14 08:00:00,88.68
2026-02-14 08:15:00,2026-02-14 08:15:00,88.672
2026-02-14 08:30:00,2026-02-14 08:30:00,88.676
2026-02-14 08:45:00,2026-02-14 08:45:00,88.679
2026-02-14 09:00:00,2026-02-14 09:00:00,88.679
2026-02-14 09:15:00,2026-02-14 09:15:00,88.672
2026-02-14 09:30:00,2026-02-14 09:30:00,88.683
2026-02-14 09:45:00,2026-02-14 09:45:00,88.683
2026-02-14 10:00:00,2026-02-14 10:00:00,88.681
2026-02-14 10:15:00,2026-02-14 10:15:00,88.678
2026-02-14 10:30:00,2026-02-14 10:30:00,88.677
2026-02-14 10:45:00,2026-02-14 10:45:00,88.679
2026-02-14 11:00:00,2026-02-14 11:00:00,88.669
2026-02-14 11:15:00,2026-02-14 11:15:00,88.667
2026-02-14 11:30:00,2026-02-14 11:30:00,88.66
2026-02-14 11:45:00,2026-02-14 11:45:00,88.655
2026-02-14 12:00:00,2026-02-14 12:00:00,88.669
2026-02-14 12:15:00,2026-02-14 12:15:00,88.673
2026-02-14 12:30:00,2026-02-14 12:30:00,88.66
2026-02-14 12:45:00,2026-02-14 12:45:00,88.661
2026-02-14 13:00:00,2026-02-14 13:00:00,88.666
2026-02-14 13:15:00,2026-02-14 13:15:00,88.662
2026-02-14 13:30:00,2026-02-14 13:30:00,88.655
2026-02-14 13:45:00,2026-02-14 13:45:00,88.658
2026-02-14 14:00:00,2026-02-14 14:00:00,88.653
2026-02-14 14:15:00,2026-02-14 14:15:00,88.65
2026-02-14 14:30:00,2026-02-14 14:30:00,88.663
2026-02-14 14:45:00,2026-02-14 14:45:00,88.663
2026-02-14 15:00:00,2026-02-14 15:00:00,88.658
2026-02-14 15:15:00,2026-02-14 15:15:00,88.662
2026-02-14 15:30:00,2026-02-14 15:30:00,88.654
2026-02-14 15:45:00,2026-02-14 15:45:00,88.65
2026-02-14 16:00:00,2026-02-14 16:00:00,88.659
2026-02-14 16:15:00,2026-02-14 16:15:00,88.658
2026-02-14 16:30:00,2026-02-14 16:30:00,88.648
2026-02-14 16:45:00,2026-02-14 16:45:00,88.646
2026-02-14 17:00:00,2026-02-14 17:00:00,88.651
2026-02-14 17:15:00,2026-02-14 17:15:00,88.654
2026-02-14 17:30:00,2026-02-14 17:30:00,88.657
2026-02-14 17:45:00,2026-02-14 17:45:00,88.653
2026-02-14 18:00:00,2026-02-14 18:00:00,88.647
2026-02-14 18:15:00,2026-02-14 18:15:00,88.651
2026-02-14 18:30:00,2026-02-14 18:30:00,88.65
2026-02-14 18:45:00,2026-02-14 18:45:00,88.651
2026-02-14 19:00:00,2026-02-14 19:00:00,88.659
2026-02-14 19:15:00,2026-02-14 19:15:00,88.655
2026-02-14 19:30:00,2026-02-14 19:30:00,88.643
2026-02-14 19:45:00,2026-02-14 19:45:00,88.649
2026-02-14 20:00:00,2026-02-14 20:00:00,88.655
2026-02-14 20:15:00,2026-02-14 20:15:00,88.652
2026-02-14 20:30:00,2026-02-14 20:30:00,88.653
2026-02-14 20:45:00,2026-02-14 20:45:00,88.653
2026-02-14 21:00:00,2026-02-14 21:00:00,88.653
2026-02-14 21:15:00,2026-02-14 21:15:00,88.654
2026-02-14 21:30:00,2026-02-14 21:30:00,88.655
2026-02-14 21:45:00,2026-02-14 21:45:00,88.653
2026-02-14 22:00:00,2026-02-14 22:00:00,88.65
2026-02-14 22:15:00,2026-02-14 22:15:00,88.651
2026-02-14 22:30:00,2026-02-14 22:30:00,88.655
2026-02-14 22:45:00,2026-02-14 22:45:00,88.655
2026-02-14 23:00:00,2026-02-14 23:00:00,88.655
2026-02-14 23:15:00,2026-02-14 23:15:00,88.654
2026-02-14 23:30:00,2026-02-14 23:30:00,88.656
2026-02-14 23:45:00,2026-02-14 23:45:00,88.657
2026-02-15 00:00:00,2026-02-15 00:00:00,88.653
2026-02-15 00:15:00,2026-02-15 00:15:00,88.652
2026-02-15 00:30:00,2026-02-15 00:30:00,88.655
2026-02-15 00:45:00,2026-02-15 00:45:00,88.655
2026-02-15 01:00:00,2026-02-15 01:00:00,88.651
2026-02-15 01:15:00,2026-02-15 01:15:00,88.648
2026-02-15 01:30:00,2026-02-15 01:30:00,88.651
2026-02-15 01:45:00,2026-02-15 01:45:00,88.656
2026-02-15 02:00:00,2026-02-15 02:00:00,88.655
2026-02-15 02:15:00,2026-02-15 02:15:00,88.652
2026-02-15 02:30:00,2026-02-15 02:30:00,88.655
2026-02-15 02:45:00,2026-02-15 02:45:00,88.655
2026-02-15 03:00:00,2026-02-15 03:00:00,88.653
2026-02-15 03:15:00,2026-02-15 03:15:00,88.657
2026-02-15 03:30:00,2026-02-15 03:30:00,88.655
2026-02-15 03:45:00,2026-02-15 03:45:00,88.651
2026-02-15 04:00:00,2026-02-15 04:00:00,88.652
2026-02-15 04:15:00,2026-02-15 04:15:00,88.651
2026-02-15 04:30:00,2026-02-15 04:30:00,88.645
2026-02-15 04:45:00,2026-02-15 04:45:00,88.648
2026-02-15 05:00:00,2026-02-15 05:00:00,88.659
2026-02-15 05:15:00,2026-02-15 05:15:00,88.656
2026-02-15 05:30:00,2026-02-15 05:30:00,88.644
2026-02-15 05:45:00,2026-02-15 05:45:00,88.644
2026-02-15 06:00:00,2026-02-15 06:00:00,88.648
2026-02-15 06:15:00,2026-02-15 06:15:00,88.654
2026-02-15 06:30:00,2026-02-15 06:30:00,88.647
2026-02-15 06:45:00,2026-02-15 06:45:00,88.641
2026-02-15 07:00:00,2026-02-15 07:00:00,88.645
2026-02-15 07:15:00,2026-02-15 07:15:00,88.65
2026-02-15 07:30:00,2026-02-15 07:30:00,88.636
2026-02-15 07:45:00,2026-02-15 07:45:00,88.637
2026-02-15 08:00:00,2026-02-15 08:00:00,88.642
2026-02-15 08:15:00,2026-02-15 08:15:00,88.646
2026-02-15 08:30:00,2026-02-15 08:30:00,88.652
2026-02-15 08:45:00,2026-02-15 08:45:00,88.653
2026-02-15 09:00:00,2026-02-15 09:00:00,88.641
2026-02-15 09:15:00,2026-02-15 09:15:00,88.636
2026-02-15 09:30:00,2026-02-15 09:30:00,88.625
2026-02-15 09:45:00,2026-02-15 09:45:00,88.625
2026-02-15 10:00:00,2026-02-15 10:00:00,88.642
2026-02-15 10:15:00,2026-02-15 10:15:00,88.644
2026-02-15 10:30:00,2026-02-15 10:30:00,88.629
2026-02-15 10:45:00,2026-02-15 10:45:00,88.625
2026-02-15 11:00:00,2026-02-15 11:00:00,88.627
2026-02-15 11:15:00,2026-02-15 11:15:00,88.626
2026-02-15 11:30:00,2026-02-15 11:30:00,88.627
2026-02-15 11:45:00,2026-02-15 11:45:00,88.63
2026-02-15 12:00:00,2026-02-15 12:00:00,88.631
2026-02-15 12:15:00,2026-02-15 12:15:00,88.629
2026-02-15 12:30:00,2026-02-15 12:30:00,88.619
2026-02-15 12:45:00,2026-02-15 12:45:00,88.616
2026-02-15 13:00:00,2026-02-15 13:00:00,88.62
2026-02-15 13:15:00,2026-02-15 13:15:00,88.619
2026-02-15 13:30:00,2026-02-15 13:30:00,88.618
2026-02-15 13:45:00,2026-02-15 13:45:00,88.616
2026-02-15 14:00:00,2026-02-15 14:00:00,88.612
2026-02-15 14:15:00,2026-02-15 14:15:00,88.606
2026-02-15 14:30:00,2026-02-15 14:30:00,88.623
2026-02-15 14:45:00,2026-02-15 14:45:00,88.618
2026-02-15 15:00:00,2026-02-15 15:00:00,88.616
2026-02-15 15:15:00,2026-02-15 15:15:00,88.618
2026-02-15 15:30:00,2026-02-15 15:30:00,88.61
2026-02-15 15:45:00,2026-02-15 15:45:00,88.615
2026-02-15 16:00:00,2026-02-15 16:00:00,88.607
2026-02-15 16:15:00,2026-02-15 16:15:00,88.609
2026-02-15 16:30:00,2026-02-15 16:30:00,88.615
2026-02-15 16:45:00,2026-02-15 16:45:00,88.616
2026-02-15 17:00:00,2026-02-15 17:00:00,88.602
2026-02-15 17:15:00,2026-02-15 17:15:00,88.607
2026-02-15 17:30:00,2026-02-15 17:30:00,88.61
2026-02-15 17:45:00,2026-02-15 17:45:00,88.607
2026-02-15 18:00:00,2026-02-15 18:00:00,88.61
2026-02-15 18:15:00,2026-02-15 18:15:00,88.606
2026-02-15 18:30:00,2026-02-15 18:30:00,88.611
2026-02-15 18:45:00,2026-02-15 18:45:00,88.613
2026-02-15 19:00:00,2026-02-15 19:00:00,88.607
2026-02-15 19:15:00,2026-02-15 19:15:00,88.606
2026-02-15 19:30:00,2026-02-15 19:30:00,88.607
2026-02-15 19:45:00,2026-02-15 19:45:00,88.602
2026-02-15 20:00:00,2026-02-15 20:00:00,88.603
2026-02-15 20:15:00,2026-02-15 20:15:00,88.612
2026-02-15 20:30:00,2026-02-15 20:30:00,88.616
2026-02-15 20:45:00,2026-02-15 20:45:00,88.611
2026-02-15 21:00:00,2026-02-15 21:00:00,88.618
2026-02-15 21:15:00,2026-02-15 21:15:00,88.613
2026-02-15 21:30:00,2026-02-15 21:30:00,88.609
2026-02-15 21:45:00,2026-02-15 21:45:00,88.61
2026-02-15 22:00:00,2026-02-15 22:00:00,88.614
2026-02-15 22:15:00,2026-02-15 22:15:00,88.615
2026-02-15 22:30:00,2026-02-15 22:30:00,88.608
2026-02-15 22:45:00,2026-02-15 22:45:00,88.607
2026-02-15 23:00:00,2026-02-15 23:00:00,88.607
2026-02-15 23:15:00,2026-02-15 23:15:00,88.608
2026-02-15 23:30:00,2026-02-15 23:30:00,88.603
2026-02-15 23:45:00,2026-02-15 23:45:00,88.604
2026-02-16 00:00:00,2026-02-16 00:00:00,88.61
2026-02-16 00:15:00,2026-02-16 00:15:00,88.608
2026-02-16 00:30:00,2026-02-16 00:30:00,88.609
2026-02-16 00:45:00,2026-02-16 00:45:00,88.609
2026-02-16 01:00:00,2026-02-16 01:00:00,88.61
2026-02-16 01:15:00,2026-02-16 01:15:00,88.609
2026-02-16 01:30:00,2026-02-16 01:30:00,88.603
2026-02-16 01:45:00,2026-02-16 01:45:00,88.603
2026-02-16 02:00:00,2026-02-16 02:00:00,88.613
2026-02-16 02:15:00,2026-02-16 02:15:00,88.61
2026-02-16 02:30:00,2026-02-16 02:30:00,88.613
2026-02-16 02:45:00,2026-02-16 02:45:00,88.611
2026-02-16 03:00:00,2026-02-16 03:00:00,88.609
2026-02-16 03:15:00,2026-02-16 03:15:00,88.611
2026-02-16 03:30:00,2026-02-16 03:30:00,88.611
2026-02-16 03:45:00,2026-02-16 03:45:00,88.617
2026-02-16 04:00:00,2026-02-16 04:00:00,88.61
2026-02-16 04:15:00,2026-02-16 04:15:00,88.61
2026-02-16 04:30:00,2026-02-16 04:30:00,88.605
2026-02-16 04:45:00,2026-02-16 04:45:00,88.606
2026-02-16 05:00:00,2026-02-16 05:00:00,88.615
2026-02-16 05:15:00,2026-02-16 05:15:00,88.616
2026-02-16 05:30:00,2026-02-16 05:30:00,88.599
2026-02-16 05:45:00,2026-02-16 05:45:00,88.599
2026-02-16 06:00:00,2026-02-16 06:00:00,88.606
2026-02-16 06:15:00,2026-02-16 06:15:00,88.607
2026-02-16 06:30:00,2026-02-16 06:30:00,88.61
2026-02-16 06:45:00,2026-02-16 06:45:00,88.616
2026-02-16 07:00:00,2026-02-16 07:00:00,88.608
2026-02-16 07:15:00,2026-02-16 07:15:00,88.6
2026-02-16 07:30:00,2026-02-16 07:30:00,88.597
2026-02-16 07:45:00,2026-02-16 07:45:00,88.602
2026-02-16 08:00:00,2026-02-16 08:00:00,88.586
2026-02-16 08:15:00,2026-02-16 08:15:00,88.595
2026-02-16 08:30:00,2026-02-16 08:30:00,88.604
2026-02-16 08:45:00,2026-02-16 08:45:00,88.605
2026-02-16 09:00:00,2026-02-16 09:00:00,88.594
2026-02-16 09:15:00,2026-02-16 09:15:00,88.591
2026-02-16 09:30:00,2026-02-16 09:30:00,88.597
2026-02-16 09:45:00,2026-02-16 09:45:00,88.599
2026-02-16 10:00:00,2026-02-16 10:00:00,88.578
2026-02-16 10:15:00,2026-02-16 10:15:00,88.582
2026-02-16 10:30:00,2026-02-16 10:30:00,88.594
2026-02-16 10:45:00,2026-02-16 10:45:00,88.592
2026-02-16 11:00:00,2026-02-16 11:00:00,88.577
2026-02-16 11:15:00,2026-02-16 11:15:00,88.575
2026-02-16 11:30:00,2026-02-16 11:30:00,88.584
2026-02-16 11:45:00,2026-02-16 11:45:00,88.582
2026-02-16 12:00:00,2026-02-16 12:00:00,88.583
2026-02-16 12:15:00,2026-02-16 12:15:00,88.58
2026-02-16 12:30:00,2026-02-16 12:30:00,88.576
2026-02-16 12:45:00,2026-02-16 12:45:00,88.577
2026-02-16 13:00:00,2026-02-16 13:00:00,88.581
2026-02-16 13:15:00,2026-02-16 13:15:00,88.575
2026-02-16 13:30:00,2026-02-16 13:30:00,88.577
2026-02-16 13:45:00,2026-02-16 13:45:00,88.573
2026-02-16 14:00:00,2026-02-16 14:00:00,88.576
2026-02-16 14:15:00,2026-02-16 14:15:00,88.578
2026-02-16 14:30:00,2026-02-16 14:30:00,88.58
2026-02-16 14:45:00,2026-02-16 14:45:00,88.578
2026-02-16 15:00:00,2026-02-16 15:00:00,88.584
2026-02-16 15:15:00,2026-02-16 15:15:00,88.583
2026-02-16 15:30:00,2026-02-16 15:30:00,88.57
2026-02-16 15:45:00,2026-02-16 15:45:00,88.578
2026-02-16 16:00:00,2026-02-16 16:00:00,88.574
2026-02-16 16:15:00,2026-02-16 16:15:00,88.577
2026-02-16 16:30:00,2026-02-16 16:30:00,88.578
2026-02-16 16:45:00,2026-02-16 16:45:00,88.577
2026-02-16 17:00:00,2026-02-16 17:00:00,88.573
2026-02-16 17:15:00,2026-02-16 17:15:00,88.575
2026-02-16 17:30:00,2026-02-16 17:30:00,88.579
2026-02-16 17:45:00,2026-02-16 17:45:00,88.578
2026-02-16 18:00:00,2026-02-16 18:00:00,88.57
2026-02-16 18:15:00,2026-02-16 18:15:00,88.575
2026-02-16 18:30:00,2026-02-16 18:30:00,88.571
2026-02-16 18:45:00,2026-02-16 18:45:00,88.564
2026-02-16 19:00:00,2026-02-16 19:00:00,88.572
2026-02-16 19:15:00,2026-02-16 19:15:00,88.58
2026-02-16 19:30:00,2026-02-16 19:30:00,88.573
2026-02-16 19:45:00,2026-02-16 19:45:00,88.567
2026-02-16 20:00:00,2026-02-16 20:00:00,88.58
2026-02-16 20:15:00,2026-02-16 20:15:00,88.579
2026-02-16 20:30:00,2026-02-16 20:30:00,88.579
2026-02-16 20:45:00,2026-02-16 20:45:00,88.577
2026-02-16 21:00:00,2026-02-16 21:00:00,88.583
2026-02-16 21:15:00,2026-02-16 21:15:00,88.579
2026-02-16 21:30:00,2026-02-16 21:30:00,88.578
2026-02-16 21:45:00,2026-02-16 21:45:00,88.581
2026-02-16 22:00:00,2026-02-16 22:00:00,88.571
2026-02-16 22:15:00,2026-02-16 22:15:00,88.57
2026-02-16 22:30:00,2026-02-16 22:30:00,88.582
2026-02-16 22:45:00,2026-02-16 22:45:00,88.581
2026-02-16 23:00:00,2026-02-16 23:00:00,88.57
2026-02-16 23:15:00,2026-02-16 23:15:00,88.572
2026-02-16 23:30:00,2026-02-16 23:30:00,88.572
2026-02-16 23:45:00,2026-02-16 23:45:00,88.57
2026-02-17 00:00:00,2026-02-17 00:00:00,88.576
2026-02-17 00:15:00,2026-02-17 00:15:00,88.578
2026-02-17 00:30:00,2026-02-17 00:30:00,88.58
2026-02-17 00:45:00,2026-02-17 00:45:00,88.578
2026-02-17 01:00:00,2026-02-17 01:00:00,88.576
2026-02-17 01:15:00,2026-02-17 01:15:00,88.578
2026-02-17 01:30:00,2026-02-17 01:30:00,88.579
2026-02-17 01:45:00,2026-02-17 01:45:00,88.578
2026-02-17 02:00:00,2026-02-17 02:00:00,88.578
2026-02-17 02:15:00,2026-02-17 02:15:00,88.577
2026-02-17 02:30:00,2026-02-17 02:30:00,88.582
2026-02-17 02:45:00,2026-02-17 02:45:00,88.582
2026-02-17 03:00:00,2026-02-17 03:00:00,88.572
2026-02-17 03:15:00,2026-02-17 03:15:00,88.576
2026-02-17 03:30:00,2026-02-17 03:30:00,88.577
2026-02-17 03:45:00,2026-02-17 03:45:00,88.575
2026-02-17 04:00:00,2026-02-17 04:00:00,88.573
2026-02-17 04:15:00,2026-02-17 04:15:00,88.577
2026-02-17 04:30:00,2026-02-17 04:30:00,88.579
2026-02-17 04:45:00,2026-02-17 04:45:00,88.581
2026-02-17 05:00:00,2026-02-17 05:00:00,88.565
2026-02-17 05:15:00,2026-02-17 05:15:00,88.565
2026-02-17 05:30:00,2026-02-17 05:30:00,88.573
2026-02-17 05:45:00,2026-02-17 05:45:00,88.576
2026-02-17 06:00:00,2026-02-17 06:00:00,88.57
2026-02-17 06:15:00,2026-02-17 06:15:00,88.57
2026-02-17 06:30:00,2026-02-17 06:30:00,88.563
2026-02-17 06:45:00,2026-02-17 06:45:00,88.558
2026-02-17 07:00:00,2026-02-17 07:00:00,88.576
2026-02-17 07:15:00,2026-02-17 07:15:00,88.579
2026-02-17 07:30:00,2026-02-17 07:30:00,88.573
2026-02-17 07:45:00,2026-02-17 07:45:00,88.566
2026-02-17 08:00:00,2026-02-17 08:00:00,88.566
2026-02-17 08:15:00,2026-02-17 08:15:00,88.572
2026-02-17 08:30:00,2026-02-17 08:30:00,88.569
2026-02-17 08:45:00,2026-02-17 08:45:00,88.571
2026-02-17 09:00:00,2026-02-17 09:00:00,88.567
2026-02-17 09:15:00,2026-02-17 09:15:00,88.566
2026-02-17 09:30:00,2026-02-17 09:30:00,88.563
2026-02-17 09:45:00,2026-02-17 09:45:00,88.563
2026-02-17 10:00:00,2026-02-17 10:00:00,88.561
2026-02-17 10:15:00,2026-02-17 10:15:00,88.558
2026-02-17 10:30:00,2026-02-17 10:30:00,88.569
2026-02-17 10:45:00,2026-02-17 10:45:00,88.571
2026-02-17 11:00:00,2026-02-17 11:00:00,88.557
2026-02-17 11:15:00,2026-02-17 11:15:00,88.556
2026-02-17 11:30:00,2026-02-17 11:30:00,88.581
2026-02-17 11:45:00,2026-02-17 11:45:00,88.579
2026-02-17 12:00:00,2026-02-17 12:00:00,88.573
2026-02-17 12:15:00,2026-02-17 12:15:00,88.566
2026-02-17 12:30:00,2026-02-17 12:30:00,88.569
2026-02-17 12:45:00,2026-02-17 12:45:00,88.571
2026-02-17 13:00:00,2026-02-17 13:00:00,88.577
2026-02-17 13:15:00,2026-02-17 13:15:00,88.571
2026-02-17 13:30:00,2026-02-17 13:30:00,88.583
2026-02-17 13:45:00,2026-02-17 13:45:00,88.577
2026-02-17 14:00:00,2026-02-17 14:00:00,88.571
2026-02-17 14:15:00,2026-02-17 14:15:00,88.566
2026-02-17 14:30:00,2026-02-17 14:30:00,88.586
2026-02-17 14:45:00,2026-02-17 14:45:00,88.592
2026-02-17 15:00:00,2026-02-17 15:00:00,88.582
2026-02-17 15:15:00,2026-02-17 15:15:00,88.581
2026-02-17 15:30:00,2026-02-17 15:30:00,88.589
2026-02-17 15:45:00,2026-02-17 15:45:00,88.589
2026-02-17 16:00:00,2026-02-17 16:00:00,88.587
2026-02-17 16:15:00,2026-02-17 16:15:00,88.596
2026-02-17 16:30:00,2026-02-17 16:30:00,88.592
2026-02-17 16:45:00,2026-02-17 16:45:00,88.587
2026-02-17 17:00:00,2026-02-17 17:00:00,88.586
2026-02-17 17:15:00,2026-02-17 17:15:00,88.582
2026-02-17 17:30:00,2026-02-17 17:30:00,88.581
2026-02-17 17:45:00,2026-02-17 17:45:00,88.578
2026-02-17 18:00:00,2026-02-17 18:00:00,88.587
2026-02-17 18:15:00,2026-02-17 18:15:00,88.587
2026-02-17 18:30:00,2026-02-17 18:30:00,88.588
2026-02-17 18:45:00,2026-02-17 18:45:00,88.588
2026-02-17 19:00:00,2026-02-17 19:00:00,88.588
2026-02-17 19:15:00,2026-02-17 19:15:00,88.589
2026-02-17 19:30:00,2026-02-17 19:30:00,88.587
2026-02-17 19:45:00,2026-02-17 19:45:00,88.588
2026-02-17 20:00:00,2026-02-17 20:00:00,88.593
2026-02-17 20:15:00,2026-02-17 20:15:00,88.589
2026-02-17 20:30:00,2026-02-17 20:30:00,88.597
2026-02-17 20:45:00,2026-02-17 20:45:00,88.595
2026-02-17 21:00:00,2026-02-17 21:00:00,88.594
2026-02-17 21:15:00,2026-02-17 21:15:00,88.597
2026-02-17 21:30:00,2026-02-17 21:30:00,88.593
2026-02-17 21:45:00,2026-02-17 21:45:00,88.594
2026-02-17 22:00:00,2026-02-17 22:00:00,88.595
2026-02-17 22:15:00,2026-02-17 22:15:00,88.598
2026-02-17 22:30:00,2026-02-17 22:30:00,88.6
2026-02-17 22:45:00,2026-02-17 22:45:00,88.602
2026-02-17 23:00:00,2026-02-17 23:00:00,88.591
2026-02-17 23:15:00,2026-02-17 23:15:00,88.591
2026-02-17 23:30:00,2026-02-17 23:30:00,88.605
2026-02-17 23:45:00,2026-02-17 23:45:00,88.604
2026-02-18 00:00:00,2026-02-18 00:00:00,88.598
2026-02-18 00:15:00,2026-02-18 00:15:00,88.599
2026-02-18 00:30:00,2026-02-18 00:30:00,88.607
2026-02-18 00:45:00,2026-02-18 00:45:00,88.602
2026-02-18 01:00:00,2026-02-18 01:00:00,88.6
2026-02-18 01:15:00,2026-02-18 01:15:00,88.596
2026-02-18 01:30:00,2026-02-18 01:30:00,88.596
2026-02-18 01:45:00,2026-02-18 01:45:00,88.599
2026-02-18 02:00:00,2026-02-18 02:00:00,88.601
2026-02-18 02:15:00,2026-02-18 02:15:00,88.599
2026-02-18 02:30:00,2026-02-18 02:30:00,88.603
2026-02-18 02:45:00,2026-02-18 02:45:00,88.603
2026-02-18 03:00:00,2026-02-18 03:00:00,88.605
2026-02-18 03:15:00,2026-02-18 03:15:00,88.604
2026-02-18 03:30:00,2026-02-18 03:30:00,88.604
2026-02-18 03:45:00,2026-02-18 03:45:00,88.605
2026-02-18 04:00:00,2026-02-18 04:00:00,88.606
2026-02-18 04:15:00,2026-02-18 04:15:00,88.609
2026-02-18 04:30:00,2026-02-18 04:30:00,88.596
2026-02-18 04:45:00,2026-02-18 04:45:00,88.599
2026-02-18 05:00:00,2026-02-18 05:00:00,88.604
2026-02-18 05:15:00,2026-02-18 05:15:00,88.597
2026-02-18 05:30:00,2026-02-18 05:30:00,88.602
2026-02-18 05:45:00,2026-02-18 05:45:00,88.601
2026-02-18 06:00:00,2026-02-18 06:00:00,88.607
2026-02-18 06:15:00,2026-02-18 06:15:00,88.606
2026-02-18 06:30:00,2026-02-18 06:30:00,88.601
2026-02-18 06:45:00,2026-02-18 06:45:00,88.6
2026-02-18 07:00:00,2026-02-18 07:00:00,88.606
2026-02-18 07:15:00,2026-02-18 07:15:00,88.606
2026-02-18 07:30:00,2026-02-18 07:30:00,88.602
2026-02-18 07:45:00,2026-02-18 07:45:00,88.602
2026-02-18 08:00:00,2026-02-18 08:00:00,88.611
2026-02-18 08:15:00,2026-02-18 08:15:00,88.614
2026-02-18 08:30:00,2026-02-18 08:30:00,88.611
2026-02-18 08:45:00,2026-02-18 08:45:00,88.614
2026-02-18 09:00:00,2026-02-18 09:00:00,88.611
2026-02-18 09:15:00,2026-02-18 09:15:00,88.609
2026-02-18 09:30:00,2026-02-18 09:30:00,88.607
2026-02-18 09:45:00,2026-02-18 09:45:00,88.607
2026-02-18 10:00:00,2026-02-18 10:00:00,88.605
2026-02-18 10:15:00,2026-02-18 10:15:00,88.604
2026-02-18 10:30:00,2026-02-18 10:30:00,88.615
2026-02-18 10:45:00,2026-02-18 10:45:00,88.61
2026-02-18 11:00:00,2026-02-18 11:00:00,88.596
2026-02-18 11:15:00,2026-02-18 11:15:00,88.589
2026-02-18 11:30:00,2026-02-18 11:30:00,88.576
2026-02-18 11:45:00,2026-02-18 11:45:00,88.59
2026-02-18 12:00:00,2026-02-18 12:00:00,88.597
2026-02-18 12:15:00,2026-02-18 12:15:00,88.596
2026-02-18 12:30:00,2026-02-18 12:30:00,88.603
2026-02-18 12:45:00,2026-02-18 12:45:00,88.591
2026-02-18 13:00:00,2026-02-18 13:00:00,88.583
2026-02-18 13:15:00,2026-02-18 13:15:00,88.586
2026-02-18 13:30:00,2026-02-18 13:30:00,88.592
2026-02-18 13:45:00,2026-02-18 13:45:00,88.606
2026-02-18 14:00:00,2026-02-18 14:00:00,88.593
2026-02-18 14:15:00,2026-02-18 14:15:00,88.582
2026-02-18 14:30:00,2026-02-18 14:30:00,88.6
2026-02-18 14:45:00,2026-02-18 14:45:00,88.6
2026-02-18 15:00:00,2026-02-18 15:00:00,88.591
2026-02-18 15:15:00,2026-02-18 15:15:00,88.599
2026-02-18 15:30:00,2026-02-18 15:30:00,88.6
2026-02-18 15:45:00,2026-02-18 15:45:00,88.596
2026-02-18 16:00:00,2026-02-18 16:00:00,88.587
2026-02-18 16:15:00,2026-02-18 16:15:00,88.595
2026-02-18 16:30:00,2026-02-18 16:30:00,88.598
2026-02-18 16:45:00,2026-02-18 16:45:00,88.59
2026-02-18 17:00:00,2026-02-18 17:00:00,88.583
2026-02-18 17:15:00,2026-02-18 17:15:00,88.593
2026-02-18 17:30:00,2026-02-18 17:30:00,88.594
2026-02-18 17:45:00,2026-02-18 17:45:00,88.583
2026-02-18 18:00:00,2026-02-18 18:00:00,88.59
2026-02-18 18:15:00,2026-02-18 18:15:00,88.593
2026-02-18 18:30:00,2026-02-18 18:30:00,88.59
2026-02-18 18:45:00,2026-02-18 18:45:00,88.582
2026-02-18 19:00:00,2026-02-18 19:00:00,88.592
2026-02-18 19:15:00,2026-02-18 19:15:00,88.591
2026-02-18 19:30:00,2026-02-18 19:30:00,88.594
2026-02-18 19:45:00,2026-02-18 19:45:00,88.596
2026-02-18 20:00:00,2026-02-18 20:00:00,88.605
2026-02-18 20:15:00,2026-02-18 20:15:00,88.598
2026-02-18 20:30:00,2026-02-18 20:30:00,88.588
2026-02-18 20:45:00,2026-02-18 20:45:00,88.595
2026-02-18 21:00:00,2026-02-18 21:00:00,88.594
2026-02-18 21:15:00,2026-02-18 21:15:00,88.602
2026-02-18 21:30:00,2026-02-18 21:30:00,88.592
2026-02-18 21:45:00,2026-02-18 21:45:00,88.594
2026-02-18 22:00:00,2026-02-18 22:00:00,88.601
2026-02-18 22:15:00,2026-02-18 22:15:00,88.601
2026-02-18 22:30:00,2026-02-18 22:30:00,88.596
2026-02-18 22:45:00,2026-02-18 22:45:00,88.603
2026-02-18 23:00:00,2026-02-18 23:00:00,88.596
2026-02-18 23:15:00,2026-02-18 23:15:00,88.602
2026-02-18 23:30:00,2026-02-18 23:30:00,88.602
2026-02-18 23:45:00,2026-02-18 23:45:00,88.604
2026-02-19 00:00:00,2026-02-19 00:00:00,88.598
2026-02-19 00:15:00,2026-02-19 00:15:00,88.605
2026-02-19 00:30:00,2026-02-19 00:30:00,88.601
2026-02-19 00:45:00,2026-02-19 00:45:00,88.599
2026-02-19 01:00:00,2026-02-19 01:00:00,88.6
2026-02-19 01:15:00,2026-02-19 01:15:00,88.604
2026-02-19 01:30:00,2026-02-19 01:30:00,88.596
2026-02-19 01:45:00,2026-02-19 01:45:00,88.598
2026-02-19 02:00:00,2026-02-19 02:00:00,88.6
2026-02-19 02:15:00,2026-02-19 02:15:00,88.611
2026-02-19 02:30:00,2026-02-19 02:30:00,88.597
2026-02-19 02:45:00,2026-02-19 02:45:00,88.605
2026-02-19 03:00:00,2026-02-19 03:00:00,88.607
2026-02-19 03:15:00,2026-02-19 03:15:00,88.602
2026-02-19 03:30:00,2026-02-19 03:30:00,88.605
2026-02-19 03:45:00,2026-02-19 03:45:00,88.618
2026-02-19 04:00:00,2026-02-19 04:00:00,88.614
2026-02-19 04:15:00,2026-02-19 04:15:00,88.606
2026-02-19 04:30:00,2026-02-19 04:30:00,88.607
2026-02-19 04:45:00,2026-02-19 04:45:00,88.596
2026-02-19 05:00:00,2026-02-19 05:00:00,88.599
2026-02-19 05:15:00,2026-02-19 05:15:00,88.609
2026-02-19 05:30:00,2026-02-19 05:30:00,88.603
2026-02-19 05:45:00,2026-02-19 05:45:00,88.6
2026-02-19 06:00:00,2026-02-19 06:00:00,88.601
2026-02-19 06:15:00,2026-02-19 06:15:00,88.599
2026-02-19 06:30:00,2026-02-19 06:30:00,88.592
2026-02-19 06:45:00,2026-02-19 06:45:00,88.605
2026-02-19 07:00:00,2026-02-19 07:00:00,88.602
2026-02-19 07:15:00,2026-02-19 07:15:00,88.595
2026-02-19 07:30:00,2026-02-19 07:30:00,88.608
2026-02-19 07:45:00,2026-02-19 07:45:00,88.608
2026-02-19 08:00:00,2026-02-19 08:00:00,88.601
2026-02-19 08:15:00,2026-02-19 08:15:00,88.6
2026-02-19 08:30:00,2026-02-19 08:30:00,88.606
2026-02-19 08:45:00,2026-02-19 08:45:00,88.588
2026-02-19 09:00:00,2026-02-19 09:00:00,88.602
2026-02-19 09:15:00,2026-02-19 09:15:00,88.596
2026-02-19 09:30:00,2026-02-19 09:30:00,88.593
2026-02-19 09:45:00,2026-02-19 09:45:00,88.602
2026-02-19 10:00:00,2026-02-19 10:00:00,88.6
2026-02-19 10:15:00,2026-02-19 10:15:00,88.592
2026-02-19 10:30:00,2026-02-19 10:30:00,88.591
2026-02-19 10:45:00,2026-02-19 10:45:00,88.603
2026-02-19 11:00:00,2026-02-19 11:00:00,88.582
2026-02-19 11:15:00,2026-02-19 11:15:00,88.589
2026-02-19 11:30:00,2026-02-19 11:30:00,88.584
2026-02-19 11:45:00,2026-02-19 11:45:00,88.598
2026-02-19 12:00:00,2026-02-19 12:00:00,88.579
2026-02-19 12:15:00,2026-02-19 12:15:00,88.598
2026-02-19 12:30:00,2026-02-19 12:30:00,88.596
2026-02-19 12:45:00,2026-02-19 12:45:00,88.591
2026-02-19 13:00:00,2026-02-19 13:00:00,88.592
2026-02-19 13:15:00,2026-02-19 13:15:00,88.595
2026-02-19 13:30:00,2026-02-19 13:30:00,88.581
2026-02-19 13:45:00,2026-02-19 13:45:00,88.589
2026-02-19 14:00:00,2026-02-19 14:00:00,88.611
2026-02-19 14:15:00,2026-02-19 14:15:00,88.603
2026-02-19 14:30:00,2026-02-19 14:30:00,88.595
2026-02-19 14:45:00,2026-02-19 14:45:00,88.604
2026-02-19 15:00:00,2026-02-19 15:00:00,88.598
2026-02-19 15:15:00,2026-02-19 15:15:00,88.591
2026-02-19 15:30:00,2026-02-19 15:30:00,88.597
2026-02-19 15:45:00,2026-02-19 15:45:00,88.599
2026-02-19 16:00:00,2026-02-19 16:00:00,88.604
2026-02-19 16:15:00,2026-02-19 16:15:00,88.604
2026-02-19 16:30:00,2026-02-19 16:30:00,88.592
2026-02-19 16:45:00,2026-02-19 16:45:00,88.591
2026-02-19 17:00:00,2026-02-19 17:00:00,88.603
2026-02-19 17:15:00,2026-02-19 17:15:00,88.602
2026-02-19 17:30:00,2026-02-19 17:30:00,88.591
2026-02-19 17:45:00,2026-02-19 17:45:00,88.592
2026-02-19 18:00:00,2026-02-19 18:00:00,88.598
2026-02-19 18:15:00,2026-02-19 18:15:00,88.595
2026-02-19 18:30:00,2026-02-19 18:30:00,88.601
2026-02-19 18:45:00,2026-02-19 18:45:00,88.601
2026-02-19 19:00:00,2026-02-19 19:00:00,88.596
2026-02-19 19:15:00,2026-02-19 19:15:00,88.598
2026-02-19 19:30:00,2026-02-19 19:30:00,88.598
2026-02-19 19:45:00,2026-02-19 19:45:00,88.595
2026-02-19 20:00:00,2026-02-19 20:00:00,88.6
2026-02-19 20:15:00,2026-02-19 20:15:00,88.607
2026-02-19 20:30:00,2026-02-19 20:30:00,88.606
2026-02-19 20:45:00,2026-02-19 20:45:00,88.602
2026-02-19 21:00:00,2026-02-19 21:00:00,88.611
2026-02-19 21:15:00,2026-02-19 21:15:00,88.609
2026-02-19 21:30:00,2026-02-19 21:30:00,88.612
2026-02-19 21:45:00,2026-02-19 21:45:00,88.614
2026-02-19 22:00:00,2026-02-19 22:00:00,88.617
2026-02-19 22:15:00,2026-02-19 22:15:00,88.617
2026-02-19 22:30:00,2026-02-19 22:30:00,88.622
2026-02-19 22:45:00,2026-02-19 22:45:00,88.626
2026-02-19 23:00:00,2026-02-19 23:00:00,88.622
2026-02-19 23:15:00,2026-02-19 23:15:00,88.623
2026-02-19 23:30:00,2026-02-19 23:30:00,88.624
2026-02-19 23:45:00,2026-02-19 23:45:00,88.624
2026-02-20 00:00:00,2026-02-20 00:00:00,88.628
2026-02-20 00:15:00,2026-02-20 00:15:00,88.625
2026-02-20 00:30:00,2026-02-20 00:30:00,88.633
2026-02-20 00:45:00,2026-02-20 00:45:00,88.632
2026-02-20 01:00:00,2026-02-20 01:00:00,88.631
2026-02-20 01:15:00,2026-02-20 01:15:00,88.627
2026-02-20 01:30:00,2026-02-20 01:30:00,88.631
2026-02-20 01:45:00,2026-02-20 01:45:00,88.632
2026-02-20 02:00:00,2026-02-20 02:00:00,88.632
2026-02-20 02:15:00,2026-02-20 02:15:00,88.631
2026-02-20 02:30:00,2026-02-20 02:30:00,88.639
2026-02-20 02:45:00,2026-02-20 02:45:00,88.643
2026-02-20 03:00:00,2026-02-20 03:00:00,88.641
2026-02-20 03:15:00,2026-02-20 03:15:00,88.638
2026-02-20 03:30:00,2026-02-20 03:30:00,88.653
2026-02-20 03:45:00,2026-02-20 03:45:00,88.653
2026-02-20 04:00:00,2026-02-20 04:00:00,88.641
2026-02-20 04:15:00,2026-02-20 04:15:00,88.638
2026-02-20 04:30:00,2026-02-20 04:30:00,88.634
2026-02-20 04:45:00,2026-02-20 04:45:00,88.64
2026-02-20 05:00:00,2026-02-20 05:00:00,88.635
2026-02-20 05:15:00,2026-02-20 05:15:00,88.634
2026-02-20 05:30:00,2026-02-20 05:30:00,88.639
2026-02-20 05:45:00,2026-02-20 05:45:00,88.638
2026-02-20 06:00:00,2026-02-20 06:00:00,88.634
2026-02-20 06:15:00,2026-02-20 06:15:00,88.635
2026-02-20 06:30:00,2026-02-20 06:30:00,88.637
2026-02-20 06:45:00,2026-02-20 06:45:00,88.64
2026-02-20 07:00:00,2026-02-20 07:00:00,88.633
2026-02-20 07:15:00,2026-02-20 07:15:00,88.633
2026-02-20 07:30:00,2026-02-20 07:30:00,88.638
2026-02-20 07:45:00,2026-02-20 07:45:00,88.634
2026-02-20 08:00:00,2026-02-20 08:00:00,88.638
2026-02-20 08:15:00,2026-02-20 08:15:00,88.638
2026-02-20 08:30:00,2026-02-20 08:30:00,88.623
2026-02-20 08:45:00,2026-02-20 08:45:00,88.624
2026-02-20 09:00:00,2026-02-20 09:00:00,88.637
2026-02-20 09:15:00,2026-02-20 09:15:00,88.638
2026-02-20 09:30:00,2026-02-20 09:30:00,88.641
2026-02-20 09:45:00,2026-02-20 09:45:00,88.632
2026-02-20 10:00:00,2026-02-20 10:00:00,88.633
2026-02-20 10:15:00,2026-02-20 10:15:00,88.635
2026-02-20 10:30:00,2026-02-20 10:30:00,88.626
2026-02-20 10:45:00,2026-02-20 10:45:00,88.629
2026-02-20 11:00:00,2026-02-20 11:00:00,88.619
2026-02-20 11:15:00,2026-02-20 11:15:00,88.63
2026-02-20 11:30:00,2026-02-20 11:30:00,88.626
2026-02-20 11:45:00,2026-02-20 11:45:00,88.626
2026-02-20 12:00:00,2026-02-20 12:00:00,88.623
2026-02-20 12:15:00,2026-02-20 12:15:00,88.626
2026-02-20 12:30:00,2026-02-20 12:30:00,88.629
2026-02-20 12:45:00,2026-02-20 12:45:00,88.63
2026-02-20 13:00:00,2026-02-20 13:00:00,88.611
2026-02-20 13:15:00,2026-02-20 13:15:00,88.613
2026-02-20 13:30:00,2026-02-20 13:30:00,88.635
2026-02-20 13:45:00,2026-02-20 13:45:00,88.635
2026-02-20 14:00:00,2026-02-20 14:00:00,88.64
2026-02-20 14:15:00,2026-02-20 14:15:00,88.643
2026-02-20 14:30:00,2026-02-20 14:30:00,88.629
2026-02-20 14:45:00,2026-02-20 14:45:00,88.63
2026-02-20 15:00:00,2026-02-20 15:00:00,88.649
2026-02-20 15:15:00,2026-02-20 15:15:00,88.644
2026-02-20 15:30:00,2026-02-20 15:30:00,88.646
2026-02-20 15:45:00,2026-02-20 15:45:00,88.636
2026-02-20 16:00:00,2026-02-20 16:00:00,88.644
2026-02-20 16:15:00,2026-02-20 16:15:00,88.644
2026-02-20 16:30:00,2026-02-20 16:30:00,88.645
2026-02-20 16:45:00,2026-02-20 16:45:00,88.653
2026-02-20 17:00:00,2026-02-20 17:00:00,88.658
2026-02-20 17:15:00,2026-02-20 17:15:00,88.651
2026-02-20 17:30:00,2026-02-20 17:30:00,88.65
2026-02-20 17:45:00,2026-02-20 17:45:00,88.651
2026-02-20 18:00:00,2026-02-20 18:00:00,88.648
2026-02-20 18:15:00,2026-02-20 18:15:00,88.648
2026-02-20 18:30:00,2026-02-20 18:30:00,88.652
2026-02-20 18:45:00,2026-02-20 18:45:00,88.652
2026-02-20 19:00:00,2026-02-20 19:00:00,88.646
2026-02-20 19:15:00,2026-02-20 19:15:00,88.647
2026-02-20 19:30:00,2026-02-20 19:30:00,88.661
2026-02-20 19:45:00,2026-02-20 19:45:00,88.661
2026-02-20 20:00:00,2026-02-20 20:00:00,88.657
2026-02-20 20:15:00,2026-02-20 20:15:00,88.662
2026-02-20 20:30:00,2026-02-20 20:30:00,88.661
2026-02-20 20:45:00,2026-02-20 20:45:00,88.662
2026-02-20 21:00:00,2026-02-20 21:00:00,88.667
2026-02-20 21:15:00,2026-02-20 21:15:00,88.668
2026-02-20 21:30:00,2026-02-20 21:30:00,88.669
2026-02-20 21:45:00,2026-02-20 21:45:00,88.669
2026-02-20 22:00:00,2026-02-20 22:00:00,88.661
2026-02-20 22:15:00,2026-02-20 22:15:00,88.661
2026-02-20 22:30:00,2026-02-20 22:30:00,88.675
2026-02-20 22:45:00,2026-02-20 22:45:00,88.677
2026-02-20 23:00:00,2026-02-20 23:00:00,88.673
2026-02-20 23:15:00,2026-02-20 23:15:00,88.672
2026-02-20 23:30:00,2026-02-20 23:30:00,88.675
2026-02-20 23:45:00,2026-02-20 23:45:00,88.676
2026-02-21 00:00:00,2026-02-21 00:00:00,88.675
2026-02-21 00:15:00,2026-02-21 00:15:00,88.676
2026-02-21 00:30:00,2026-02-21 00:30:00,88.677
2026-02-21 00:45:00,2026-02-21 00:45:00,88.676
2026-02-21 01:00:00,2026-02-21 01:00:00,88.673
2026-02-21 01:15:00,2026-02-21 01:15:00,88.673
2026-02-21 01:30:00,2026-02-21 01:30:00,88.684
2026-02-21 01:45:00,2026-02-21 01:45:00,88.684
2026-02-21 02:00:00,2026-02-21 02:00:00,88.695
2026-02-21 02:15:00,2026-02-21 02:15:00,88.695
2026-02-21 02:30:00,2026-02-21 02:30:00,88.687
2026-02-21 02:45:00,2026-02-21 02:45:00,88.685
2026-02-21 03:00:00,2026-02-21 03:00:00,88.697
2026-02-21 03:15:00,2026-02-21 03:15:00,88.702
2026-02-21 03:30:00,2026-02-21 03:30:00,88.693
2026-02-21 03:45:00,2026-02-21 03:45:00,88.693
2026-02-21 04:00:00,2026-02-21 04:00:00,88.692
2026-02-21 04:15:00,2026-02-21 04:15:00,88.689
2026-02-21 04:30:00,2026-02-21 04:30:00,88.685
2026-02-21 04:45:00,2026-02-21 04:45:00,88.692
2026-02-21 05:00:00,2026-02-21 05:00:00,88.703
2026-02-21 05:15:00,2026-02-21 05:15:00,88.702
2026-02-21 05:30:00,2026-02-21 05:30:00,88.699
2026-02-21 05:45:00,2026-02-21 05:45:00,88.693
2026-02-21 06:00:00,2026-02-21 06:00:00,88.69
2026-02-21 06:15:00,2026-02-21 06:15:00,88.695
2026-02-21 06:30:00,2026-02-21 06:30:00,88.694
2026-02-21 06:45:00,2026-02-21 06:45:00,88.693
2026-02-21 07:00:00,2026-02-21 07:00:00,88.699
2026-02-21 07:15:00,2026-02-21 07:15:00,88.7
2026-02-21 07:30:00,2026-02-21 07:30:00,88.698
2026-02-21 07:45:00,2026-02-21 07:45:00,88.695
2026-02-21 08:00:00,2026-02-21 08:00:00,88.705
2026-02-21 08:15:00,2026-02-21 08:15:00,88.709
2026-02-21 08:30:00,2026-02-21 08:30:00,88.705
2026-02-21 08:45:00,2026-02-21 08:45:00,88.698
2026-02-21 09:00:00,2026-02-21 09:00:00,88.695
2026-02-21 09:15:00,2026-02-21 09:15:00,88.7
2026-02-21 09:30:00,2026-02-21 09:30:00,88.701
2026-02-21 09:45:00,2026-02-21 09:45:00,88.703
2026-02-21 10:00:00,2026-02-21 10:00:00,88.699
2026-02-21 10:15:00,2026-02-21 10:15:00,88.701
2026-02-21 10:30:00,2026-02-21 10:30:00,88.696
2026-02-21 10:45:00,2026-02-21 10:45:00,88.695
2026-02-21 11:00:00,2026-02-21 11:00:00,88.696
2026-02-21 11:15:00,2026-02-21 11:15:00,88.696
2026-02-21 11:30:00,2026-02-21 11:30:00,88.698
2026-02-21 11:45:00,2026-02-21 11:45:00,88.706
2026-02-21 12:00:00,2026-02-21 12:00:00,88.705
2026-02-21 12:15:00,2026-02-21 12:15:00,88.7
2026-02-21 12:30:00,2026-02-21 12:30:00,88.705
2026-02-21 12:45:00,2026-02-21 12:45:00,88.701
2026-02-21 13:00:00,2026-02-21 13:00:00,88.679
2026-02-21 13:15:00,2026-02-21 13:15:00,88.685
2026-02-21 13:30:00,2026-02-21 13:30:00,88.695
2026-02-21 13:45:00,2026-02-21 13:45:00,88.696
2026-02-21 14:00:00,2026-02-21 14:00:00,88.697
2026-02-21 14:15:00,2026-02-21 14:15:00,88.693
2026-02-21 14:30:00,2026-02-21 14:30:00,88.693
2026-02-21 14:45:00,2026-02-21 14:45:00,88.689
2026-02-21 15:00:00,2026-02-21 15:00:00,88.699
2026-02-21 15:15:00,2026-02-21 15:15:00,88.7
2026-02-21 15:30:00,2026-02-21 15:30:00,88.696
2026-02-21 15:45:00,2026-02-21 15:45:00,88.697
2026-02-21 16:00:00,2026-02-21 16:00:00,88.703
2026-02-21 16:15:00,2026-02-21 16:15:00,88.701
2026-02-21 16:30:00,2026-02-21 16:30:00,88.692
2026-02-21 16:45:00,2026-02-21 16:45:00,88.698
2026-02-21 17:00:00,2026-02-21 17:00:00,88.696
2026-02-21 17:15:00,2026-02-21 17:15:00,88.698
2026-02-21 17:30:00,2026-02-21 17:30:00,88.697
2026-02-21 17:45:00,2026-02-21 17:45:00,88.694
2026-02-21 18:00:00,2026-02-21 18:00:00,88.692
2026-02-21 18:15:00,2026-02-21 18:15:00,88.695
2026-02-21 18:30:00,2026-02-21 18:30:00,88.7
2026-02-21 18:45:00,2026-02-21 18:45:00,88.7
2026-02-21 19:00:00,2026-02-21 19:00:00,88.699
2026-02-21 19:15:00,2026-02-21 19:15:00,88.701
2026-02-21 19:30:00,2026-02-21 19:30:00,88.699
2026-02-21 19:45:00,2026-02-21 19:45:00,88.703
2026-02-21 20:00:00,2026-02-21 20:00:00,88.699
2026-02-21 20:15:00,2026-02-21 20:15:00,88.699
2026-02-21 20:30:00,2026-02-21 20:30:00,88.704
2026-02-21 20:45:00,2026-02-21 20:45:00,88.702
2026-02-21 21:00:00,2026-02-21 21:00:00,88.708
2026-02-21 21:15:00,2026-02-21 21:15:00,88.707
2026-02-21 21:30:00,2026-02-21 21:30:00,88.703
2026-02-21 21:45:00,2026-02-21 21:45:00,88.701
2026-02-21 22:00:00,2026-02-21 22:00:00,88.708
2026-02-21 22:15:00,2026-02-21 22:15:00,88.707
2026-02-21 22:30:00,2026-02-21 22:30:00,88.71
2026-02-21 22:45:00,2026-02-21 22:45:00,88.713
2026-02-21 23:00:00,2026-02-21 23:00:00,88.709
2026-02-21 23:15:00,2026-02-21 23:15:00,88.71
2026-02-21 23:30:00,2026-02-21 23:30:00,88.712
2026-02-21 23:45:00,2026-02-21 23:45:00,88.711
2026-02-22 00:00:00,2026-02-22 00:00:00,88.717
2026-02-22 00:15:00,2026-02-22 00:15:00,88.719
2026-02-22 00:30:00,2026-02-22 00:30:00,88.714
2026-02-22 00:45:00,2026-02-22 00:45:00,88.714
2026-02-22 01:00:00,2026-02-22 01:00:00,88.713
2026-02-22 01:15:00,2026-02-22 01:15:00,88.712
2026-02-22 01:30:00,2026-02-22 01:30:00,88.721
2026-02-22 01:45:00,2026-02-22 01:45:00,88.723
2026-02-22 02:00:00,2026-02-22 02:00:00,88.721
2026-02-22 02:15:00,2026-02-22 02:15:00,88.721
2026-02-22 02:30:00,2026-02-22 02:30:00,88.718
2026-02-22 02:45:00,2026-02-22 02:45:00,88.723
2026-02-22 03:00:00,2026-02-22 03:00:00,88.721
2026-02-22 03:15:00,2026-02-22 03:15:00,88.721
2026-02-22 03:30:00,2026-02-22 03:30:00,88.724
2026-02-22 03:45:00,2026-02-22 03:45:00,88.723
2026-02-22 04:00:00,2026-02-22 04:00:00,88.721
2026-02-22 04:15:00,2026-02-22 04:15:00,88.72
2026-02-22 04:30:00,2026-02-22 04:30:00,88.717
2026-02-22 04:45:00,2026-02-22 04:45:00,88.718
2026-02-22 05:00:00,2026-02-22 05:00:00,88.725
2026-02-22 05:15:00,2026-02-22 05:15:00,88.725
2026-02-22 05:30:00,2026-02-22 05:30:00,88.719
2026-02-22 05:45:00,2026-02-22 05:45:00,88.717
2026-02-22 06:00:00,2026-02-22 06:00:00,88.72
2026-02-22 06:15:00,2026-02-22 06:15:00,88.718
2026-02-22 06:30:00,2026-02-22 06:30:00,88.717
2026-02-22 06:45:00,2026-02-22 06:45:00,88.719
2026-02-22 07:00:00,2026-02-22 07:00:00,88.727
2026-02-22 07:15:00,2026-02-22 07:15:00,88.727
2026-02-22 07:30:00,2026-02-22 07:30:00,88.714
2026-02-22 07:45:00,2026-02-22 07:45:00,88.716
2026-02-22 08:00:00,2026-02-22 08:00:00,88.722
2026-02-22 08:15:00,2026-02-22 08:15:00,88.719
2026-02-22 08:30:00,2026-02-22 08:30:00,88.722
2026-02-22 08:45:00,2026-02-22 08:45:00,88.722
2026-02-22 09:00:00,2026-02-22 09:00:00,88.719
2026-02-22 09:15:00,2026-02-22 09:15:00,88.717
2026-02-22 09:30:00,2026-02-22 09:30:00,88.716
2026-02-22 09:45:00,2026-02-22 09:45:00,88.716
2026-02-22 10:00:00,2026-02-22 10:00:00,88.711
2026-02-22 10:15:00,2026-02-22 10:15:00,88.706
2026-02-22 10:30:00,2026-02-22 10:30:00,88.712
2026-02-22 10:45:00,2026-02-22 10:45:00,88.719
2026-02-22 11:00:00,2026-02-22 11:00:00,88.713
2026-02-22 11:15:00,2026-02-22 11:15:00,88.718
2026-02-22 11:30:00,2026-02-22 11:30:00,88.722
2026-02-22 11:45:00,2026-02-22 11:45:00,88.717
2026-02-22 12:00:00,2026-02-22 12:00:00,88.706
2026-02-22 12:15:00,2026-02-22 12:15:00,88.708
2026-02-22 12:30:00,2026-02-22 12:30:00,88.703
2026-02-22 12:45:00,2026-02-22 12:45:00,88.703
2026-02-22 13:00:00,2026-02-22 13:00:00,88.712
2026-02-22 13:15:00,2026-02-22 13:15:00,88.713
2026-02-22 13:30:00,2026-02-22 13:30:00,88.716
2026-02-22 13:45:00,2026-02-22 13:45:00,88.711
2026-02-22 14:00:00,2026-02-22 14:00:00,88.705
2026-02-22 14:15:00,2026-02-22 14:15:00,88.711
2026-02-22 14:30:00,2026-02-22 14:30:00,88.714
2026-02-22 14:45:00,2026-02-22 14:45:00,88.713
2026-02-22 15:00:00,2026-02-22 15:00:00,88.712
2026-02-22 15:15:00,2026-02-22 15:15:00,88.712
2026-02-22 15:30:00,2026-02-22 15:30:00,88.716
2026-02-22 15:45:00,2026-02-22 15:45:00,88.718
2026-02-22 16:00:00,2026-02-22 16:00:00,88.7
2026-02-22 16:15:00,2026-02-22 16:15:00,88.697
2026-02-22 16:30:00,2026-02-22 16:30:00,88.703
2026-02-22 16:45:00,2026-02-22 16:45:00,88.706
2026-02-22 17:00:00,2026-02-22 17:00:00,88.706
2026-02-22 17:15:00,2026-02-22 17:15:00,88.711
2026-02-22 17:30:00,2026-02-22 17:30:00,88.707
2026-02-22 17:45:00,2026-02-22 17:45:00,88.7
2026-02-22 18:00:00,2026-02-22 18:00:00,88.705
2026-02-22 18:15:00,2026-02-22 18:15:00,88.701
2026-02-22 18:30:00,2026-02-22 18:30:00,88.704
2026-02-22 18:45:00,2026-02-22 18:45:00,88.701
2026-02-22 19:00:00,2026-02-22 19:00:00,88.702
2026-02-22 19:15:00,2026-02-22 19:15:00,88.705
2026-02-22 19:30:00,2026-02-22 19:30:00,88.71
2026-02-22 19:45:00,2026-02-22 19:45:00,88.71
2026-02-22 20:00:00,2026-02-22 20:00:00,88.713
2026-02-22 20:15:00,2026-02-22 20:15:00,88.712
2026-02-22 20:30:00,2026-02-22 20:30:00,88.712
2026-02-22 20:45:00,2026-02-22 20:45:00,88.712
2026-02-22 21:00:00,2026-02-22 21:00:00,88.717
2026-02-22 21:15:00,2026-02-22 21:15:00,88.715
2026-02-22 21:30:00,2026-02-22 21:30:00,88.714
2026-02-22 21:45:00,2026-02-22 21:45:00,88.711
2026-02-22 22:00:00,2026-02-22 22:00:00,88.716
2026-02-22 22:15:00,2026-02-22 22:15:00,88.718
2026-02-22 22:30:00,2026-02-22 22:30:00,88.714
2026-02-22 22:45:00,2026-02-22 22:45:00,88.712
2026-02-22 23:00:00,2026-02-22 23:00:00,88.712
2026-02-22 23:15:00,2026-02-22 23:15:00,88.718
2026-02-22 23:30:00,2026-02-22 23:30:00,88.714
2026-02-22 23:45:00,2026-02-22 23:45:00,88.709
2026-02-23 00:00:00,2026-02-23 00:00:00,88.717
2026-02-23 00:15:00,2026-02-23 00:15:00,88.712
2026-02-23 00:30:00,2026-02-23 00:30:00,88.716
2026-02-23 00:45:00,2026-02-23 00:45:00,88.718
2026-02-23 01:00:00,2026-02-23 01:00:00,88.712
2026-02-23 01:15:00,2026-02-23 01:15:00,88.722
2026-02-23 01:30:00,2026-02-23 01:30:00,88.721
2026-02-23 01:45:00,2026-02-23 01:45:00,88.727
2026-02-23 02:00:00,2026-02-23 02:00:00,88.722
2026-02-23 02:15:00,2026-02-23 02:15:00,88.723
2026-02-23 02:30:00,2026-02-23 02:30:00,88.725
2026-02-23 02:45:00,2026-02-23 02:45:00,88.729
2026-02-23 03:00:00,2026-02-23 03:00:00,88.733
2026-02-23 03:15:00,2026-02-23 03:15:00,88.733
2026-02-23 03:30:00,2026-02-23 03:30:00,88.723
2026-02-23 03:45:00,2026-02-23 03:45:00,88.724
2026-02-23 04:00:00,2026-02-23 04:00:00,88.721
2026-02-23 04:15:00,2026-02-23 04:15:00,88.718
2026-02-23 04:30:00,2026-02-23 04:30:00,88.723
2026-02-23 04:45:00,2026-02-23 04:45:00,88.725
2026-02-23 05:00:00,2026-02-23 05:00:00,88.717
2026-02-23 05:15:00,2026-02-23 05:15:00,88.711
2026-02-23 05:30:00,2026-02-23 05:30:00,88.71
2026-02-23 05:45:00,2026-02-23 05:45:00,88.718
2026-02-23 06:00:00,2026-02-23 06:00:00,88.72
2026-02-23 06:15:00,2026-02-23 06:15:00,88.725
2026-02-23 06:30:00,2026-02-23 06:30:00,88.722
2026-02-23 06:45:00,2026-02-23 06:45:00,88.722
2026-02-23 07:00:00,2026-02-23 07:00:00,88.721
2026-02-23 07:15:00,2026-02-23 07:15:00,88.725
2026-02-23 07:30:00,2026-02-23 07:30:00,88.726
2026-02-23 07:45:00,2026-02-23 07:45:00,88.713
2026-02-23 08:00:00,2026-02-23 08:00:00,88.72
2026-02-23 08:15:00,2026-02-23 08:15:00,88.731
2026-02-23 08:30:00,2026-02-23 08:30:00,88.725
2026-02-23 08:45:00,2026-02-23 08:45:00,88.722
2026-02-23 09:00:00,2026-02-23 09:00:00,88.722
2026-02-23 09:15:00,2026-02-23 09:15:00,88.72
2026-02-23 09:30:00,2026-02-23 09:30:00,88.715
2026-02-23 09:45:00,2026-02-23 09:45:00,88.709
2026-02-23 10:00:00,2026-02-23 10:00:00,88.71
2026-02-23 10:15:00,2026-02-23 10:15:00,88.723
2026-02-23 10:30:00,2026-02-23 10:30:00,88.716
2026-02-23 10:45:00,2026-02-23 10:45:00,88.714
2026-02-23 11:00:00,2026-02-23 11:00:00,88.703
2026-02-23 11:15:00,2026-02-23 11:15:00,88.693
2026-02-23 11:30:00,2026-02-23 11:30:00,88.699
2026-02-23 11:45:00,2026-02-23 11:45:00,88.72
2026-02-23 12:00:00,2026-02-23 12:00:00,88.709
2026-02-23 12:15:00,2026-02-23 12:15:00,88.717
2026-02-23 12:30:00,2026-02-23 12:30:00,88.71
2026-02-23 12:45:00,2026-02-23 12:45:00,88.697
2026-02-23 13:00:00,2026-02-23 13:00:00,88.697
2026-02-23 13:15:00,2026-02-23 13:15:00,88.7
2026-02-23 13:30:00,2026-02-23 13:30:00,88.721
2026-02-23 13:45:00,2026-02-23 13:45:00,88.718
2026-02-23 14:00:00,2026-02-23 14:00:00,88.715
2026-02-23 14:15:00,2026-02-23 14:15:00,88.744
2026-02-23 14:30:00,2026-02-23 14:30:00,88.707
2026-02-23 14:45:00,2026-02-23 14:45:00,88.708
2026-02-23 15:00:00,2026-02-23 15:00:00,88.708
2026-02-23 15:15:00,2026-02-23 15:15:00,88.7
2026-02-23 15:30:00,2026-02-23 15:30:00,88.702
2026-02-23 15:45:00,2026-02-23 15:45:00,88.713
2026-02-23 16:00:00,2026-02-23 16:00:00,88.707
2026-02-23 16:15:00,2026-02-23 16:15:00,88.703
2026-02-23 16:30:00,2026-02-23 16:30:00,88.698
2026-02-23 16:45:00,2026-02-23 16:45:00,88.691
2026-02-23 17:00:00,2026-02-23 17:00:00,88.699
2026-02-23 17:15:00,2026-02-23 17:15:00,88.7
2026-02-23 17:30:00,2026-02-23 17:30:00,88.702
2026-02-23 17:45:00,2026-02-23 17:45:00,88.714
2026-02-23 18:00:00,2026-02-23 18:00:00,88.713
2026-02-23 18:15:00,2026-02-23 18:15:00,88.712
2026-02-23 18:30:00,2026-02-23 18:30:00,88.708
2026-02-23 18:45:00,2026-02-23 18:45:00,88.709
2026-02-23 19:00:00,2026-02-23 19:00:00,88.712
2026-02-23 19:15:00,2026-02-23 19:15:00,88.707
2026-02-23 19:30:00,2026-02-23 19:30:00,88.713
2026-02-23 19:45:00,2026-02-23 19:45:00,88.717
2026-02-23 20:00:00,2026-02-23 20:00:00,88.71
2026-02-23 20:15:00,2026-02-23 20:15:00,88.712
2026-02-23 20:30:00,2026-02-23 20:30:00,88.715
2026-02-23 20:45:00,2026-02-23 20:45:00,88.716
2026-02-23 21:00:00,2026-02-23 21:00:00,88.717
2026-02-23 21:15:00,2026-02-23 21:15:00,88.721
2026-02-23 21:30:00,2026-02-23 21:30:00,88.709
2026-02-23 21:45:00,2026-02-23 21:45:00,88.717
2026-02-23 22:00:00,2026-02-23 22:00:00,88.72
2026-02-23 22:15:00,2026-02-23 22:15:00,88.722
2026-02-23 22:30:00,2026-02-23 22:30:00,88.719
2026-02-23 22:45:00,2026-02-23 22:45:00,88.721
2026-02-23 23:00:00,2026-02-23 23:00:00,88.719
2026-02-23 23:15:00,2026-02-23 23:15:00,88.714
2026-02-23 23:30:00,2026-02-23 23:30:00,88.715
2026-02-23 23:45:00,2026-02-23 23:45:00,88.722
2026-02-24 00:00:00,2026-02-24 00:00:00,88.722
2026-02-24 00:15:00,2026-02-24 00:15:00,88.72
2026-02-24 00:30:00,2026-02-24 00:30:00,88.724
2026-02-24 00:45:00,2026-02-24 00:45:00,88.723
2026-02-24 01:00:00,2026-02-24 01:00:00,88.715
2026-02-24 01:15:00,2026-02-24 01:15:00,88.722
2026-02-24 01:30:00,2026-02-24 01:30:00,88.726
2026-02-24 01:45:00,2026-02-24 01:45:00,88.725
2026-02-24 02:00:00,2026-02-24 02:00:00,88.734
2026-02-24 02:15:00,2026-02-24 02:15:00,88.729
2026-02-24 02:30:00,2026-02-24 02:30:00,88.734
2026-02-24 02:45:00,2026-02-24 02:45:00,88.734
2026-02-24 03:00:00,2026-02-24 03:00:00,88.732
2026-02-24 03:15:00,2026-02-24 03:15:00,88.744
2026-02-24 03:30:00,2026-02-24 03:30:00,88.745
2026-02-24 03:45:00,2026-02-24 03:45:00,88.734
2026-02-24 04:00:00,2026-02-24 04:00:00,88.743
2026-02-24 04:15:00,2026-02-24 04:15:00,88.734
2026-02-24 04:30:00,2026-02-24 04:30:00,88.739
2026-02-24 04:45:00,2026-02-24 04:45:00,88.737
2026-02-24 05:00:00,2026-02-24 05:00:00,88.745
2026-02-24 05:15:00,2026-02-24 05:15:00,88.75
2026-02-24 05:30:00,2026-02-24 05:30:00,88.73
2026-02-24 05:45:00,2026-02-24 05:45:00,88.735
2026-02-24 06:00:00,2026-02-24 06:00:00,88.747
2026-02-24 06:15:00,2026-02-24 06:15:00,88.752
2026-02-24 06:30:00,2026-02-24 06:30:00,88.755
2026-02-24 06:45:00,2026-02-24 06:45:00,88.755
2026-02-24 07:00:00,2026-02-24 07:00:00,88.758
2026-02-24 07:15:00,2026-02-24 07:15:00,88.757
2026-02-24 07:30:00,2026-02-24 07:30:00,88.76
2026-02-24 07:45:00,2026-02-24 07:45:00,88.759
2026-02-24 08:00:00,2026-02-24 08:00:00,88.751
2026-02-24 08:15:00,2026-02-24 08:15:00,88.764
2026-02-24 08:30:00,2026-02-24 08:30:00,88.761
2026-02-24 08:45:00,2026-02-24 08:45:00,88.778
2026-02-24 09:00:00,2026-02-24 09:00:00,88.767
2026-02-24 09:15:00,2026-02-24 09:15:00,88.755
2026-02-24 09:30:00,2026-02-24 09:30:00,88.749
2026-02-24 09:45:00,2026-02-24 09:45:00,88.75
2026-02-24 10:00:00,2026-02-24 10:00:00,88.75
2026-02-24 10:15:00,2026-02-24 10:15:00,88.752
2026-02-24 10:30:00,2026-02-24 10:30:00,88.762
2026-02-24 10:45:00,2026-02-24 10:45:00,88.766
2026-02-24 11:00:00,2026-02-24 11:00:00,88.754
2026-02-24 11:15:00,2026-02-24 11:15:00,88.753
2026-02-24 11:30:00,2026-02-24 11:30:00,88.751
2026-02-24 11:45:00,2026-02-24 11:45:00,88.757
2026-02-24 12:00:00,2026-02-24 12:00:00,88.759
2026-02-24 12:15:00,2026-02-24 12:15:00,88.756
2026-02-24 12:30:00,2026-02-24 12:30:00,88.753
2026-02-24 12:45:00,2026-02-24 12:45:00,88.752
2026-02-24 13:00:00,2026-02-24 13:00:00,88.757
2026-02-24 13:15:00,2026-02-24 13:15:00,88.739
2026-02-24 13:30:00,2026-02-24 13:30:00,88.752
2026-02-24 13:45:00,2026-02-24 13:45:00,88.749
2026-02-24 14:00:00,2026-02-24 14:00:00,88.76
2026-02-24 14:15:00,2026-02-24 14:15:00,88.753
2026-02-24 14:30:00,2026-02-24 14:30:00,88.764
2026-02-24 14:45:00,2026-02-24 14:45:00,88.76
2026-02-24 15:00:00,2026-02-24 15:00:00,88.752
2026-02-24 15:15:00,2026-02-24 15:15:00,88.741
2026-02-24 15:30:00,2026-02-24 15:30:00,88.747
2026-02-24 15:45:00,2026-02-24 15:45:00,88.756
2026-02-24 16:00:00,2026-02-24 16:00:00,88.763
2026-02-24 16:15:00,2026-02-24 16:15:00,88.756
2026-02-24 16:30:00,2026-02-24 16:30:00,88.758
2026-02-24 16:45:00,2026-02-24 16:45:00,88.758
2026-02-24 17:00:00,2026-02-24 17:00:00,88.751
2026-02-24 17:15:00,2026-02-24 17:15:00,88.757
2026-02-24 17:30:00,2026-02-24 17:30:00,88.758
2026-02-24 17:45:00,2026-02-24 17:45:00,88.761
2026-02-24 18:00:00,2026-02-24 18:00:00,88.758
2026-02-24 18:15:00,2026-02-24 18:15:00,88.763
2026-02-24 18:30:00,2026-02-24 18:30:00,88.759
2026-02-24 18:45:00,2026-02-24 18:45:00,88.767
2026-02-24 19:00:00,2026-02-24 19:00:00,88.752
2026-02-24 19:15:00,2026-02-24 19:15:00,88.766
2026-02-24 19:30:00,2026-02-24 19:30:00,88.759
2026-02-24 19:45:00,2026-02-24 19:45:00,88.77
2026-02-24 20:00:00,2026-02-24 20:00:00,88.77
2026-02-24 20:15:00,2026-02-24 20:15:00,88.772
2026-02-24 20:30:00,2026-02-24 20:30:00,88.76
2026-02-24 20:45:00,2026-02-24 20:45:00,88.759
2026-02-24 21:00:00,2026-02-24 21:00:00,88.761
2026-02-24 21:15:00,2026-02-24 21:15:00,88.767
2026-02-24 21:30:00,2026-02-24 21:30:00,88.759
2026-02-24 21:45:00,2026-02-24 21:45:00,88.764
2026-02-24 22:00:00,2026-02-24 22:00:00,88.768
2026-02-24 22:15:00,2026-02-24 22:15:00,88.768
2026-02-24 22:30:00,2026-02-24 22:30:00,88.765
2026-02-24 22:45:00,2026-02-24 22:45:00,88.77
2026-02-24 23:00:00,2026-02-24 23:00:00,88.777
2026-02-24 23:15:00,2026-02-24 23:15:00,88.776
2026-02-24 23:30:00,2026-02-24 23:30:00,88.775
2026-02-24 23:45:00,2026-02-24 23:45:00,88.779
2026-02-25 00:00:00,2026-02-25 00:00:00,88.774
2026-02-25 00:15:00,2026-02-25 00:15:00,88.782
2026-02-25 00:30:00,2026-02-25 00:30:00,88.783
2026-02-25 00:45:00,2026-02-25 00:45:00,88.781
2026-02-25 01:00:00,2026-02-25 01:00:00,88.782
2026-02-25 01:15:00,2026-02-25 01:15:00,88.793
2026-02-25 01:30:00,2026-02-25 01:30:00,88.784
2026-02-25 01:45:00,2026-02-25 01:45:00,88.785
2026-02-25 02:00:00,2026-02-25 02:00:00,88.79
2026-02-25 02:15:00,2026-02-25 02:15:00,88.784
2026-02-25 02:30:00,2026-02-25 02:30:00,88.792
2026-02-25 02:45:00,2026-02-25 02:45:00,88.789
2026-02-25 03:00:00,2026-02-25 03:00:00,88.784
2026-02-25 03:15:00,2026-02-25 03:15:00,88.791
2026-02-25 03:30:00,2026-02-25 03:30:00,88.79
2026-02-25 03:45:00,2026-02-25 03:45:00,88.784
2026-02-25 04:00:00,2026-02-25 04:00:00,88.796
2026-02-25 04:15:00,2026-02-25 04:15:00,88.786
2026-02-25 04:30:00,2026-02-25 04:30:00,88.785
2026-02-25 04:45:00,2026-02-25 04:45:00,88.792
2026-02-25 05:00:00,2026-02-25 05:00:00,88.789
2026-02-25 05:15:00,2026-02-25 05:15:00,88.792
2026-02-25 05:30:00,2026-02-25 05:30:00,88.786
2026-02-25 05:45:00,2026-02-25 05:45:00,88.774
2026-02-25 06:00:00,2026-02-25 06:00:00,88.783
2026-02-25 06:15:00,2026-02-25 06:15:00,88.796
2026-02-25 06:30:00,2026-02-25 06:30:00,88.793
2026-02-25 06:45:00,2026-02-25 06:45:00,88.793
2026-02-25 07:00:00,2026-02-25 07:00:00,88.799
2026-02-25 07:15:00,2026-02-25 07:15:00,88.798
2026-02-25 07:30:00,2026-02-25 07:30:00,88.785
2026-02-25 07:45:00,2026-02-25 07:45:00,88.79
2026-02-25 08:00:00,2026-02-25 08:00:00,88.786
2026-02-25 08:15:00,2026-02-25 08:15:00,88.778
2026-02-25 08:30:00,2026-02-25 08:30:00,88.784
2026-02-25 08:45:00,2026-02-25 08:45:00,88.798
2026-02-25 09:00:00,2026-02-25 09:00:00,88.789
2026-02-25 09:15:00,2026-02-25 09:15:00,88.783
2026-02-25 09:30:00,2026-02-25 09:30:00,88.787
2026-02-25 09:45:00,2026-02-25 09:45:00,88.77
2026-02-25 10:00:00,2026-02-25 10:00:00,88.784
2026-02-25 10:15:00,2026-02-25 10:15:00,88.785
2026-02-25 10:30:00,2026-02-25 10:30:00,88.784
2026-02-25 10:45:00,2026-02-25 10:45:00,88.779
2026-02-25 11:00:00,2026-02-25 11:00:00,88.779
2026-02-25 11:15:00,2026-02-25 11:15:00,88.772
2026-02-25 11:30:00,2026-02-25 11:30:00,88.771
2026-02-25 11:45:00,2026-02-25 11:45:00,88.775
2026-02-25 12:00:00,2026-02-25 12:00:00,88.772
2026-02-25 12:15:00,2026-02-25 12:15:00,88.772
2026-02-25 12:30:00,2026-02-25 12:30:00,88.756
2026-02-25 12:45:00,2026-02-25 12:45:00,88.779
2026-02-25 13:00:00,2026-02-25 13:00:00,88.771
2026-02-25 13:15:00,2026-02-25 13:15:00,88.767
2026-02-25 13:30:00,2026-02-25 13:30:00,88.776
2026-02-25 13:45:00,2026-02-25 13:45:00,88.767
2026-02-25 14:00:00,2026-02-25 14:00:00,88.77
2026-02-25 14:15:00,2026-02-25 14:15:00,88.774
2026-02-25 14:30:00,2026-02-25 14:30:00,88.767
2026-02-25 14:45:00,2026-02-25 14:45:00,88.777
2026-02-25 15:00:00,2026-02-25 15:00:00,88.774
2026-02-25 15:15:00,2026-02-25 15:15:00,88.771
2026-02-25 15:30:00,2026-02-25 15:30:00,88.776
2026-02-25 15:45:00,2026-02-25 15:45:00,88.768
2026-02-25 16:00:00,2026-02-25 16:00:00,88.771
2026-02-25 16:15:00,2026-02-25 16:15:00,88.775
2026-02-25 16:30:00,2026-02-25 16:30:00,88.773
2026-02-25 16:45:00,2026-02-25 16:45:00,88.779
2026-02-25 17:00:00,2026-02-25 17:00:00,88.781
2026-02-25 17:15:00,2026-02-25 17:15:00,88.773
2026-02-25 17:30:00,2026-02-25 17:30:00,88.778
2026-02-25 17:45:00,2026-02-25 17:45:00,88.778
2026-02-25 18:00:00,2026-02-25 18:00:00,88.768
2026-02-25 18:15:00,2026-02-25 18:15:00,88.766
2026-02-25 18:30:00,2026-02-25 18:30:00,88.777
2026-02-25 18:45:00,2026-02-25 18:45:00,88.775
2026-02-25 19:00:00,2026-02-25 19:00:00,88.78
2026-02-25 19:15:00,2026-02-25 19:15:00,88.781
2026-02-25 19:30:00,2026-02-25 19:30:00,88.779
2026-02-25 19:45:00,2026-02-25 19:45:00,88.765
2026-02-25 20:00:00,2026-02-25 20:00:00,88.77
2026-02-25 20:15:00,2026-02-25 20:15:00,88.778
2026-02-25 20:30:00,2026-02-25 20:30:00,88.783
2026-02-25 20:45:00,2026-02-25 20:45:00,88.78
2026-02-25 21:00:00,2026-02-25 21:00:00,88.781
2026-02-25 21:15:00,2026-02-25 21:15:00,88.785
2026-02-25 21:30:00,2026-02-25 21:30:00,88.782
2026-02-25 21:45:00,2026-02-25 21:45:00,88.78
2026-02-25 22:00:00,2026-02-25 22:00:00,88.791
2026-02-25 22:15:00,2026-02-25 22:15:00,88.783
2026-02-25 22:30:00,2026-02-25 22:30:00,88.78
2026-02-25 22:45:00,2026-02-25 22:45:00,88.781
2026-02-25 23:00:00,2026-02-25 23:00:00,88.783
2026-02-25 23:15:00,2026-02-25 23:15:00,88.785
2026-02-25 23:30:00,2026-02-25 23:30:00,88.784
2026-02-25 23:45:00,2026-02-25 23:45:00,88.783
2026-02-26 00:00:00,2026-02-26 00:00:00,88.783
2026-02-26 00:15:00,2026-02-26 00:15:00,88.789
2026-02-26 00:30:00,2026-02-26 00:30:00,88.786
2026-02-26 00:45:00,2026-02-26 00:45:00,88.788
2026-02-26 01:00:00,2026-02-26 01:00:00,88.786
2026-02-26 01:15:00,2026-02-26 01:15:00,88.795
2026-02-26 01:30:00,2026-02-26 01:30:00,88.791
2026-02-26 01:45:00,2026-02-26 01:45:00,88.782
2026-02-26 02:00:00,2026-02-26 02:00:00,88.789
2026-02-26 02:15:00,2026-02-26 02:15:00,88.795
2026-02-26 02:30:00,2026-02-26 02:30:00,88.79
2026-02-26 02:45:00,2026-02-26 02:45:00,88.8
2026-02-26 03:00:00,2026-02-26 03:00:00,88.804
2026-02-26 03:15:00,2026-02-26 03:15:00,88.793
2026-02-26 03:30:00,2026-02-26 03:30:00,88.802
2026-02-26 03:45:00,2026-02-26 03:45:00,88.796
2026-02-26 04:00:00,2026-02-26 04:00:00,88.802
2026-02-26 04:15:00,2026-02-26 04:15:00,88.801
2026-02-26 04:30:00,2026-02-26 04:30:00,88.804
2026-02-26 04:45:00,2026-02-26 04:45:00,88.785
2026-02-26 05:00:00,2026-02-26 05:00:00,88.792
2026-02-26 05:15:00,2026-02-26 05:15:00,88.794
2026-02-26 05:30:00,2026-02-26 05:30:00,88.787
2026-02-26 05:45:00,2026-02-26 05:45:00,88.793
2026-02-26 06:00:00,2026-02-26 06:00:00,88.796
2026-02-26 06:15:00,2026-02-26 06:15:00,88.798
2026-02-26 06:30:00,2026-02-26 06:30:00,88.781
2026-02-26 06:45:00,2026-02-26 06:45:00,88.791
2026-02-26 07:00:00,2026-02-26 07:00:00,88.793
2026-02-26 07:15:00,2026-02-26 07:15:00,88.797
2026-02-26 07:30:00,2026-02-26 07:30:00,88.796
2026-02-26 07:45:00,2026-02-26 07:45:00,88.794
2026-02-26 08:00:00,2026-02-26 08:00:00,88.792
2026-02-26 08:15:00,2026-02-26 08:15:00,88.782
2026-02-26 08:30:00,2026-02-26 08:30:00,88.787
2026-02-26 08:45:00,2026-02-26 08:45:00,88.794
2026-02-26 09:00:00,2026-02-26 09:00:00,88.797
2026-02-26 09:15:00,2026-02-26 09:15:00,88.802
2026-02-26 09:30:00,2026-02-26 09:30:00,88.797
2026-02-26 09:45:00,2026-02-26 09:45:00,88.792
2026-02-26 10:00:00,2026-02-26 10:00:00,88.79
2026-02-26 10:15:00,2026-02-26 10:15:00,88.786
2026-02-26 10:30:00,2026-02-26 10:30:00,88.779
2026-02-26 10:45:00,2026-02-26 10:45:00,88.782
2026-02-26 11:00:00,2026-02-26 11:00:00,88.795
2026-02-26 11:15:00,2026-02-26 11:15:00,88.795
2026-02-26 11:30:00,2026-02-26 11:30:00,88.803
2026-02-26 11:45:00,2026-02-26 11:45:00,88.782
2026-02-26 12:00:00,2026-02-26 12:00:00,88.769
2026-02-26 12:15:00,2026-02-26 12:15:00,88.765
2026-02-26 12:30:00,2026-02-26 12:30:00,88.774
2026-02-26 12:45:00,2026-02-26 12:45:00,88.782
2026-02-26 13:00:00,2026-02-26 13:00:00,88.782
2026-02-26 13:15:00,2026-02-26 13:15:00,88.779
2026-02-26 13:30:00,2026-02-26 13:30:00,88.78
2026-02-26 13:45:00,2026-02-26 13:45:00,88.782
2026-02-26 14:00:00,2026-02-26 14:00:00,88.786
2026-02-26 14:15:00,2026-02-26 14:15:00,88.767
2026-02-26 14:30:00,2026-02-26 14:30:00,88.766
2026-02-26 14:45:00,2026-02-26 14:45:00,88.779
2026-02-26 15:00:00,2026-02-26 15:00:00,88.789
2026-02-26 15:15:00,2026-02-26 15:15:00,88.782
2026-02-26 15:30:00,2026-02-26 15:30:00,88.788
2026-02-26 15:45:00,2026-02-26 15:45:00,88.792
2026-02-26 16:00:00,2026-02-26 16:00:00,88.787
2026-02-26 16:15:00,2026-02-26 16:15:00,88.788
2026-02-26 16:30:00,2026-02-26 16:30:00,88.782
2026-02-26 16:45:00,2026-02-26 16:45:00,88.782
2026-02-26 17:00:00,2026-02-26 17:00:00,88.785
2026-02-26 17:15:00,2026-02-26 17:15:00,88.776
2026-02-26 17:30:00,2026-02-26 17:30:00,88.784
2026-02-26 17:45:00,2026-02-26 17:45:00,88.781
2026-02-26 18:00:00,2026-02-26 18:00:00,88.782
2026-02-26 18:15:00,2026-02-26 18:15:00,88.771
2026-02-26 18:30:00,2026-02-26 18:30:00,88.777
2026-02-26 18:45:00,2026-02-26 18:45:00,88.78
2026-02-26 19:00:00,2026-02-26 19:00:00,88.791
2026-02-26 19:15:00,2026-02-26 19:15:00,88.79
2026-02-26 19:30:00,2026-02-26 19:30:00,88.791
2026-02-26 19:45:00,2026-02-26 19:45:00,88.79
2026-02-26 20:00:00,2026-02-26 20:00:00,88.789
2026-02-26 20:15:00,2026-02-26 20:15:00,88.79
2026-02-26 20:30:00,2026-02-26 20:30:00,88.792
2026-02-26 20:45:00,2026-02-26 20:45:00,88.795
2026-02-26 21:00:00,2026-02-26 21:00:00,88.797
2026-02-26 21:15:00,2026-02-26 21:15:00,88.797
2026-02-26 21:30:00,2026-02-26 21:30:00,88.794
2026-02-26 21:45:00,2026-02-26 21:45:00,88.797
2026-02-26 22:00:00,2026-02-26 22:00:00,88.792
2026-02-26 22:15:00,2026-02-26 22:15:00,88.796
2026-02-26 22:30:00,2026-02-26 22:30:00,88.795
2026-02-26 22:45:00,2026-02-26 22:45:00,88.797
2026-02-26 23:00:00,2026-02-26 23:00:00,88.796
2026-02-26 23:15:00,2026-02-26 23:15:00,88.796
2026-02-26 23:30:00,2026-02-26 23:30:00,88.791
2026-02-26 23:45:00,2026-02-26 23:45:00,88.799
2026-02-27 00:00:00,2026-02-27 00:00:00,88.799
2026-02-27 00:15:00,2026-02-27 00:15:00,88.802
2026-02-27 00:30:00,2026-02-27 00:30:00,88.799
2026-02-27 00:45:00,2026-02-27 00:45:00,88.796
2026-02-27 01:00:00,2026-02-27 01:00:00,88.793
2026-02-27 01:15:00,2026-02-27 01:15:00,88.8
2026-02-27 01:30:00,2026-02-27 01:30:00,88.8
2026-02-27 01:45:00,2026-02-27 01:45:00,88.804
2026-02-27 02:00:00,2026-02-27 02:00:00,88.806
2026-02-27 02:15:00,2026-02-27 02:15:00,88.806
2026-02-27 02:30:00,2026-02-27 02:30:00,88.807
2026-02-27 02:45:00,2026-02-27 02:45:00,88.803
2026-02-27 03:00:00,2026-02-27 03:00:00,88.805
2026-02-27 03:15:00,2026-02-27 03:15:00,88.808
2026-02-27 03:30:00,2026-02-27 03:30:00,88.81
2026-02-27 03:45:00,2026-02-27 03:45:00,88.809
2026-02-27 04:00:00,2026-02-27 04:00:00,88.811
2026-02-27 04:15:00,2026-02-27 04:15:00,88.812
2026-02-27 04:30:00,2026-02-27 04:30:00,88.809
2026-02-27 04:45:00,2026-02-27 04:45:00,88.811
2026-02-27 05:00:00,2026-02-27 05:00:00,88.803
2026-02-27 05:15:00,2026-02-27 05:15:00,88.802
2026-02-27 05:30:00,2026-02-27 05:30:00,88.805
2026-02-27 05:45:00,2026-02-27 05:45:00,88.804
2026-02-27 06:00:00,2026-02-27 06:00:00,88.801
2026-02-27 06:15:00,2026-02-27 06:15:00,88.804
2026-02-27 06:30:00,2026-02-27 06:30:00,88.806
2026-02-27 06:45:00,2026-02-27 06:45:00,88.799
2026-02-27 07:00:00,2026-02-27 07:00:00,88.804
2026-02-27 07:15:00,2026-02-27 07:15:00,88.803
2026-02-27 07:30:00,2026-02-27 07:30:00,88.803
2026-02-27 07:45:00,2026-02-27 07:45:00,88.805
2026-02-27 08:00:00,2026-02-27 08:00:00,88.806
2026-02-27 08:15:00,2026-02-27 08:15:00,88.799
2026-02-27 08:30:00,2026-02-27 08:30:00,88.798
2026-02-27 08:45:00,2026-02-27 08:45:00,88.798
2026-02-27 09:00:00,2026-02-27 09:00:00,88.805
2026-02-27 09:15:00,2026-02-27 09:15:00,88.809
2026-02-27 09:30:00,2026-02-27 09:30:00,88.803
2026-02-27 09:45:00,2026-02-27 09:45:00,88.806
2026-02-27 10:00:00,2026-02-27 10:00:00,88.786
2026-02-27 10:15:00,2026-02-27 10:15:00,88.788
2026-02-27 10:30:00,2026-02-27 10:30:00,88.779
2026-02-27 10:45:00,2026-02-27 10:45:00,88.803
2026-02-27 11:00:00,2026-02-27 11:00:00,88.796
2026-02-27 11:15:00,2026-02-27 11:15:00,88.781
2026-02-27 11:30:00,2026-02-27 11:30:00,88.778
2026-02-27 11:45:00,2026-02-27 11:45:00,88.793
2026-02-27 12:00:00,2026-02-27 12:00:00,88.783
2026-02-27 12:15:00,2026-02-27 12:15:00,88.79
2026-02-27 12:30:00,2026-02-27 12:30:00,88.788
2026-02-27 12:45:00,2026-02-27 12:45:00,88.783
2026-02-27 13:00:00,2026-02-27 13:00:00,88.776
2026-02-27 13:15:00,2026-02-27 13:15:00,88.776
2026-02-27 13:30:00,2026-02-27 13:30:00,88.786
2026-02-27 13:45:00,2026-02-27 13:45:00,88.788
2026-02-27 14:00:00,2026-02-27 14:00:00,88.783
2026-02-27 14:15:00,2026-02-27 14:15:00,88.779
2026-02-27 14:30:00,2026-02-27 14:30:00,88.78
2026-02-27 14:45:00,2026-02-27 14:45:00,88.783
2026-02-27 15:00:00,2026-02-27 15:00:00,88.778
2026-02-27 15:15:00,2026-02-27 15:15:00,88.779
2026-02-27 15:30:00,2026-02-27 15:30:00,88.788
2026-02-27 15:45:00,2026-02-27 15:45:00,88.78
2026-02-27 16:00:00,2026-02-27 16:00:00,88.775
2026-02-27 16:15:00,2026-02-27 16:15:00,88.78
2026-02-27 16:30:00,2026-02-27 16:30:00,88.781
2026-02-27 16:45:00,2026-02-27 16:45:00,88.777
2026-02-27 17:00:00,2026-02-27 17:00:00,88.769
2026-02-27 17:15:00,2026-02-27 17:15:00,88.77
2026-02-27 17:30:00,2026-02-27 17:30:00,88.771
2026-02-27 17:45:00,2026-02-27 17:45:00,88.774
2026-02-27 18:00:00,2026-02-27 18:00:00,88.779
2026-02-27 18:15:00,2026-02-27 18:15:00,88.778
2026-02-27 18:30:00,2026-02-27 18:30:00,88.771
2026-02-27 18:45:00,2026-02-27 18:45:00,88.777
2026-02-27 19:00:00,2026-02-27 19:00:00,88.788
2026-02-27 19:15:00,2026-02-27 19:15:00,88.777
2026-02-27 19:30:00,2026-02-27 19:30:00,88.78
2026-02-27 19:45:00,2026-02-27 19:45:00,88.779
2026-02-27 20:00:00,2026-02-27 20:00:00,88.792
2026-02-27 20:15:00,2026-02-27 20:15:00,88.787
2026-02-27 20:30:00,2026-02-27 20:30:00,88.788
2026-02-27 20:45:00,2026-02-27 20:45:00,88.782
2026-02-27 21:00:00,2026-02-27 21:00:00,88.786
2026-02-27 21:15:00,2026-02-27 21:15:00,88.791
2026-02-27 21:30:00,2026-02-27 21:30:00,88.79
2026-02-27 21:45:00,2026-02-27 21:45:00,88.783
2026-02-27 22:00:00,2026-02-27 22:00:00,88.791
2026-02-27 22:15:00,2026-02-27 22:15:00,88.79
2026-02-27 22:30:00,2026-02-27 22:30:00,88.786
2026-02-27 22:45:00,2026-02-27 22:45:00,88.787
2026-02-27 23:00:00,2026-02-27 23:00:00,88.782
2026-02-27 23:15:00,2026-02-27 23:15:00,88.781
2026-02-27 23:30:00,2026-02-27 23:30:00,88.787
2026-02-27 23:45:00,2026-02-27 23:45:00,88.79
2026-02-28 00:00:00,2026-02-28 00:00:00,88.789
2026-02-28 00:15:00,2026-02-28 00:15:00,88.793
2026-02-28 00:30:00,2026-02-28 00:30:00,88.795
2026-02-28 00:45:00,2026-02-28 00:45:00,88.788
2026-02-28 01:00:00,2026-02-28 01:00:00,88.789
2026-02-28 01:15:00,2026-02-28 01:15:00,88.793
2026-02-28 01:30:00,2026-02-28 01:30:00,88.787
2026-02-28 01:45:00,2026-02-28 01:45:00,88.79
2026-02-28 02:00:00,2026-02-28 02:00:00,88.792
2026-02-28 02:15:00,2026-02-28 02:15:00,88.791
2026-02-28 02:30:00,2026-02-28 02:30:00,88.796
2026-02-28 02:45:00,2026-02-28 02:45:00,88.791
2026-02-28 03:00:00,2026-02-28 03:00:00,88.794
2026-02-28 03:15:00,2026-02-28 03:15:00,88.79
2026-02-28 03:30:00,2026-02-28 03:30:00,88.787
2026-02-28 03:45:00,2026-02-28 03:45:00,88.792
2026-02-28 04:00:00,2026-02-28 04:00:00,88.799
2026-02-28 04:15:00,2026-02-28 04:15:00,88.788
2026-02-28 04:30:00,2026-02-28 04:30:00,88.79
2026-02-28 04:45:00,2026-02-28 04:45:00,88.79
2026-02-28 05:00:00,2026-02-28 05:00:00,88.797
2026-02-28 05:15:00,2026-02-28 05:15:00,88.791
2026-02-28 05:30:00,2026-02-28 05:30:00,88.798
2026-02-28 05:45:00,2026-02-28 05:45:00,88.797
2026-02-28 06:00:00,2026-02-28 06:00:00,88.797
2026-02-28 06:15:00,2026-02-28 06:15:00,88.792
2026-02-28 06:30:00,2026-02-28 06:30:00,88.796
2026-02-28 06:45:00,2026-02-28 06:45:00,88.797
2026-02-28 07:00:00,2026-02-28 07:00:00,88.795
2026-02-28 07:15:00,2026-02-28 07:15:00,88.794
2026-02-28 07:30:00,2026-02-28 07:30:00,88.794
2026-02-28 07:45:00,2026-02-28 07:45:00,88.791
2026-02-28 08:00:00,2026-02-28 08:00:00,88.794
2026-02-28 08:15:00,2026-02-28 08:15:00,88.795
2026-02-28 08:30:00,2026-02-28 08:30:00,88.794
2026-02-28 08:45:00,2026-02-28 08:45:00,88.797
2026-02-28 09:00:00,2026-02-28 09:00:00,88.802
2026-02-28 09:15:00,2026-02-28 09:15:00,88.786
2026-02-28 09:30:00,2026-02-28 09:30:00,88.775
2026-02-28 09:45:00,2026-02-28 09:45:00,88.771
2026-02-28 10:00:00,2026-02-28 10:00:00,88.8
2026-02-28 10:15:00,2026-02-28 10:15:00,88.787
2026-02-28 10:30:00,2026-02-28 10:30:00,88.792
2026-02-28 10:45:00,2026-02-28 10:45:00,88.785
2026-02-28 11:00:00,2026-02-28 11:00:00,88.777
2026-02-28 11:15:00,2026-02-28 11:15:00,88.759
2026-02-28 11:30:00,2026-02-28 11:30:00,88.766
2026-02-28 11:45:00,2026-02-28 11:45:00,88.77
2026-02-28 12:00:00,2026-02-28 12:00:00,88.783
2026-02-28 12:15:00,2026-02-28 12:15:00,88.77
2026-02-28 12:30:00,2026-02-28 12:30:00,88.767
2026-02-28 12:45:00,2026-02-28 12:45:00,88.759
2026-02-28 13:00:00,2026-02-28 13:00:00,88.764
2026-02-28 13:15:00,2026-02-28 13:15:00,88.77
2026-02-28 13:30:00,2026-02-28 13:30:00,88.767
2026-02-28 13:45:00,2026-02-28 13:45:00,88.761
2026-02-28 14:00:00,2026-02-28 14:00:00,88.76
2026-02-28 14:15:00,2026-02-28 14:15:00,88.749
2026-02-28 14:30:00,2026-02-28 14:30:00,88.754
2026-02-28 14:45:00,2026-02-28 14:45:00,88.752
2026-02-28 15:00:00,2026-02-28 15:00:00,88.767
2026-02-28 15:15:00,2026-02-28 15:15:00,88.762
2026-02-28 15:30:00,2026-02-28 15:30:00,88.76
2026-02-28 15:45:00,2026-02-28 15:45:00,88.768
2026-02-28 16:00:00,2026-02-28 16:00:00,88.765
2026-02-28 16:15:00,2026-02-28 16:15:00,88.765
2026-02-28 16:30:00,2026-02-28 16:30:00,88.769
2026-02-28 16:45:00,2026-02-28 16:45:00,88.771
2026-02-28 17:00:00,2026-02-28 17:00:00,88.758
2026-02-28 17:15:00,2026-02-28 17:15:00,88.754
2026-02-28 17:30:00,2026-02-28 17:30:00,88.75
2026-02-28 17:45:00,2026-02-28 17:45:00,88.764
2026-02-28 18:00:00,2026-02-28 18:00:00,88.759
2026-02-28 18:15:00,2026-02-28 18:15:00,88.761
2026-02-28 18:30:00,2026-02-28 18:30:00,88.755
2026-02-28 18:45:00,2026-02-28 18:45:00,88.766
2026-02-28 19:00:00,2026-02-28 19:00:00,88.754
2026-02-28 19:15:00,2026-02-28 19:15:00,88.751
2026-02-28 19:30:00,2026-02-28 19:30:00,88.756
2026-02-28 19:45:00,2026-02-28 19:45:00,88.761
2026-02-28 20:00:00,2026-02-28 20:00:00,88.761
2026-02-28 20:15:00,2026-02-28 20:15:00,88.753
2026-02-28 20:30:00,2026-02-28 20:30:00,88.762
2026-02-28 20:45:00,2026-02-28 20:45:00,88.758
2026-02-28 21:00:00,2026-02-28 21:00:00,88.764
2026-02-28 21:15:00,2026-02-28 21:15:00,88.764
2026-02-28 21:30:00,2026-02-28 21:30:00,88.766
2026-02-28 21:45:00,2026-02-28 21:45:00,88.762
2026-02-28 22:00:00,2026-02-28 22:00:00,88.76
2026-02-28 22:15:00,2026-02-28 22:15:00,88.761
2026-02-28 22:30:00,2026-02-28 22:30:00,88.761
2026-02-28 22:45:00,2026-02-28 22:45:00,88.763
2026-02-28 23:00:00,2026-02-28 23:00:00,88.763
2026-02-28 23:15:00,2026-02-28 23:15:00,88.757
2026-02-28 23:30:00,2026-02-28 23:30:00,88.763
2026-02-28 23:45:00,2026-02-28 23:45:00,88.755
2026-03-01 00:00:00,2026-03-01 00:00:00,88.759
2026-03-01 00:15:00,2026-03-01 00:15:00,88.767
2026-03-01 00:30:00,2026-03-01 00:30:00,88.761
2026-03-01 00:45:00,2026-03-01 00:45:00,88.758
2026-03-01 01:00:00,2026-03-01 01:00:00,88.762
2026-03-01 01:15:00,2026-03-01 01:15:00,88.765
2026-03-01 01:30:00,2026-03-01 01:30:00,88.766
2026-03-01 01:45:00,2026-03-01 01:45:00,88.77
2026-03-01 02:00:00,2026-03-01 02:00:00,88.766
2026-03-01 02:15:00,2026-03-01 02:15:00,88.764
2026-03-01 02:30:00,2026-03-01 02:30:00,88.758
2026-03-01 02:45:00,2026-03-01 02:45:00,88.758
2026-03-01 03:00:00,2026-03-01 03:00:00,88.77
2026-03-01 03:15:00,2026-03-01 03:15:00,88.765
2026-03-01 03:30:00,2026-03-01 03:30:00,88.768
2026-03-01 03:45:00,2026-03-01 03:45:00,88.763
2026-03-01 04:00:00,2026-03-01 04:00:00,88.754
2026-03-01 04:15:00,2026-03-01 04:15:00,88.751
2026-03-01 04:30:00,2026-03-01 04:30:00,88.758
2026-03-01 04:45:00,2026-03-01 04:45:00,88.763
2026-03-01 05:00:00,2026-03-01 05:00:00,88.76
2026-03-01 05:15:00,2026-03-01 05:15:00,88.762
2026-03-01 05:30:00,2026-03-01 05:30:00,88.762
2026-03-01 05:45:00,2026-03-01 05:45:00,88.767
2026-03-01 06:00:00,2026-03-01 06:00:00,88.762
2026-03-01 06:15:00,2026-03-01 06:15:00,88.766
2026-03-01 06:30:00,2026-03-01 06:30:00,88.759
2026-03-01 06:45:00,2026-03-01 06:45:00,88.742
2026-03-01 07:00:00,2026-03-01 07:00:00,88.754
2026-03-01 07:15:00,2026-03-01 07:15:00,88.767
2026-03-01 07:30:00,2026-03-01 07:30:00,88.765
2026-03-01 07:45:00,2026-03-01 07:45:00,88.755
2026-03-01 08:00:00,2026-03-01 08:00:00,88.754
2026-03-01 08:15:00,2026-03-01 08:15:00,88.755
2026-03-01 08:30:00,2026-03-01 08:30:00,88.756
2026-03-01 08:45:00,2026-03-01 08:45:00,88.765
2026-03-01 09:00:00,2026-03-01 09:00:00,88.751
2026-03-01 09:15:00,2026-03-01 09:15:00,88.752
2026-03-01 09:30:00,2026-03-01 09:30:00,88.746
2026-03-01 09:45:00,2026-03-01 09:45:00,88.75
2026-03-01 10:00:00,2026-03-01 10:00:00,88.743
2026-03-01 10:15:00,2026-03-01 10:15:00,88.752
2026-03-01 10:30:00,2026-03-01 10:30:00,88.748
2026-03-01 10:45:00,2026-03-01 10:45:00,88.74
2026-03-01 11:00:00,2026-03-01 11:00:00,88.73
2026-03-01 11:15:00,2026-03-01 11:15:00,88.734
2026-03-01 11:30:00,2026-03-01 11:30:00,88.733
2026-03-01 11:45:00,2026-03-01 11:45:00,88.731
2026-03-01 12:00:00,2026-03-01 12:00:00,88.739
2026-03-01 12:15:00,2026-03-01 12:15:00,88.719
2026-03-01 12:30:00,2026-03-01 12:30:00,88.724
2026-03-01 12:45:00,2026-03-01 12:45:00,88.724
2026-03-01 13:00:00,2026-03-01 13:00:00,88.726
2026-03-01 13:15:00,2026-03-01 13:15:00,88.714
2026-03-01 13:30:00,2026-03-01 13:30:00,88.721
2026-03-01 13:45:00,2026-03-01 13:45:00,88.721
2026-03-01 14:00:00,2026-03-01 14:00:00,88.722
2026-03-01 14:15:00,2026-03-01 14:15:00,88.732
2026-03-01 14:30:00,2026-03-01 14:30:00,88.728
2026-03-01 14:45:00,2026-03-01 14:45:00,88.727
2026-03-01 15:00:00,2026-03-01 15:00:00,88.727
2026-03-01 15:15:00,2026-03-01 15:15:00,88.723
2026-03-01 15:30:00,2026-03-01 15:30:00,88.711
2026-03-01 15:45:00,2026-03-01 15:45:00,88.706
2026-03-01 16:00:00,2026-03-01 16:00:00,88.718
2026-03-01 16:15:00,2026-03-01 16:15:00,88.727
2026-03-01 16:30:00,2026-03-01 16:30:00,88.723
2026-03-01 16:45:00,2026-03-01 16:45:00,88.727
2026-03-01 17:00:00,2026-03-01 17:00:00,88.723
2026-03-01 17:15:00,2026-03-01 17:15:00,88.716
2026-03-01 17:30:00,2026-03-01 17:30:00,88.713
2026-03-01 17:45:00,2026-03-01 17:45:00,88.719
2026-03-01 18:00:00,2026-03-01 18:00:00,88.716
2026-03-01 18:15:00,2026-03-01 18:15:00,88.733
2026-03-01 18:30:00,2026-03-01 18:30:00,88.726
2026-03-01 18:45:00,2026-03-01 18:45:00,88.721
2026-03-01 19:00:00,2026-03-01 19:00:00,88.724
2026-03-01 19:15:00,2026-03-01 19:15:00,88.727
2026-03-01 19:30:00,2026-03-01 19:30:00,88.726
2026-03-01 19:45:00,2026-03-01 19:45:00,88.721
2026-03-01 20:00:00,2026-03-01 20:00:00,88.72
2026-03-01 20:15:00,2026-03-01 20:15:00,88.722
2026-03-01 20:30:00,2026-03-01 20:30:00,88.724
2026-03-01 20:45:00,2026-03-01 20:45:00,88.727
2026-03-01 21:00:00,2026-03-01 21:00:00,88.726
2026-03-01 21:15:00,2026-03-01 21:15:00,88.719
2026-03-01 21:30:00,2026-03-01 21:30:00,88.734
2026-03-01 21:45:00,2026-03-01 21:45:00,88.725
2026-03-01 22:00:00,2026-03-01 22:00:00,88.728
2026-03-01 22:15:00,2026-03-01 22:15:00,88.719
2026-03-01 22:30:00,2026-03-01 22:30:00,88.721
2026-03-01 22:45:00,2026-03-01 22:45:00,88.721
2026-03-01 23:00:00,2026-03-01 23:00:00,88.727
2026-03-01 23:15:00,2026-03-01 23:15:00,88.728
2026-03-01 23:30:00,2026-03-01 23:30:00,88.726
2026-03-01 23:45:00,2026-03-01 23:45:00,88.721
2026-03-02 00:00:00,2026-03-02 00:00:00,88.727
2026-03-02 00:15:00,2026-03-02 00:15:00,88.723
2026-03-02 00:30:00,2026-03-02 00:30:00,88.728
2026-03-02 00:45:00,2026-03-02 00:45:00,88.721
2026-03-02 01:00:00,2026-03-02 01:00:00,88.722
2026-03-02 01:15:00,2026-03-02 01:15:00,88.722
2026-03-02 01:30:00,2026-03-02 01:30:00,88.729
2026-03-02 01:45:00,2026-03-02 01:45:00,88.728
2026-03-02 02:00:00,2026-03-02 02:00:00,88.728
2026-03-02 02:15:00,2026-03-02 02:15:00,88.724
2026-03-02 02:30:00,2026-03-02 02:30:00,88.725
2026-03-02 02:45:00,2026-03-02 02:45:00,88.724
2026-03-02 03:00:00,2026-03-02 03:00:00,88.728
2026-03-02 03:15:00,2026-03-02 03:15:00,88.726
2026-03-02 03:30:00,2026-03-02 03:30:00,88.726
2026-03-02 03:45:00,2026-03-02 03:45:00,88.722
2026-03-02 04:00:00,2026-03-02 04:00:00,88.726
2026-03-02 04:15:00,2026-03-02 04:15:00,88.728
2026-03-02 04:30:00,2026-03-02 04:30:00,88.726
2026-03-02 04:45:00,2026-03-02 04:45:00,88.724
2026-03-02 05:00:00,2026-03-02 05:00:00,88.721
2026-03-02 05:15:00,2026-03-02 05:15:00,88.721
2026-03-02 05:30:00,2026-03-02 05:30:00,88.712
2026-03-02 05:45:00,2026-03-02 05:45:00,88.715
2026-03-02 06:00:00,2026-03-02 06:00:00,88.715
2026-03-02 06:15:00,2026-03-02 06:15:00,88.723
2026-03-02 06:30:00,2026-03-02 06:30:00,88.716
2026-03-02 06:45:00,2026-03-02 06:45:00,88.715
2026-03-02 07:00:00,2026-03-02 07:00:00,88.718
2026-03-02 07:15:00,2026-03-02 07:15:00,88.721
2026-03-02 07:30:00,2026-03-02 07:30:00,88.712
2026-03-02 07:45:00,2026-03-02 07:45:00,88.709
2026-03-02 08:00:00,2026-03-02 08:00:00,88.709
2026-03-02 08:15:00,2026-03-02 08:15:00,88.706
2026-03-02 08:30:00,2026-03-02 08:30:00,88.716
2026-03-02 08:45:00,2026-03-02 08:45:00,88.718
2026-03-02 09:00:00,2026-03-02 09:00:00,88.715
2026-03-02 09:15:00,2026-03-02 09:15:00,88.703
2026-03-02 09:30:00,2026-03-02 09:30:00,88.713
2026-03-02 09:45:00,2026-03-02 09:45:00,88.702
2026-03-02 10:00:00,2026-03-02 10:00:00,88.698
2026-03-02 10:15:00,2026-03-02 10:15:00,88.707
2026-03-02 10:30:00,2026-03-02 10:30:00,88.718
2026-03-02 10:45:00,2026-03-02 10:45:00,88.704
2026-03-02 11:00:00,2026-03-02 11:00:00,88.694
2026-03-02 11:15:00,2026-03-02 11:15:00,88.688
2026-03-02 11:30:00,2026-03-02 11:30:00,88.682
2026-03-02 11:45:00,2026-03-02 11:45:00,88.689
2026-03-02 12:00:00,2026-03-02 12:00:00,88.705
2026-03-02 12:15:00,2026-03-02 12:15:00,88.699
2026-03-02 12:30:00,2026-03-02 12:30:00,88.692
2026-03-02 12:45:00,2026-03-02 12:45:00,88.684
2026-03-02 13:00:00,2026-03-02 13:00:00,88.678
2026-03-02 13:15:00,2026-03-02 13:15:00,88.676
2026-03-02 13:30:00,2026-03-02 13:30:00,88.681
2026-03-02 13:45:00,2026-03-02 13:45:00,88.684
2026-03-02 14:00:00,2026-03-02 14:00:00,88.692
2026-03-02 14:15:00,2026-03-02 14:15:00,88.689
2026-03-02 14:30:00,2026-03-02 14:30:00,88.683
2026-03-02 14:45:00,2026-03-02 14:45:00,88.682
2026-03-02 15:00:00,2026-03-02 15:00:00,88.685
2026-03-02 15:15:00,2026-03-02 15:15:00,88.678
2026-03-02 15:30:00,2026-03-02 15:30:00,88.681
2026-03-02 15:45:00,2026-03-02 15:45:00,88.665
2026-03-02 16:00:00,2026-03-02 16:00:00,88.68
2026-03-02 16:15:00,2026-03-02 16:15:00,88.674
2026-03-02 16:30:00,2026-03-02 16:30:00,88.672
2026-03-02 16:45:00,2026-03-02 16:45:00,88.668
2026-03-02 17:00:00,2026-03-02 17:00:00,88.677
2026-03-02 17:15:00,2026-03-02 17:15:00,88.675
2026-03-02 17:30:00,2026-03-02 17:30:00,88.672
2026-03-02 17:45:00,2026-03-02 17:45:00,88.678
2026-03-02 18:00:00,2026-03-02 18:00:00,88.677
2026-03-02 18:15:00,2026-03-02 18:15:00,88.677
2026-03-02 18:30:00,2026-03-02 18:30:00,88.68
2026-03-02 18:45:00,2026-03-02 18:45:00,88.678
2026-03-02 19:00:00,2026-03-02 19:00:00,88.676
2026-03-02 19:15:00,2026-03-02 19:15:00,88.683
2026-03-02 19:30:00,2026-03-02 19:30:00,88.682
2026-03-02 19:45:00,2026-03-02 19:45:00,88.681
2026-03-02 20:00:00,2026-03-02 20:00:00,88.683
2026-03-02 20:15:00,2026-03-02 20:15:00,88.685
2026-03-02 20:30:00,2026-03-02 20:30:00,88.686
2026-03-02 20:45:00,2026-03-02 20:45:00,88.688
2026-03-02 21:00:00,2026-03-02 21:00:00,88.681
2026-03-02 21:15:00,2026-03-02 21:15:00,88.677
2026-03-02 21:30:00,2026-03-02 21:30:00,88.668
2026-03-02 21:45:00,2026-03-02 21:45:00,88.677
2026-03-02 22:00:00,2026-03-02 22:00:00,88.675
2026-03-02 22:15:00,2026-03-02 22:15:00,88.677
2026-03-02 22:30:00,2026-03-02 22:30:00,88.681
2026-03-02 22:45:00,2026-03-02 22:45:00,88.673
2026-03-02 23:00:00,2026-03-02 23:00:00,88.669
2026-03-02 23:15:00,2026-03-02 23:15:00,88.668
2026-03-02 23:30:00,2026-03-02 23:30:00,88.671
2026-03-02 23:45:00,2026-03-02 23:45:00,88.676
2026-03-03 00:00:00,2026-03-03 00:00:00,88.68
2026-03-03 00:15:00,2026-03-03 00:15:00,88.673
2026-03-03 00:30:00,2026-03-03 00:30:00,88.684
2026-03-03 00:45:00,2026-03-03 00:45:00,88.674
2026-03-03 01:00:00,2026-03-03 01:00:00,88.676
2026-03-03 01:15:00,2026-03-03 01:15:00,88.675
2026-03-03 01:30:00,2026-03-03 01:30:00,88.682
2026-03-03 01:45:00,2026-03-03 01:45:00,88.675
2026-03-03 02:00:00,2026-03-03 02:00:00,88.678
2026-03-03 02:15:00,2026-03-03 02:15:00,88.679
2026-03-03 02:30:00,2026-03-03 02:30:00,88.684
2026-03-03 02:45:00,2026-03-03 02:45:00,88.68
2026-03-03 03:00:00,2026-03-03 03:00:00,88.683
2026-03-03 03:15:00,2026-03-03 03:15:00,88.679
2026-03-03 03:30:00,2026-03-03 03:30:00,88.674
2026-03-03 03:45:00,2026-03-03 03:45:00,88.668
2026-03-03 04:00:00,2026-03-03 04:00:00,88.677
2026-03-03 04:15:00,2026-03-03 04:15:00,88.679
2026-03-03 04:30:00,2026-03-03 04:30:00,88.681
2026-03-03 04:45:00,2026-03-03 04:45:00,88.674
2026-03-03 05:00:00,2026-03-03 05:00:00,88.671
2026-03-03 05:15:00,2026-03-03 05:15:00,88.678
2026-03-03 05:30:00,2026-03-03 05:30:00,88.673
2026-03-03 05:45:00,2026-03-03 05:45:00,88.669
2026-03-03 06:00:00,2026-03-03 06:00:00,88.665
2026-03-03 06:15:00,2026-03-03 06:15:00,88.659
2026-03-03 06:30:00,2026-03-03 06:30:00,88.666
2026-03-03 06:45:00,2026-03-03 06:45:00,88.67
2026-03-03 07:00:00,2026-03-03 07:00:00,88.674
2026-03-03 07:15:00,2026-03-03 07:15:00,88.665
2026-03-03 07:30:00,2026-03-03 07:30:00,88.668
2026-03-03 07:45:00,2026-03-03 07:45:00,88.657
2026-03-03 08:00:00,2026-03-03 08:00:00,88.657
2026-03-03 08:15:00,2026-03-03 08:15:00,88.654
2026-03-03 08:30:00,2026-03-03 08:30:00,88.658
2026-03-03 08:45:00,2026-03-03 08:45:00,88.66
2026-03-03 09:00:00,2026-03-03 09:00:00,88.663
2026-03-03 09:15:00,2026-03-03 09:15:00,88.67
2026-03-03 09:30:00,2026-03-03 09:30:00,88.654
2026-03-03 09:45:00,2026-03-03 09:45:00,88.644
2026-03-03 10:00:00,2026-03-03 10:00:00,88.659
2026-03-03 10:15:00,2026-03-03 10:15:00,88.654
2026-03-03 10:30:00,2026-03-03 10:30:00,88.64
2026-03-03 10:45:00,2026-03-03 10:45:00,88.636
2026-03-03 11:00:00,2026-03-03 11:00:00,88.636
2026-03-03 11:15:00,2026-03-03 11:15:00,88.642
2026-03-03 11:30:00,2026-03-03 11:30:00,88.641
2026-03-03 11:45:00,2026-03-03 11:45:00,88.635
2026-03-03 12:00:00,2026-03-03 12:00:00,88.647
2026-03-03 12:15:00,2026-03-03 12:15:00,88.639
2026-03-03 12:30:00,2026-03-03 12:30:00,88.625
2026-03-03 12:45:00,2026-03-03 12:45:00,88.623
2026-03-03 13:00:00,2026-03-03 13:00:00,88.639
2026-03-03 13:15:00,2026-03-03 13:15:00,88.638
2026-03-03 13:30:00,2026-03-03 13:30:00,88.636
2026-03-03 13:45:00,2026-03-03 13:45:00,88.642
2026-03-03 14:00:00,2026-03-03 14:00:00,88.64
2026-03-03 14:15:00,2026-03-03 14:15:00,88.641
2026-03-03 14:30:00,2026-03-03 14:30:00,88.634
2026-03-03 14:45:00,2026-03-03 14:45:00,88.634
2026-03-03 15:00:00,2026-03-03 15:00:00,88.631
2026-03-03 15:15:00,2026-03-03 15:15:00,88.635
2026-03-03 15:30:00,2026-03-03 15:30:00,88.631
2026-03-03 15:45:00,2026-03-03 15:45:00,88.633
2026-03-03 16:00:00,2026-03-03 16:00:00,88.629
2026-03-03 16:15:00,2026-03-03 16:15:00,88.629
2026-03-03 16:30:00,2026-03-03 16:30:00,88.62
2026-03-03 16:45:00,2026-03-03 16:45:00,88.615
2026-03-03 17:00:00,2026-03-03 17:00:00,88.614
2026-03-03 17:15:00,2026-03-03 17:15:00,88.631
2026-03-03 17:30:00,2026-03-03 17:30:00,88.63
2026-03-03 17:45:00,2026-03-03 17:45:00,88.633
2026-03-03 18:00:00,2026-03-03 18:00:00,88.625
2026-03-03 18:15:00,2026-03-03 18:15:00,88.626
2026-03-03 18:30:00,2026-03-03 18:30:00,88.617
2026-03-03 18:45:00,2026-03-03 18:45:00,88.625
2026-03-03 19:00:00,2026-03-03 19:00:00,88.625
2026-03-03 19:15:00,2026-03-03 19:15:00,88.639
2026-03-03 19:30:00,2026-03-03 19:30:00,88.635
2026-03-03 19:45:00,2026-03-03 19:45:00,88.629
2026-03-03 20:00:00,2026-03-03 20:00:00,88.619
2026-03-03 20:15:00,2026-03-03 20:15:00,88.628
2026-03-03 20:30:00,2026-03-03 20:30:00,88.627
2026-03-03 20:45:00,2026-03-03 20:45:00,88.629
2026-03-03 21:00:00,2026-03-03 21:00:00,88.632
2026-03-03 21:15:00,2026-03-03 21:15:00,88.644
2026-03-03 21:30:00,2026-03-03 21:30:00,88.636
2026-03-03 21:45:00,2026-03-03 21:45:00,88.629
2026-03-03 22:00:00,2026-03-03 22:00:00,88.632
2026-03-03 22:15:00,2026-03-03 22:15:00,88.627
2026-03-03 22:30:00,2026-03-03 22:30:00,88.635
2026-03-03 22:45:00,2026-03-03 22:45:00,88.634
2026-03-03 23:00:00,2026-03-03 23:00:00,88.629
2026-03-03 23:15:00,2026-03-03 23:15:00,88.621
2026-03-03 23:30:00,2026-03-03 23:30:00,88.622
2026-03-03 23:45:00,2026-03-03 23:45:00,88.631
2026-03-04 00:00:00,2026-03-04 00:00:00,88.626
2026-03-04 00:15:00,2026-03-04 00:15:00,88.631
2026-03-04 00:30:00,2026-03-04 00:30:00,88.636
2026-03-04 00:45:00,2026-03-04 00:45:00,88.627
2026-03-04 01:00:00,2026-03-04 01:00:00,88.626
2026-03-04 01:15:00,2026-03-04 01:15:00,88.628
2026-03-04 01:30:00,2026-03-04 01:30:00,88.633
2026-03-04 01:45:00,2026-03-04 01:45:00,88.632
2026-03-04 02:00:00,2026-03-04 02:00:00,88.63
2026-03-04 02:15:00,2026-03-04 02:15:00,88.628
2026-03-04 02:30:00,2026-03-04 02:30:00,88.628
2026-03-04 02:45:00,2026-03-04 02:45:00,88.631
2026-03-04 03:00:00,2026-03-04 03:00:00,88.632
2026-03-04 03:15:00,2026-03-04 03:15:00,88.632
2026-03-04 03:30:00,2026-03-04 03:30:00,88.635
2026-03-04 03:45:00,2026-03-04 03:45:00,88.633
2026-03-04 04:00:00,2026-03-04 04:00:00,88.625
2026-03-04 04:15:00,2026-03-04 04:15:00,88.616
2026-03-04 04:30:00,2026-03-04 04:30:00,88.622
2026-03-04 04:45:00,2026-03-04 04:45:00,88.623
2026-03-04 05:00:00,2026-03-04 05:00:00,88.627
2026-03-04 05:15:00,2026-03-04 05:15:00,88.626
2026-03-04 05:30:00,2026-03-04 05:30:00,88.627
2026-03-04 05:45:00,2026-03-04 05:45:00,88.619
2026-03-04 06:00:00,2026-03-04 06:00:00,88.62
2026-03-04 06:15:00,2026-03-04 06:15:00,88.617
2026-03-04 06:30:00,2026-03-04 06:30:00,88.619
2026-03-04 06:45:00,2026-03-04 06:45:00,88.614
2026-03-04 07:00:00,2026-03-04 07:00:00,88.629
2026-03-04 07:15:00,2026-03-04 07:15:00,88.618
2026-03-04 07:30:00,2026-03-04 07:30:00,88.62
2026-03-04 07:45:00,2026-03-04 07:45:00,88.617
2026-03-04 08:00:00,2026-03-04 08:00:00,88.622
2026-03-04 08:15:00,2026-03-04 08:15:00,88.61
2026-03-04 08:30:00,2026-03-04 08:30:00,88.605
2026-03-04 08:45:00,2026-03-04 08:45:00,88.616
2026-03-04 09:00:00,2026-03-04 09:00:00,88.62
2026-03-04 09:15:00,2026-03-04 09:15:00,88.607
2026-03-04 09:30:00,2026-03-04 09:30:00,88.609
2026-03-04 09:45:00,2026-03-04 09:45:00,88.608
2026-03-04 10:00:00,2026-03-04 10:00:00,88.596
2026-03-04 10:15:00,2026-03-04 10:15:00,88.604
2026-03-04 10:30:00,2026-03-04 10:30:00,88.612
2026-03-04 10:45:00,2026-03-04 10:45:00,88.609
2026-03-04 11:00:00,2026-03-04 11:00:00,88.597
2026-03-04 11:15:00,2026-03-04 11:15:00,88.591
2026-03-04 11:30:00,2026-03-04 11:30:00,88.587
2026-03-04 11:45:00,2026-03-04 11:45:00,88.587
2026-03-04 12:00:00,2026-03-04 12:00:00,88.599
2026-03-04 12:15:00,2026-03-04 12:15:00,88.598
2026-03-04 12:30:00,2026-03-04 12:30:00,88.602
2026-03-04 12:45:00,2026-03-04 12:45:00,88.579
2026-03-04 13:00:00,2026-03-04 13:00:00,88.576
2026-03-04 13:15:00,2026-03-04 13:15:00,88.571
2026-03-04 13:30:00,2026-03-04 13:30:00,88.586
2026-03-04 13:45:00,2026-03-04 13:45:00,88.585
2026-03-04 14:00:00,2026-03-04 14:00:00,88.591
2026-03-04 14:15:00,2026-03-04 14:15:00,88.592
2026-03-04 14:30:00,2026-03-04 14:30:00,88.58
2026-03-04 14:45:00,2026-03-04 14:45:00,88.577
2026-03-04 15:00:00,2026-03-04 15:00:00,88.584
2026-03-04 15:15:00,2026-03-04 15:15:00,88.581
2026-03-04 15:30:00,2026-03-04 15:30:00,88.578
2026-03-04 15:45:00,2026-03-04 15:45:00,88.585
2026-03-04 16:00:00,2026-03-04 16:00:00,88.591
2026-03-04 16:15:00,2026-03-04 16:15:00,88.579
2026-03-04 16:30:00,2026-03-04 16:30:00,88.574
2026-03-04 16:45:00,2026-03-04 16:45:00,88.577
2026-03-04 17:00:00,2026-03-04 17:00:00,88.578
2026-03-04 17:15:00,2026-03-04 17:15:00,88.581
2026-03-04 17:30:00,2026-03-04 17:30:00,88.577
2026-03-04 17:45:00,2026-03-04 17:45:00,88.577
2026-03-04 18:00:00,2026-03-04 18:00:00,88.575
2026-03-04 18:15:00,2026-03-04 18:15:00,88.581
2026-03-04 18:30:00,2026-03-04 18:30:00,88.575
2026-03-04 18:45:00,2026-03-04 18:45:00,88.584
2026-03-04 19:00:00,2026-03-04 19:00:00,88.58
2026-03-04 19:15:00,2026-03-04 19:15:00,88.574
2026-03-04 19:30:00,2026-03-04 19:30:00,88.581
2026-03-04 19:45:00,2026-03-04 19:45:00,88.585
2026-03-04 20:00:00,2026-03-04 20:00:00,88.584
2026-03-04 20:15:00,2026-03-04 20:15:00,88.58
2026-03-04 20:30:00,2026-03-04 20:30:00,88.586
2026-03-04 20:45:00,2026-03-04 20:45:00,88.58
2026-03-04 21:00:00,2026-03-04 21:00:00,88.585
2026-03-04 21:15:00,2026-03-04 21:15:00,88.587
2026-03-04 21:30:00,2026-03-04 21:30:00,88.589
2026-03-04 21:45:00,2026-03-04 21:45:00,88.589
2026-03-04 22:00:00,2026-03-04 22:00:00,88.591
2026-03-04 22:15:00,2026-03-04 22:15:00,88.585
2026-03-04 22:30:00,2026-03-04 22:30:00,88.586
2026-03-04 22:45:00,2026-03-04 22:45:00,88.585
2026-03-04 23:00:00,2026-03-04 23:00:00,88.582
2026-03-04 23:15:00,2026-03-04 23:15:00,88.586
2026-03-04 23:30:00,2026-03-04 23:30:00,88.576
2026-03-04 23:45:00,2026-03-04 23:45:00,88.577
2026-03-05 00:00:00,2026-03-05 00:00:00,88.581
2026-03-05 00:15:00,2026-03-05 00:15:00,88.582
2026-03-05 00:30:00,2026-03-05 00:30:00,88.587
2026-03-05 00:45:00,2026-03-05 00:45:00,88.581
2026-03-05 01:00:00,2026-03-05 01:00:00,88.59
2026-03-05 01:15:00,2026-03-05 01:15:00,88.58
2026-03-05 01:30:00,2026-03-05 01:30:00,88.584
2026-03-05 01:45:00,2026-03-05 01:45:00,88.588
2026-03-05 02:00:00,2026-03-05 02:00:00,88.579
2026-03-05 02:15:00,2026-03-05 02:15:00,88.583
2026-03-05 02:30:00,2026-03-05 02:30:00,88.579
2026-03-05 02:45:00,2026-03-05 02:45:00,88.578
2026-03-05 03:00:00,2026-03-05 03:00:00,88.578
2026-03-05 03:15:00,2026-03-05 03:15:00,88.584
2026-03-05 03:30:00,2026-03-05 03:30:00,88.584
2026-03-05 03:45:00,2026-03-05 03:45:00,88.579
2026-03-05 04:00:00,2026-03-05 04:00:00,88.585
2026-03-05 04:15:00,2026-03-05 04:15:00,88.586
2026-03-05 04:30:00,2026-03-05 04:30:00,88.575
2026-03-05 04:45:00,2026-03-05 04:45:00,88.581
2026-03-05 05:00:00,2026-03-05 05:00:00,88.583
2026-03-05 05:15:00,2026-03-05 05:15:00,88.575
2026-03-05 05:30:00,2026-03-05 05:30:00,88.569
2026-03-05 05:45:00,2026-03-05 05:45:00,88.575
2026-03-05 06:00:00,2026-03-05 06:00:00,88.578
2026-03-05 06:15:00,2026-03-05 06:15:00,88.572
2026-03-05 06:30:00,2026-03-05 06:30:00,88.575
2026-03-05 06:45:00,2026-03-05 06:45:00,88.577
2026-03-05 07:00:00,2026-03-05 07:00:00,88.574
2026-03-05 07:15:00,2026-03-05 07:15:00,88.568
2026-03-05 07:30:00,2026-03-05 07:30:00,88.575
2026-03-05 07:45:00,2026-03-05 07:45:00,88.577
2026-03-05 08:00:00,2026-03-05 08:00:00,88.576
2026-03-05 08:15:00,2026-03-05 08:15:00,88.567
2026-03-05 08:30:00,2026-03-05 08:30:00,88.564
2026-03-05 08:45:00,2026-03-05 08:45:00,88.568
2026-03-05 09:00:00,2026-03-05 09:00:00,88.572
2026-03-05 09:15:00,2026-03-05 09:15:00,88.563
2026-03-05 09:30:00,2026-03-05 09:30:00,88.564
2026-03-05 09:45:00,2026-03-05 09:45:00,88.566
2026-03-05 10:00:00,2026-03-05 10:00:00,88.56
2026-03-05 10:15:00,2026-03-05 10:15:00,88.557
2026-03-05 10:30:00,2026-03-05 10:30:00,88.562
2026-03-05 10:45:00,2026-03-05 10:45:00,88.563
2026-03-05 11:00:00,2026-03-05 11:00:00,88.549
2026-03-05 11:15:00,2026-03-05 11:15:00,88.551
2026-03-05 11:30:00,2026-03-05 11:30:00,88.552
2026-03-05 11:45:00,2026-03-05 11:45:00,88.56
2026-03-05 12:00:00,2026-03-05 12:00:00,88.553
2026-03-05 12:15:00,2026-03-05 12:15:00,88.548
2026-03-05 12:30:00,2026-03-05 12:30:00,88.547
2026-03-05 12:45:00,2026-03-05 12:45:00,88.555
2026-03-05 13:00:00,2026-03-05 13:00:00,88.549
2026-03-05 13:15:00,2026-03-05 13:15:00,88.549
2026-03-05 13:30:00,2026-03-05 13:30:00,88.534
2026-03-05 13:45:00,2026-03-05 13:45:00,88.549
2026-03-05 14:00:00,2026-03-05 14:00:00,88.551
2026-03-05 14:15:00,2026-03-05 14:15:00,88.557
2026-03-05 14:30:00,2026-03-05 14:30:00,88.545
2026-03-05 14:45:00,2026-03-05 14:45:00,88.548
2026-03-05 15:00:00,2026-03-05 15:00:00,88.554
2026-03-05 15:15:00,2026-03-05 15:15:00,88.549
2026-03-05 15:30:00,2026-03-05 15:30:00,88.544
2026-03-05 15:45:00,2026-03-05 15:45:00,88.538
2026-03-05 16:00:00,2026-03-05 16:00:00,88.539
2026-03-05 16:15:00,2026-03-05 16:15:00,88.535
2026-03-05 16:30:00,2026-03-05 16:30:00,88.542
2026-03-05 16:45:00,2026-03-05 16:45:00,88.541
2026-03-05 17:00:00,2026-03-05 17:00:00,88.534
2026-03-05 17:15:00,2026-03-05 17:15:00,88.541
2026-03-05 17:30:00,2026-03-05 17:30:00,88.538
2026-03-05 17:45:00,2026-03-05 17:45:00,88.538
2026-03-05 18:00:00,2026-03-05 18:00:00,88.539
2026-03-05 18:15:00,2026-03-05 18:15:00,88.536
2026-03-05 18:30:00,2026-03-05 18:30:00,88.525
2026-03-05 18:45:00,2026-03-05 18:45:00,88.523
2026-03-05 19:00:00,2026-03-05 19:00:00,88.527
2026-03-05 19:15:00,2026-03-05 19:15:00,88.523
2026-03-05 19:30:00,2026-03-05 19:30:00,88.529
2026-03-05 19:45:00,2026-03-05 19:45:00,88.531
2026-03-05 20:00:00,2026-03-05 20:00:00,88.526
2026-03-05 20:15:00,2026-03-05 20:15:00,88.53
2026-03-05 20:30:00,2026-03-05 20:30:00,88.537
2026-03-05 20:45:00,2026-03-05 20:45:00,88.533
2026-03-05 21:00:00,2026-03-05 21:00:00,88.528
2026-03-05 21:15:00,2026-03-05 21:15:00,88.529
2026-03-05 21:30:00,2026-03-05 21:30:00,88.531
2026-03-05 21:45:00,2026-03-05 21:45:00,88.536
2026-03-05 22:00:00,2026-03-05 22:00:00,88.536
2026-03-05 22:15:00,2026-03-05 22:15:00,88.54
2026-03-05 22:30:00,2026-03-05 22:30:00,88.538
2026-03-05 22:45:00,2026-03-05 22:45:00,88.534
2026-03-05 23:00:00,2026-03-05 23:00:00,88.53
2026-03-05 23:15:00,2026-03-05 23:15:00,88.519
2026-03-05 23:30:00,2026-03-05 23:30:00,88.52
2026-03-05 23:45:00,2026-03-05 23:45:00,88.529
2026-03-06 00:00:00,2026-03-06 00:00:00,88.542
2026-03-06 00:15:00,2026-03-06 00:15:00,88.535
2026-03-06 00:30:00,2026-03-06 00:30:00,88.532
2026-03-06 00:45:00,2026-03-06 00:45:00,88.528
2026-03-06 01:00:00,2026-03-06 01:00:00,88.532
2026-03-06 01:15:00,2026-03-06 01:15:00,88.533
2026-03-06 01:30:00,2026-03-06 01:30:00,88.532
2026-03-06 01:45:00,2026-03-06 01:45:00,88.536
2026-03-06 02:00:00,2026-03-06 02:00:00,88.533
2026-03-06 02:15:00,2026-03-06 02:15:00,88.541
2026-03-06 02:30:00,2026-03-06 02:30:00,88.527
2026-03-06 02:45:00,2026-03-06 02:45:00,88.535
2026-03-06 03:00:00,2026-03-06 03:00:00,88.538
2026-03-06 03:15:00,2026-03-06 03:15:00,88.537
2026-03-06 03:30:00,2026-03-06 03:30:00,88.536
2026-03-06 03:45:00,2026-03-06 03:45:00,88.529
2026-03-06 04:00:00,2026-03-06 04:00:00,88.522
2026-03-06 04:15:00,2026-03-06 04:15:00,88.533
2026-03-06 04:30:00,2026-03-06 04:30:00,88.532
2026-03-06 04:45:00,2026-03-06 04:45:00,88.526
2026-03-06 05:00:00,2026-03-06 05:00:00,88.524
2026-03-06 05:15:00,2026-03-06 05:15:00,88.522
2026-03-06 05:30:00,2026-03-06 05:30:00,88.527
2026-03-06 05:45:00,2026-03-06 05:45:00,88.519
2026-03-06 06:00:00,2026-03-06 06:00:00,88.532
2026-03-06 06:15:00,2026-03-06 06:15:00,88.525
2026-03-06 06:30:00,2026-03-06 06:30:00,88.52
2026-03-06 06:45:00,2026-03-06 06:45:00,88.518
2026-03-06 07:00:00,2026-03-06 07:00:00,88.513
2026-03-06 07:15:00,2026-03-06 07:15:00,88.515
2026-03-06 07:30:00,2026-03-06 07:30:00,88.516
2026-03-06 07:45:00,2026-03-06 07:45:00,88.525
2026-03-06 08:00:00,2026-03-06 08:00:00,88.528
2026-03-06 08:15:00,2026-03-06 08:15:00,88.523
2026-03-06 08:30:00,2026-03-06 08:30:00,88.515
2026-03-06 08:45:00,2026-03-06 08:45:00,88.507
2026-03-06 09:00:00,2026-03-06 09:00:00,88.51
2026-03-06 09:15:00,2026-03-06 09:15:00,88.521
2026-03-06 09:30:00,2026-03-06 09:30:00,88.518
2026-03-06 09:45:00,2026-03-06 09:45:00,88.509
2026-03-06 10:00:00,2026-03-06 10:00:00,88.509
2026-03-06 10:15:00,2026-03-06 10:15:00,88.519
2026-03-06 10:30:00,2026-03-06 10:30:00,88.515
2026-03-06 10:45:00,2026-03-06 10:45:00,88.513
2026-03-06 11:00:00,2026-03-06 11:00:00,88.491
2026-03-06 11:15:00,2026-03-06 11:15:00,88.505
2026-03-06 11:30:00,2026-03-06 11:30:00,88.503
2026-03-06 11:45:00,2026-03-06 11:45:00,88.503
2026-03-06 12:00:00,2026-03-06 12:00:00,88.503
2026-03-06 12:15:00,2026-03-06 12:15:00,88.51
2026-03-06 12:30:00,2026-03-06 12:30:00,88.501
2026-03-06 12:45:00,2026-03-06 12:45:00,88.501
2026-03-06 13:00:00,2026-03-06 13:00:00,88.495
2026-03-06 13:15:00,2026-03-06 13:15:00,88.483
2026-03-06 13:30:00,2026-03-06 13:30:00,88.481
2026-03-06 13:45:00,2026-03-06 13:45:00,88.492
2026-03-06 14:00:00,2026-03-06 14:00:00,88.486
2026-03-06 14:15:00,2026-03-06 14:15:00,88.488
2026-03-06 14:30:00,2026-03-06 14:30:00,88.49
2026-03-06 14:45:00,2026-03-06 14:45:00,88.482
2026-03-06 15:00:00,2026-03-06 15:00:00,88.483
2026-03-06 15:15:00,2026-03-06 15:15:00,88.488
2026-03-06 15:30:00,2026-03-06 15:30:00,88.497
2026-03-06 15:45:00,2026-03-06 15:45:00,88.486
2026-03-06 16:00:00,2026-03-06 16:00:00,88.482
2026-03-06 16:15:00,2026-03-06 16:15:00,88.486
2026-03-06 16:30:00,2026-03-06 16:30:00,88.481
2026-03-06 16:45:00,2026-03-06 16:45:00,88.481
2026-03-06 17:00:00,2026-03-06 17:00:00,88.48
2026-03-06 17:15:00,2026-03-06 17:15:00,88.476
2026-03-06 17:30:00,2026-03-06 17:30:00,88.48
2026-03-06 17:45:00,2026-03-06 17:45:00,88.48
2026-03-06 18:00:00,2026-03-06 18:00:00,88.472
2026-03-06 18:15:00,2026-03-06 18:15:00,88.471
2026-03-06 18:30:00,2026-03-06 18:30:00,88.476
2026-03-06 18:45:00,2026-03-06 18:45:00,88.48
2026-03-06 19:00:00,2026-03-06 19:00:00,88.479
2026-03-06 19:15:00,2026-03-06 19:15:00,88.481
2026-03-06 19:30:00,2026-03-06 19:30:00,88.48
2026-03-06 19:45:00,2026-03-06 19:45:00,88.478
2026-03-06 20:00:00,2026-03-06 20:00:00,88.479
2026-03-06 20:15:00,2026-03-06 20:15:00,88.479
2026-03-06 20:30:00,2026-03-06 20:30:00,88.478
2026-03-06 20:45:00,2026-03-06 20:45:00,88.484
2026-03-06 21:00:00,2026-03-06 21:00:00,88.487
2026-03-06 21:15:00,2026-03-06 21:15:00,88.486
2026-03-06 21:30:00,2026-03-06 21:30:00,88.486
2026-03-06 21:45:00,2026-03-06 21:45:00,88.485
2026-03-06 22:00:00,2026-03-06 22:00:00,88.485
2026-03-06 22:15:00,2026-03-06 22:15:00,88.478
2026-03-06 22:30:00,2026-03-06 22:30:00,88.482
2026-03-06 22:45:00,2026-03-06 22:45:00,88.485
2026-03-06 23:00:00,2026-03-06 23:00:00,88.483
2026-03-06 23:15:00,2026-03-06 23:15:00,88.48
2026-03-06 23:30:00,2026-03-06 23:30:00,88.477
2026-03-06 23:45:00,2026-03-06 23:45:00,88.486
2026-03-07 00:00:00,2026-03-07 00:00:00,88.485
2026-03-07 00:15:00,2026-03-07 00:15:00,88.485
2026-03-07 00:30:00,2026-03-07 00:30:00,88.482
2026-03-07 00:45:00,2026-03-07 00:45:00,88.474
2026-03-07 01:00:00,2026-03-07 01:00:00,88.478
2026-03-07 01:15:00,2026-03-07 01:15:00,88.478
2026-03-07 01:30:00,2026-03-07 01:30:00,88.477
2026-03-07 01:45:00,2026-03-07 01:45:00,88.477
2026-03-07 02:00:00,2026-03-07 02:00:00,88.477
2026-03-07 02:15:00,2026-03-07 02:15:00,88.486
2026-03-07 02:30:00,2026-03-07 02:30:00,88.48
2026-03-07 02:45:00,2026-03-07 02:45:00,88.479
2026-03-07 03:00:00,2026-03-07 03:00:00,88.476
2026-03-07 03:15:00,2026-03-07 03:15:00,88.478
2026-03-07 03:30:00,2026-03-07 03:30:00,88.478
2026-03-07 03:45:00,2026-03-07 03:45:00,88.482
2026-03-07 04:00:00,2026-03-07 04:00:00,88.472
2026-03-07 04:15:00,2026-03-07 04:15:00,88.476
2026-03-07 04:30:00,2026-03-07 04:30:00,88.473
2026-03-07 04:45:00,2026-03-07 04:45:00,88.469
2026-03-07 05:00:00,2026-03-07 05:00:00,88.463
2026-03-07 05:15:00,2026-03-07 05:15:00,88.464
2026-03-07 05:30:00,2026-03-07 05:30:00,88.461
2026-03-07 05:45:00,2026-03-07 05:45:00,88.472
2026-03-07 06:00:00,2026-03-07 06:00:00,88.456
2026-03-07 06:15:00,2026-03-07 06:15:00,88.464
2026-03-07 06:30:00,2026-03-07 06:30:00,88.464
2026-03-07 06:45:00,2026-03-07 06:45:00,88.471
2026-03-07 07:00:00,2026-03-07 07:00:00,88.464
2026-03-07 07:15:00,2026-03-07 07:15:00,88.463
2026-03-07 07:30:00,2026-03-07 07:30:00,88.464
2026-03-07 07:45:00,2026-03-07 07:45:00,88.461
2026-03-07 08:00:00,2026-03-07 08:00:00,88.457
2026-03-07 08:15:00,2026-03-07 08:15:00,88.454
2026-03-07 08:30:00,2026-03-07 08:30:00,88.454
2026-03-07 08:45:00,2026-03-07 08:45:00,88.462
2026-03-07 09:00:00,2026-03-07 09:00:00,88.464
2026-03-07 09:15:00,2026-03-07 09:15:00,88.457
2026-03-07 09:30:00,2026-03-07 09:30:00,88.455
2026-03-07 09:45:00,2026-03-07 09:45:00,88.456
2026-03-07 10:00:00,2026-03-07 10:00:00,88.445
2026-03-07 10:15:00,2026-03-07 10:15:00,88.454
2026-03-07 10:30:00,2026-03-07 10:30:00,88.433
2026-03-07 10:45:00,2026-03-07 10:45:00,88.454
2026-03-07 11:00:00,2026-03-07 11:00:00,88.447
2026-03-07 11:15:00,2026-03-07 11:15:00,88.454
2026-03-07 11:30:00,2026-03-07 11:30:00,88.442
2026-03-07 11:45:00,2026-03-07 11:45:00,88.442
2026-03-07 12:00:00,2026-03-07 12:00:00,88.434
2026-03-07 12:15:00,2026-03-07 12:15:00,88.433
2026-03-07 12:30:00,2026-03-07 12:30:00,88.436
2026-03-07 12:45:00,2026-03-07 12:45:00,88.436
2026-03-07 13:00:00,2026-03-07 13:00:00,88.434
2026-03-07 13:15:00,2026-03-07 13:15:00,88.443
2026-03-07 13:30:00,2026-03-07 13:30:00,88.444
2026-03-07 13:45:00,2026-03-07 13:45:00,88.433
2026-03-07 14:00:00,2026-03-07 14:00:00,88.423
2026-03-07 14:15:00,2026-03-07 14:15:00,88.431
2026-03-07 14:30:00,2026-03-07 14:30:00,88.436
2026-03-07 14:45:00,2026-03-07 14:45:00,88.431
2026-03-07 15:00:00,2026-03-07 15:00:00,88.436
2026-03-07 15:15:00,2026-03-07 15:15:00,88.427
2026-03-07 15:30:00,2026-03-07 15:30:00,88.432
2026-03-07 15:45:00,2026-03-07 15:45:00,88.428
2026-03-07 16:00:00,2026-03-07 16:00:00,88.432
2026-03-07 16:15:00,2026-03-07 16:15:00,88.42
2026-03-07 16:30:00,2026-03-07 16:30:00,88.425
2026-03-07 16:45:00,2026-03-07 16:45:00,88.425
2026-03-07 17:00:00,2026-03-07 17:00:00,88.42
2026-03-07 17:15:00,2026-03-07 17:15:00,88.406
2026-03-07 17:30:00,2026-03-07 17:30:00,88.415
2026-03-07 17:45:00,2026-03-07 17:45:00,88.423
2026-03-07 18:00:00,2026-03-07 18:00:00,88.417
2026-03-07 18:15:00,2026-03-07 18:15:00,88.416
2026-03-07 18:30:00,2026-03-07 18:30:00,88.412
2026-03-07 18:45:00,2026-03-07 18:45:00,88.415
2026-03-07 19:00:00,2026-03-07 19:00:00,88.411
2026-03-07 19:15:00,2026-03-07 19:15:00,88.409
2026-03-07 19:30:00,2026-03-07 19:30:00,88.417
2026-03-07 19:45:00,2026-03-07 19:45:00,88.42
2026-03-07 20:00:00,2026-03-07 20:00:00,88.42
2026-03-07 20:15:00,2026-03-07 20:15:00,88.424
2026-03-07 20:30:00,2026-03-07 20:30:00,88.425
2026-03-07 20:45:00,2026-03-07 20:45:00,88.416
2026-03-07 21:00:00,2026-03-07 21:00:00,88.415
2026-03-07 21:15:00,2026-03-07 21:15:00,88.409
2026-03-07 21:30:00,2026-03-07 21:30:00,88.416
2026-03-07 21:45:00,2026-03-07 21:45:00,88.424
2026-03-07 22:00:00,2026-03-07 22:00:00,88.424
2026-03-07 22:15:00,2026-03-07 22:15:00,88.42
2026-03-07 22:30:00,2026-03-07 22:30:00,88.417
2026-03-07 22:45:00,2026-03-07 22:45:00,88.411
2026-03-07 23:00:00,2026-03-07 23:00:00,88.414
2026-03-07 23:15:00,2026-03-07 23:15:00,88.412
2026-03-07 23:30:00,2026-03-07 23:30:00,88.418
2026-03-07 23:45:00,2026-03-07 23:45:00,88.414
2026-03-08 00:00:00,2026-03-08 00:00:00,88.418
2026-03-08 00:15:00,2026-03-08 00:15:00,88.418
2026-03-08 00:30:00,2026-03-08 00:30:00,88.42
2026-03-08 00:45:00,2026-03-08 00:45:00,88.418
2026-03-08 01:00:00,2026-03-08 01:00:00,88.414
2026-03-08 01:15:00,2026-03-08 01:15:00,88.415
2026-03-08 01:30:00,2026-03-08 01:30:00,88.412
2026-03-08 01:45:00,2026-03-08 01:45:00,88.41
2026-03-08 02:00:00,2026-03-08 02:00:00,88.415
2026-03-08 02:15:00,2026-03-08 02:15:00,88.417
2026-03-08 02:30:00,2026-03-08 02:30:00,88.413
2026-03-08 02:45:00,2026-03-08 02:45:00,88.409
2026-03-08 03:00:00,2026-03-08 03:00:00,88.412
2026-03-08 03:15:00,2026-03-08 03:15:00,88.419
2026-03-08 03:30:00,2026-03-08 03:30:00,88.416
2026-03-08 03:45:00,2026-03-08 03:45:00,88.407
2026-03-08 04:00:00,2026-03-08 04:00:00,88.404
2026-03-08 04:15:00,2026-03-08 04:15:00,88.405
2026-03-08 04:30:00,2026-03-08 04:30:00,88.406
2026-03-08 04:45:00,2026-03-08 04:45:00,88.408
2026-03-08 05:00:00,2026-03-08 05:00:00,88.414
2026-03-08 05:15:00,2026-03-08 05:15:00,88.407
2026-03-08 05:30:00,2026-03-08 05:30:00,88.394
2026-03-08 05:45:00,2026-03-08 05:45:00,88.398
2026-03-08 06:00:00,2026-03-08 06:00:00,88.397
2026-03-08 06:15:00,2026-03-08 06:15:00,88.405
2026-03-08 06:30:00,2026-03-08 06:30:00,88.408
2026-03-08 06:45:00,2026-03-08 06:45:00,88.411
2026-03-08 07:00:00,2026-03-08 07:00:00,88.397
2026-03-08 07:15:00,2026-03-08 07:15:00,88.394
2026-03-08 07:30:00,2026-03-08 07:30:00,88.393
2026-03-08 07:45:00,2026-03-08 07:45:00,88.384
2026-03-08 08:00:00,2026-03-08 08:00:00,88.386
2026-03-08 08:15:00,2026-03-08 08:15:00,88.387
2026-03-08 08:30:00,2026-03-08 08:30:00,88.401
2026-03-08 08:45:00,2026-03-08 08:45:00,88.391
2026-03-08 09:00:00,2026-03-08 09:00:00,88.394
2026-03-08 09:15:00,2026-03-08 09:15:00,88.382
2026-03-08 09:30:00,2026-03-08 09:30:00,88.38
2026-03-08 09:45:00,2026-03-08 09:45:00,88.378
2026-03-08 10:00:00,2026-03-08 10:00:00,88.383
2026-03-08 10:15:00,2026-03-08 10:15:00,88.384
2026-03-08 10:30:00,2026-03-08 10:30:00,88.374
2026-03-08 10:45:00,2026-03-08 10:45:00,88.384
2026-03-08 11:00:00,2026-03-08 11:00:00,88.367
2026-03-08 11:15:00,2026-03-08 11:15:00,88.366
2026-03-08 11:30:00,2026-03-08 11:30:00,88.375
2026-03-08 11:45:00,2026-03-08 11:45:00,88.379
2026-03-08 12:00:00,2026-03-08 12:00:00,88.364
2026-03-08 12:15:00,2026-03-08 12:15:00,88.36
2026-03-08 12:30:00,2026-03-08 12:30:00,88.36
2026-03-08 12:45:00,2026-03-08 12:45:00,88.371
2026-03-08 13:00:00,2026-03-08 13:00:00,88.368
2026-03-08 13:15:00,2026-03-08 13:15:00,88.378
2026-03-08 13:30:00,2026-03-08 13:30:00,88.373
2026-03-08 13:45:00,2026-03-08 13:45:00,88.384
2026-03-08 14:00:00,2026-03-08 14:00:00,88.37
2026-03-08 14:15:00,2026-03-08 14:15:00,88.372
2026-03-08 14:30:00,2026-03-08 14:30:00,88.379
2026-03-08 14:45:00,2026-03-08 14:45:00,88.375
2026-03-08 15:00:00,2026-03-08 15:00:00,88.386
2026-03-08 15:15:00,2026-03-08 15:15:00,88.369
2026-03-08 15:30:00,2026-03-08 15:30:00,88.365
2026-03-08 15:45:00,2026-03-08 15:45:00,88.368
2026-03-08 16:00:00,2026-03-08 16:00:00,88.378
2026-03-08 16:15:00,2026-03-08 16:15:00,88.368
2026-03-08 16:30:00,2026-03-08 16:30:00,88.354
2026-03-08 16:45:00,2026-03-08 16:45:00,88.363
2026-03-08 17:00:00,2026-03-08 17:00:00,88.362
2026-03-08 17:15:00,2026-03-08 17:15:00,88.371
2026-03-08 17:30:00,2026-03-08 17:30:00,88.365
2026-03-08 17:45:00,2026-03-08 17:45:00,88.355
2026-03-08 18:00:00,2026-03-08 18:00:00,88.355
2026-03-08 18:15:00,2026-03-08 18:15:00,88.357
2026-03-08 18:30:00,2026-03-08 18:30:00,88.361
2026-03-08 18:45:00,2026-03-08 18:45:00,88.362
2026-03-08 19:00:00,2026-03-08 19:00:00,88.364
2026-03-08 19:15:00,2026-03-08 19:15:00,88.359
2026-03-08 19:30:00,2026-03-08 19:30:00,88.352
2026-03-08 19:45:00,2026-03-08 19:45:00,88.356
2026-03-08 20:00:00,2026-03-08 20:00:00,88.355
2026-03-08 20:15:00,2026-03-08 20:15:00,88.357
2026-03-08 20:30:00,2026-03-08 20:30:00,88.356
2026-03-08 20:45:00,2026-03-08 20:45:00,88.365
2026-03-08 21:00:00,2026-03-08 21:00:00,88.359
2026-03-08 21:15:00,2026-03-08 21:15:00,88.355
2026-03-08 21:30:00,2026-03-08 21:30:00,88.351
2026-03-08 21:45:00,2026-03-08 21:45:00,88.351
2026-03-08 22:00:00,2026-03-08 22:00:00,88.356
2026-03-08 22:15:00,2026-03-08 22:15:00,88.357
2026-03-08 22:30:00,2026-03-08 22:30:00,88.361
2026-03-08 22:45:00,2026-03-08 22:45:00,88.363
2026-03-08 23:00:00,2026-03-08 23:00:00,88.358
2026-03-08 23:15:00,2026-03-08 23:15:00,88.358
2026-03-08 23:30:00,2026-03-08 23:30:00,88.364
2026-03-08 23:45:00,2026-03-08 23:45:00,88.365
2026-03-09 00:00:00,2026-03-09 00:00:00,88.36
2026-03-09 00:15:00,2026-03-09 00:15:00,88.361
2026-03-09 00:30:00,2026-03-09 00:30:00,88.366
2026-03-09 00:45:00,2026-03-09 00:45:00,88.36
2026-03-09 01:00:00,2026-03-09 01:00:00,88.357
2026-03-09 01:15:00,2026-03-09 01:15:00,88.355
2026-03-09 01:30:00,2026-03-09 01:30:00,88.352
2026-03-09 01:45:00,2026-03-09 01:45:00,88.358
2026-03-09 02:00:00,2026-03-09 02:00:00,88.346
2026-03-09 02:15:00,2026-03-09 02:15:00,88.355
2026-03-09 02:30:00,2026-03-09 02:30:00,88.357
2026-03-09 02:45:00,2026-03-09 02:45:00,88.355
2026-03-09 03:00:00,2026-03-09 03:00:00,88.359
2026-03-09 03:15:00,2026-03-09 03:15:00,88.357
2026-03-09 03:30:00,2026-03-09 03:30:00,88.359
2026-03-09 03:45:00,2026-03-09 03:45:00,88.353
2026-03-09 04:00:00,2026-03-09 04:00:00,88.356
2026-03-09 04:15:00,2026-03-09 04:15:00,88.354
2026-03-09 04:30:00,2026-03-09 04:30:00,88.359
2026-03-09 04:45:00,2026-03-09 04:45:00,88.357
2026-03-09 05:00:00,2026-03-09 05:00:00,88.359
2026-03-09 05:15:00,2026-03-09 05:15:00,88.359
2026-03-09 05:30:00,2026-03-09 05:30:00,88.357
2026-03-09 05:45:00,2026-03-09 05:45:00,88.355
2026-03-09 06:00:00,2026-03-09 06:00:00,88.355
2026-03-09 06:15:00,2026-03-09 06:15:00,88.347
2026-03-09 06:30:00,2026-03-09 06:30:00,88.345
2026-03-09 06:45:00,2026-03-09 06:45:00,88.347
2026-03-09 07:00:00,2026-03-09 07:00:00,88.348
2026-03-09 07:15:00,2026-03-09 07:15:00,88.354
2026-03-09 07:30:00,2026-03-09 07:30:00,88.352
2026-03-09 07:45:00,2026-03-09 07:45:00,88.343
2026-03-09 08:00:00,2026-03-09 08:00:00,88.345
2026-03-09 08:15:00,2026-03-09 08:15:00,88.339
2026-03-09 08:30:00,2026-03-09 08:30:00,88.337
2026-03-09 08:45:00,2026-03-09 08:45:00,88.347
2026-03-09 09:00:00,2026-03-09 09:00:00,88.344
2026-03-09 09:15:00,2026-03-09 09:15:00,88.335
2026-03-09 09:30:00,2026-03-09 09:30:00,88.337
2026-03-09 09:45:00,2026-03-09 09:45:00,88.343
2026-03-09 10:00:00,2026-03-09 10:00:00,88.332
2026-03-09 10:15:00,2026-03-09 10:15:00,88.322
2026-03-09 10:30:00,2026-03-09 10:30:00,88.332
2026-03-09 10:45:00,2026-03-09 10:45:00,88.329
2026-03-09 11:00:00,2026-03-09 11:00:00,88.317
2026-03-09 11:15:00,2026-03-09 11:15:00,88.315
2026-03-09 11:30:00,2026-03-09 11:30:00,88.311
2026-03-09 11:45:00,2026-03-09 11:45:00,88.317
2026-03-09 12:00:00,2026-03-09 12:00:00,88.314
2026-03-09 12:15:00,2026-03-09 12:15:00,88.319
2026-03-09 12:30:00,2026-03-09 12:30:00,88.317
2026-03-09 12:45:00,2026-03-09 12:45:00,88.314
2026-03-09 13:00:00,2026-03-09 13:00:00,88.315
2026-03-09 13:15:00,2026-03-09 13:15:00,88.312
2026-03-09 13:30:00,2026-03-09 13:30:00,88.306
2026-03-09 13:45:00,2026-03-09 13:45:00,88.311
2026-03-09 14:00:00,2026-03-09 14:00:00,88.31
2026-03-09 14:15:00,2026-03-09 14:15:00,88.319
2026-03-09 14:30:00,2026-03-09 14:30:00,88.318
2026-03-09 14:45:00,2026-03-09 14:45:00,88.312
2026-03-09 15:00:00,2026-03-09 15:00:00,88.304
2026-03-09 15:15:00,2026-03-09 15:15:00,88.312
2026-03-09 15:30:00,2026-03-09 15:30:00,88.317
2026-03-09 15:45:00,2026-03-09 15:45:00,88.316
2026-03-09 16:00:00,2026-03-09 16:00:00,88.313
2026-03-09 16:15:00,2026-03-09 16:15:00,88.307
2026-03-09 16:30:00,2026-03-09 16:30:00,88.311
2026-03-09 16:45:00,2026-03-09 16:45:00,88.309
2026-03-09 17:00:00,2026-03-09 17:00:00,88.31
2026-03-09 17:15:00,2026-03-09 17:15:00,88.311
2026-03-09 17:30:00,2026-03-09 17:30:00,88.304
2026-03-09 17:45:00,2026-03-09 17:45:00,88.299
2026-03-09 18:00:00,2026-03-09 18:00:00,88.299
2026-03-09 18:15:00,2026-03-09 18:15:00,88.309
2026-03-09 18:30:00,2026-03-09 18:30:00,88.307
2026-03-09 18:45:00,2026-03-09 18:45:00,88.305
2026-03-09 19:00:00,2026-03-09 19:00:00,88.303
2026-03-09 19:15:00,2026-03-09 19:15:00,88.299
2026-03-09 19:30:00,2026-03-09 19:30:00,88.306
2026-03-09 19:45:00,2026-03-09 19:45:00,88.304
2026-03-09 20:00:00,2026-03-09 20:00:00,88.311
2026-03-09 20:15:00,2026-03-09 20:15:00,88.308
2026-03-09 20:30:00,2026-03-09 20:30:00,88.307
2026-03-09 20:45:00,2026-03-09 20:45:00,88.309
2026-03-09 21:00:00,2026-03-09 21:00:00,88.312
2026-03-09 21:15:00,2026-03-09 21:15:00,88.31
2026-03-09 21:30:00,2026-03-09 21:30:00,88.306
2026-03-09 21:45:00,2026-03-09 21:45:00,88.312
2026-03-09 22:00:00,2026-03-09 22:00:00,88.307
2026-03-09 22:15:00,2026-03-09 22:15:00,88.305
2026-03-09 22:30:00,2026-03-09 22:30:00,88.31
2026-03-09 22:45:00,2026-03-09 22:45:00,88.31
2026-03-09 23:00:00,2026-03-09 23:00:00,88.313
2026-03-09 23:15:00,2026-03-09 23:15:00,88.302
2026-03-09 23:30:00,2026-03-09 23:30:00,88.309
2026-03-09 23:45:00,2026-03-09 23:45:00,88.308
2026-03-10 00:00:00,2026-03-10 00:00:00,88.31
2026-03-10 00:15:00,2026-03-10 00:15:00,88.31
2026-03-10 00:30:00,2026-03-10 00:30:00,88.311
2026-03-10 00:45:00,2026-03-10 00:45:00,88.308
2026-03-10 01:00:00,2026-03-10 01:00:00,88.309
2026-03-10 01:15:00,2026-03-10 01:15:00,88.304
2026-03-10 01:30:00,2026-03-10 01:30:00,88.3
2026-03-10 01:45:00,2026-03-10 01:45:00,88.301
2026-03-10 02:00:00,2026-03-10 02:00:00,88.306
2026-03-10 02:15:00,2026-03-10 02:15:00,88.312
2026-03-10 02:30:00,2026-03-10 02:30:00,88.311
2026-03-10 02:45:00,2026-03-10 02:45:00,88.309
2026-03-10 03:00:00,2026-03-10 03:00:00,88.315
2026-03-10 03:15:00,2026-03-10 03:15:00,88.313
2026-03-10 03:30:00,2026-03-10 03:30:00,88.31
2026-03-10 03:45:00,2026-03-10 03:45:00,88.307
2026-03-10 04:00:00,2026-03-10 04:00:00,88.309
2026-03-10 04:15:00,2026-03-10 04:15:00,88.31
2026-03-10 04:30:00,2026-03-10 04:30:00,88.308
2026-03-10 04:45:00,2026-03-10 04:45:00,88.306
2026-03-10 05:00:00,2026-03-10 05:00:00,88.295
2026-03-10 05:15:00,2026-03-10 05:15:00,88.299
2026-03-10 05:30:00,2026-03-10 05:30:00,88.297
2026-03-10 05:45:00,2026-03-10 05:45:00,88.294
2026-03-10 06:00:00,2026-03-10 06:00:00,88.298
2026-03-10 06:15:00,2026-03-10 06:15:00,88.304
2026-03-10 06:30:00,2026-03-10 06:30:00,88.294
2026-03-10 06:45:00,2026-03-10 06:45:00,88.296
2026-03-10 07:00:00,2026-03-10 07:00:00,88.29
2026-03-10 07:15:00,2026-03-10 07:15:00,88.302
2026-03-10 07:30:00,2026-03-10 07:30:00,88.291
2026-03-10 07:45:00,2026-03-10 07:45:00,88.3
2026-03-10 08:00:00,2026-03-10 08:00:00,88.29
2026-03-10 08:15:00,2026-03-10 08:15:00,88.286
2026-03-10 08:30:00,2026-03-10 08:30:00,88.279
2026-03-10 08:45:00,2026-03-10 08:45:00,88.288
2026-03-10 09:00:00,2026-03-10 09:00:00,88.3
2026-03-10 09:15:00,2026-03-10 09:15:00,88.304
2026-03-10 09:30:00,2026-03-10 09:30:00,88.297
2026-03-10 09:45:00,2026-03-10 09:45:00,88.279
2026-03-10 10:00:00,2026-03-10 10:00:00,88.278
2026-03-10 10:15:00,2026-03-10 10:15:00,88.282
2026-03-10 10:30:00,2026-03-10 10:30:00,88.282
2026-03-10 10:45:00,2026-03-10 10:45:00,88.29
2026-03-10 11:00:00,2026-03-10 11:00:00,88.277
2026-03-10 11:15:00,2026-03-10 11:15:00,88.281
2026-03-10 11:30:00,2026-03-10 11:30:00,88.273
2026-03-10 11:45:00,2026-03-10 11:45:00,88.263
2026-03-10 12:00:00,2026-03-10 12:00:00,88.269
2026-03-10 12:15:00,2026-03-10 12:15:00,88.265
2026-03-10 12:30:00,2026-03-10 12:30:00,88.275
2026-03-10 12:45:00,2026-03-10 12:45:00,88.276
2026-03-10 13:00:00,2026-03-10 13:00:00,88.266
2026-03-10 13:15:00,2026-03-10 13:15:00,88.272
2026-03-10 13:30:00,2026-03-10 13:30:00,88.261
2026-03-10 13:45:00,2026-03-10 13:45:00,88.259
2026-03-10 14:00:00,2026-03-10 14:00:00,88.256
2026-03-10 14:15:00,2026-03-10 14:15:00,88.255
2026-03-10 14:30:00,2026-03-10 14:30:00,88.248
2026-03-10 14:45:00,2026-03-10 14:45:00,88.257
2026-03-10 15:00:00,2026-03-10 15:00:00,88.274
2026-03-10 15:15:00,2026-03-10 15:15:00,88.272
2026-03-10 15:30:00,2026-03-10 15:30:00,88.267
2026-03-10 15:45:00,2026-03-10 15:45:00,88.261
2026-03-10 16:00:00,2026-03-10 16:00:00,88.259
2026-03-10 16:15:00,2026-03-10 16:15:00,88.25
2026-03-10 16:30:00,2026-03-10 16:30:00,88.269
2026-03-10 16:45:00,2026-03-10 16:45:00,88.273
2026-03-10 17:00:00,2026-03-10 17:00:00,88.262
2026-03-10 17:15:00,2026-03-10 17:15:00,88.264
2026-03-10 17:30:00,2026-03-10 17:30:00,88.253
2026-03-10 17:45:00,2026-03-10 17:45:00,88.25
2026-03-10 18:00:00,2026-03-10 18:00:00,88.253
2026-03-10 18:15:00,2026-03-10 18:15:00,88.26
2026-03-10 18:30:00,2026-03-10 18:30:00,88.254
2026-03-10 18:45:00,2026-03-10 18:45:00,88.252
2026-03-10 19:00:00,2026-03-10 19:00:00,88.257
2026-03-10 19:15:00,2026-03-10 19:15:00,88.258
2026-03-10 19:30:00,2026-03-10 19:30:00,88.259
2026-03-10 19:45:00,2026-03-10 19:45:00,88.259
2026-03-10 20:00:00,2026-03-10 20:00:00,88.243
2026-03-10 20:15:00,2026-03-10 20:15:00,88.256
2026-03-10 20:30:00,2026-03-10 20:30:00,88.258
2026-03-10 20:45:00,2026-03-10 20:45:00,88.26
2026-03-10 21:00:00,2026-03-10 21:00:00,88.263
2026-03-10 21:15:00,2026-03-10 21:15:00,88.269
2026-03-10 21:30:00,2026-03-10 21:30:00,88.257
2026-03-10 21:45:00,2026-03-10 21:45:00,88.261
2026-03-10 22:00:00,2026-03-10 22:00:00,88.258
2026-03-10 22:15:00,2026-03-10 22:15:00,88.262
2026-03-10 22:30:00,2026-03-10 22:30:00,88.258
2026-03-10 22:45:00,2026-03-10 22:45:00,88.262
2026-03-10 23:00:00,2026-03-10 23:00:00,88.263
2026-03-10 23:15:00,2026-03-10 23:15:00,88.264
2026-03-10 23:30:00,2026-03-10 23:30:00,88.254
2026-03-10 23:45:00,2026-03-10 23:45:00,88.258
2026-03-11 00:00:00,2026-03-11 00:00:00,88.258
2026-03-11 00:15:00,2026-03-11 00:15:00,88.257
2026-03-11 00:30:00,2026-03-11 00:30:00,88.253
2026-03-11 00:45:00,2026-03-11 00:45:00,88.255
2026-03-11 01:00:00,2026-03-11 01:00:00,88.243
2026-03-11 01:15:00,2026-03-11 01:15:00,88.246
2026-03-11 01:30:00,2026-03-11 01:30:00,88.252
2026-03-11 01:45:00,2026-03-11 01:45:00,88.26
2026-03-11 02:00:00,2026-03-11 02:00:00,88.261
2026-03-11 02:15:00,2026-03-11 02:15:00,88.259
2026-03-11 02:30:00,2026-03-11 02:30:00,88.263
2026-03-11 02:45:00,2026-03-11 02:45:00,88.259
2026-03-11 03:00:00,2026-03-11 03:00:00,88.255
2026-03-11 03:15:00,2026-03-11 03:15:00,88.256
2026-03-11 03:30:00,2026-03-11 03:30:00,88.257
2026-03-11 03:45:00,2026-03-11 03:45:00,88.254
2026-03-11 04:00:00,2026-03-11 04:00:00,88.258
2026-03-11 04:15:00,2026-03-11 04:15:00,88.252
2026-03-11 04:30:00,2026-03-11 04:30:00,88.243
2026-03-11 04:45:00,2026-03-11 04:45:00,88.246
2026-03-11 05:00:00,2026-03-11 05:00:00,88.252
2026-03-11 05:15:00,2026-03-11 05:15:00,88.252
2026-03-11 05:30:00,2026-03-11 05:30:00,88.253
2026-03-11 05:45:00,2026-03-11 05:45:00,88.24
2026-03-11 06:00:00,2026-03-11 06:00:00,88.24
2026-03-11 06:15:00,2026-03-11 06:15:00,88.253
2026-03-11 06:30:00,2026-03-11 06:30:00,88.248
2026-03-11 06:45:00,2026-03-11 06:45:00,88.245
2026-03-11 07:00:00,2026-03-11 07:00:00,88.234
2026-03-11 07:15:00,2026-03-11 07:15:00,88.233
2026-03-11 07:30:00,2026-03-11 07:30:00,88.239
2026-03-11 07:45:00,2026-03-11 07:45:00,88.247
2026-03-11 08:00:00,2026-03-11 08:00:00,88.248
2026-03-11 08:15:00,2026-03-11 08:15:00,88.242
2026-03-11 08:30:00,2026-03-11 08:30:00,88.246
2026-03-11 08:45:00,2026-03-11 08:45:00,88.253
2026-03-11 09:00:00,2026-03-11 09:00:00,88.24
2026-03-11 09:15:00,2026-03-11 09:15:00,88.233
2026-03-11 09:30:00,2026-03-11 09:30:00,88.232
2026-03-11 09:45:00,2026-03-11 09:45:00,88.227
2026-03-11 10:00:00,2026-03-11 10:00:00,88.232
2026-03-11 10:15:00,2026-03-11 10:15:00,88.225
2026-03-11 10:30:00,2026-03-11 10:30:00,88.234
2026-03-11 10:45:00,2026-03-11 10:45:00,88.227
2026-03-11 11:00:00,2026-03-11 11:00:00,88.22
2026-03-11 11:15:00,2026-03-11 11:15:00,88.207
2026-03-11 11:30:00,2026-03-11 11:30:00,88.22
2026-03-11 11:45:00,2026-03-11 11:45:00,88.215
2026-03-11 12:00:00,2026-03-11 12:00:00,88.213
2026-03-11 12:15:00,2026-03-11 12:15:00,88.209
2026-03-11 12:30:00,2026-03-11 12:30:00,88.215
2026-03-11 12:45:00,2026-03-11 12:45:00,88.211
2026-03-11 13:00:00,2026-03-11 13:00:00,88.212
2026-03-11 13:15:00,2026-03-11 13:15:00,88.203
2026-03-11 13:30:00,2026-03-11 13:30:00,88.199
2026-03-11 13:45:00,2026-03-11 13:45:00,88.205
2026-03-11 14:00:00,2026-03-11 14:00:00,88.202
2026-03-11 14:15:00,2026-03-11 14:15:00,88.208
2026-03-11 14:30:00,2026-03-11 14:30:00,88.203
2026-03-11 14:45:00,2026-03-11 14:45:00,88.208
2026-03-11 15:00:00,2026-03-11 15:00:00,88.202
2026-03-11 15:15:00,2026-03-11 15:15:00,88.2
2026-03-11 15:30:00,2026-03-11 15:30:00,88.187
2026-03-11 15:45:00,2026-03-11 15:45:00,88.195
2026-03-11 16:00:00,2026-03-11 16:00:00,88.2
2026-03-11 16:15:00,2026-03-11 16:15:00,88.201
2026-03-11 16:30:00,2026-03-11 16:30:00,88.19
2026-03-11 16:45:00,2026-03-11 16:45:00,88.188
2026-03-11 17:00:00,2026-03-11 17:00:00,88.201
2026-03-11 17:15:00,2026-03-11 17:15:00,88.201
2026-03-11 17:30:00,2026-03-11 17:30:00,88.197
2026-03-11 17:45:00,2026-03-11 17:45:00,88.196
2026-03-11 18:00:00,2026-03-11 18:00:00,88.204
2026-03-11 18:15:00,2026-03-11 18:15:00,88.196
2026-03-11 18:30:00,2026-03-11 18:30:00,88.191
2026-03-11 18:45:00,2026-03-11 18:45:00,88.187
2026-03-11 19:00:00,2026-03-11 19:00:00,88.191
2026-03-11 19:15:00,2026-03-11 19:15:00,88.195
2026-03-11 19:30:00,2026-03-11 19:30:00,88.196
2026-03-11 19:45:00,2026-03-11 19:45:00,88.203
2026-03-11 20:00:00,2026-03-11 20:00:00,88.202
2026-03-11 20:15:00,2026-03-11 20:15:00,88.194
2026-03-11 20:30:00,2026-03-11 20:30:00,88.195
2026-03-11 20:45:00,2026-03-11 20:45:00,88.197
2026-03-11 21:00:00,2026-03-11 21:00:00,88.199
2026-03-11 21:15:00,2026-03-11 21:15:00,88.201
2026-03-11 21:30:00,2026-03-11 21:30:00,88.202
2026-03-11 21:45:00,2026-03-11 21:45:00,88.204
2026-03-11 22:00:00,2026-03-11 22:00:00,88.201
2026-03-11 22:15:00,2026-03-11 22:15:00,88.195
2026-03-11 22:30:00,2026-03-11 22:30:00,88.196
2026-03-11 22:45:00,2026-03-11 22:45:00,88.193
2026-03-11 23:00:00,2026-03-11 23:00:00,88.195
2026-03-11 23:15:00,2026-03-11 23:15:00,88.193
2026-03-11 23:30:00,2026-03-11 23:30:00,88.2
2026-03-11 23:45:00,2026-03-11 23:45:00,88.198
2026-03-12 00:00:00,2026-03-12 00:00:00,88.201
2026-03-12 00:15:00,2026-03-12 00:15:00,88.194
2026-03-12 00:30:00,2026-03-12 00:30:00,88.19
2026-03-12 00:45:00,2026-03-12 00:45:00,88.193
2026-03-12 01:00:00,2026-03-12 01:00:00,88.201
2026-03-12 01:15:00,2026-03-12 01:15:00,88.199
2026-03-12 01:30:00,2026-03-12 01:30:00,88.194
2026-03-12 01:45:00,2026-03-12 01:45:00,88.191
2026-03-12 02:00:00,2026-03-12 02:00:00,88.204
2026-03-12 02:15:00,2026-03-12 02:15:00,88.193
2026-03-12 02:30:00,2026-03-12 02:30:00,88.196
2026-03-12 02:45:00,2026-03-12 02:45:00,88.192
2026-03-12 03:00:00,2026-03-12 03:00:00,88.191
2026-03-12 03:15:00,2026-03-12 03:15:00,88.205
2026-03-12 03:30:00,2026-03-12 03:30:00,88.197
2026-03-12 03:45:00,2026-03-12 03:45:00,88.196
2026-03-12 04:00:00,2026-03-12 04:00:00,88.198
2026-03-12 04:15:00,2026-03-12 04:15:00,88.195
2026-03-12 04:30:00,2026-03-12 04:30:00,88.196
2026-03-12 04:45:00,2026-03-12 04:45:00,88.194
2026-03-12 05:00:00,2026-03-12 05:00:00,88.192
2026-03-12 05:15:00,2026-03-12 05:15:00,88.196
2026-03-12 05:30:00,2026-03-12 05:30:00,88.193
2026-03-12 05:45:00,2026-03-12 05:45:00,88.188
2026-03-12 06:00:00,2026-03-12 06:00:00,88.188
2026-03-12 06:15:00,2026-03-12 06:15:00,88.191
2026-03-12 06:30:00,2026-03-12 06:30:00,88.191
2026-03-12 06:45:00,2026-03-12 06:45:00,88.188
2026-03-12 07:00:00,2026-03-12 07:00:00,88.184
2026-03-12 07:15:00,2026-03-12 07:15:00,88.178
2026-03-12 07:30:00,2026-03-12 07:30:00,88.186
2026-03-12 07:45:00,2026-03-12 07:45:00,88.177
2026-03-12 08:00:00,2026-03-12 08:00:00,88.17
2026-03-12 08:15:00,2026-03-12 08:15:00,88.185
2026-03-12 08:30:00,2026-03-12 08:30:00,88.182
2026-03-12 08:45:00,2026-03-12 08:45:00,88.187
2026-03-12 09:00:00,2026-03-12 09:00:00,88.167
2026-03-12 09:15:00,2026-03-12 09:15:00,88.174
2026-03-12 09:30:00,2026-03-12 09:30:00,88.168
2026-03-12 09:45:00,2026-03-12 09:45:00,88.155
2026-03-12 10:00:00,2026-03-12 10:00:00,88.171
2026-03-12 10:15:00,2026-03-12 10:15:00,88.177
2026-03-12 10:30:00,2026-03-12 10:30:00,88.163
2026-03-12 10:45:00,2026-03-12 10:45:00,88.165
2026-03-12 11:00:00,2026-03-12 11:00:00,88.161
2026-03-12 11:15:00,2026-03-12 11:15:00,88.158
2026-03-12 11:30:00,2026-03-12 11:30:00,88.155
2026-03-12 11:45:00,2026-03-12 11:45:00,88.155
2026-03-12 12:00:00,2026-03-12 12:00:00,88.163
2026-03-12 12:15:00,2026-03-12 12:15:00,88.162
2026-03-12 12:30:00,2026-03-12 12:30:00,88.154
2026-03-12 12:45:00,2026-03-12 12:45:00,88.156
2026-03-12 13:00:00,2026-03-12 13:00:00,88.147
2026-03-12 13:15:00,2026-03-12 13:15:00,88.15
2026-03-12 13:30:00,2026-03-12 13:30:00,88.146
2026-03-12 13:45:00,2026-03-12 13:45:00,88.157
2026-03-12 14:00:00,2026-03-12 14:00:00,88.154
2026-03-12 14:15:00,2026-03-12 14:15:00,88.153
2026-03-12 14:30:00,2026-03-12 14:30:00,88.149
2026-03-12 14:45:00,2026-03-12 14:45:00,88.145
2026-03-12 15:00:00,2026-03-12 15:00:00,88.139
2026-03-12 15:15:00,2026-03-12 15:15:00,88.135
2026-03-12 15:30:00,2026-03-12 15:30:00,88.14
2026-03-12 15:45:00,2026-03-12 15:45:00,88.142
2026-03-12 16:00:00,2026-03-12 16:00:00,88.136
2026-03-12 16:15:00,2026-03-12 16:15:00,88.139
2026-03-12 16:30:00,2026-03-12 16:30:00,88.129
2026-03-12 16:45:00,2026-03-12 16:45:00,88.129
2026-03-12 17:00:00,2026-03-12 17:00:00,88.142
2026-03-12 17:15:00,2026-03-12 17:15:00,88.144
2026-03-12 17:30:00,2026-03-12 17:30:00,88.142
2026-03-12 17:45:00,2026-03-12 17:45:00,88.14
2026-03-12 18:00:00,2026-03-12 18:00:00,88.138
2026-03-12 18:15:00,2026-03-12 18:15:00,88.141
2026-03-12 18:30:00,2026-03-12 18:30:00,88.144
2026-03-12 18:45:00,2026-03-12 18:45:00,88.135
2026-03-12 19:00:00,2026-03-12 19:00:00,88.142
2026-03-12 19:15:00,2026-03-12 19:15:00,88.13
2026-03-12 19:30:00,2026-03-12 19:30:00,88.141
2026-03-12 19:45:00,2026-03-12 19:45:00,88.143
2026-03-12 20:00:00,2026-03-12 20:00:00,88.142
2026-03-12 20:15:00,2026-03-12 20:15:00,88.137
2026-03-12 20:30:00,2026-03-12 20:30:00,88.139
2026-03-12 20:45:00,2026-03-12 20:45:00,88.138
2026-03-12 21:00:00,2026-03-12 21:00:00,88.132
2026-03-12 21:15:00,2026-03-12 21:15:00,88.143
2026-03-12 21:30:00,2026-03-12 21:30:00,88.142
2026-03-12 21:45:00,2026-03-12 21:45:00,88.143
2026-03-12 22:00:00,2026-03-12 22:00:00,88.136
2026-03-12 22:15:00,2026-03-12 22:15:00,88.141
2026-03-12 22:30:00,2026-03-12 22:30:00,88.135
2026-03-12 22:45:00,2026-03-12 22:45:00,88.134
2026-03-12 23:00:00,2026-03-12 23:00:00,88.133
2026-03-12 23:15:00,2026-03-12 23:15:00,88.139
2026-03-12 23:30:00,2026-03-12 23:30:00,88.137
2026-03-12 23:45:00,2026-03-12 23:45:00,88.143
2026-03-13 00:00:00,2026-03-13 00:00:00,88.139
2026-03-13 00:15:00,2026-03-13 00:15:00,88.141
2026-03-13 00:30:00,2026-03-13 00:30:00,88.138
2026-03-13 00:45:00,2026-03-13 00:45:00,88.138
2026-03-13 01:00:00,2026-03-13 01:00:00,88.131
2026-03-13 01:15:00,2026-03-13 01:15:00,88.139
2026-03-13 01:30:00,2026-03-13 01:30:00,88.142
2026-03-13 01:45:00,2026-03-13 01:45:00,88.132
2026-03-13 02:00:00,2026-03-13 02:00:00,88.138
2026-03-13 02:15:00,2026-03-13 02:15:00,88.146
2026-03-13 02:30:00,2026-03-13 02:30:00,88.134
2026-03-13 02:45:00,2026-03-13 02:45:00,88.133
2026-03-13 03:00:00,2026-03-13 03:00:00,88.138
2026-03-13 03:15:00,2026-03-13 03:15:00,88.144
2026-03-13 03:30:00,2026-03-13 03:30:00,88.138
2026-03-13 03:45:00,2026-03-13 03:45:00,88.146
2026-03-13 04:00:00,2026-03-13 04:00:00,88.149
2026-03-13 04:15:00,2026-03-13 04:15:00,88.142
2026-03-13 04:30:00,2026-03-13 04:30:00,88.136
2026-03-13 04:45:00,2026-03-13 04:45:00,88.136
2026-03-13 05:00:00,2026-03-13 05:00:00,88.142
2026-03-13 05:15:00,2026-03-13 05:15:00,88.141
2026-03-13 05:30:00,2026-03-13 05:30:00,88.153
2026-03-13 05:45:00,2026-03-13 05:45:00,88.141
2026-03-13 06:00:00,2026-03-13 06:00:00,88.13
2026-03-13 06:15:00,2026-03-13 06:15:00,88.134
2026-03-13 06:30:00,2026-03-13 06:30:00,88.127
2026-03-13 06:45:00,2026-03-13 06:45:00,88.141
2026-03-13 07:00:00,2026-03-13 07:00:00,88.139
2026-03-13 07:15:00,2026-03-13 07:15:00,88.132
2026-03-13 07:30:00,2026-03-13 07:30:00,88.122
2026-03-13 07:45:00,2026-03-13 07:45:00,88.119
2026-03-13 08:00:00,2026-03-13 08:00:00,88.117
2026-03-13 08:15:00,2026-03-13 08:15:00,88.123
2026-03-13 08:30:00,2026-03-13 08:30:00,88.126
2026-03-13 08:45:00,2026-03-13 08:45:00,88.124
2026-03-13 09:00:00,2026-03-13 09:00:00,88.131
2026-03-13 09:15:00,2026-03-13 09:15:00,88.116
2026-03-13 09:30:00,2026-03-13 09:30:00,88.124
2026-03-13 09:45:00,2026-03-13 09:45:00,88.106
2026-03-13 10:00:00,2026-03-13 10:00:00,88.121
2026-03-13 10:15:00,2026-03-13 10:15:00,88.119
2026-03-13 10:30:00,2026-03-13 10:30:00,88.127
2026-03-13 10:45:00,2026-03-13 10:45:00,88.1
2026-03-13 11:00:00,2026-03-13 11:00:00,88.109
2026-03-13 11:15:00,2026-03-13 11:15:00,88.098
2026-03-13 11:30:00,2026-03-13 11:30:00,88.092
2026-03-13 11:45:00,2026-03-13 11:45:00,88.092
2026-03-13 12:00:00,2026-03-13 12:00:00,88.097
2026-03-13 12:15:00,2026-03-13 12:15:00,88.112
2026-03-13 12:30:00,2026-03-13 12:30:00,88.099
2026-03-13 12:45:00,2026-03-13 12:45:00,88.102
2026-03-13 13:00:00,2026-03-13 13:00:00,88.093
2026-03-13 13:15:00,2026-03-13 13:15:00,88.092
2026-03-13 13:30:00,2026-03-13 13:30:00,88.079
2026-03-13 13:45:00,2026-03-13 13:45:00,88.089
2026-03-13 14:00:00,2026-03-13 14:00:00,88.088
2026-03-13 14:15:00,2026-03-13 14:15:00,88.107
2026-03-13 14:30:00,2026-03-13 14:30:00,88.097
2026-03-13 14:45:00,2026-03-13 14:45:00,88.088
2026-03-13 15:00:00,2026-03-13 15:00:00,88.09
2026-03-13 15:15:00,2026-03-13 15:15:00,88.095
2026-03-13 15:30:00,2026-03-13 15:30:00,88.099
2026-03-13 15:45:00,2026-03-13 15:45:00,88.095
2026-03-13 16:00:00,2026-03-13 16:00:00,88.097
2026-03-13 16:15:00,2026-03-13 16:15:00,88.083
2026-03-13 16:30:00,2026-03-13 16:30:00,88.09
2026-03-13 16:45:00,2026-03-13 16:45:00,88.095
2026-03-13 17:00:00,2026-03-13 17:00:00,88.092
2026-03-13 17:15:00,2026-03-13 17:15:00,88.093
2026-03-13 17:30:00,2026-03-13 17:30:00,88.093
2026-03-13 17:45:00,2026-03-13 17:45:00,88.081
2026-03-13 18:00:00,2026-03-13 18:00:00,88.087
2026-03-13 18:15:00,2026-03-13 18:15:00,88.09
2026-03-13 18:30:00,2026-03-13 18:30:00,88.094
2026-03-13 18:45:00,2026-03-13 18:45:00,88.09
2026-03-13 19:00:00,2026-03-13 19:00:00,88.09
2026-03-13 19:15:00,2026-03-13 19:15:00,88.085
2026-03-13 19:30:00,2026-03-13 19:30:00,88.085
2026-03-13 19:45:00,2026-03-13 19:45:00,88.091
2026-03-13 20:00:00,2026-03-13 20:00:00,88.096
2026-03-13 20:15:00,2026-03-13 20:15:00,88.087
2026-03-13 20:30:00,2026-03-13 20:30:00,88.087
2026-03-13 20:45:00,2026-03-13 20:45:00,88.089
2026-03-13 21:00:00,2026-03-13 21:00:00,88.086
2026-03-13 21:15:00,2026-03-13 21:15:00,88.095
2026-03-13 21:30:00,2026-03-13 21:30:00,88.095
2026-03-13 21:45:00,2026-03-13 21:45:00,88.092
2026-03-13 22:00:00,2026-03-13 22:00:00,88.09
2026-03-13 22:15:00,2026-03-13 22:15:00,88.089
2026-03-13 22:30:00,2026-03-13 22:30:00,88.089
2026-03-13 22:45:00,2026-03-13 22:45:00,88.085
2026-03-13 23:00:00,2026-03-13 23:00:00,88.091
2026-03-13 23:15:00,2026-03-13 23:15:00,88.087
2026-03-13 23:30:00,2026-03-13 23:30:00,88.085
2026-03-13 23:45:00,2026-03-13 23:45:00,88.092
2026-03-14 00:00:00,2026-03-14 00:00:00,88.089
2026-03-14 00:15:00,2026-03-14 00:15:00,88.086
2026-03-14 00:30:00,2026-03-14 00:30:00,88.086
2026-03-14 00:45:00,2026-03-14 00:45:00,88.09
2026-03-14 01:00:00,2026-03-14 01:00:00,88.087
2026-03-14 01:15:00,2026-03-14 01:15:00,88.089
2026-03-14 01:30:00,2026-03-14 01:30:00,88.09
2026-03-14 01:45:00,2026-03-14 01:45:00,88.095
2026-03-14 02:00:00,2026-03-14 02:00:00,88.094
2026-03-14 02:15:00,2026-03-14 02:15:00,88.084
2026-03-14 02:30:00,2026-03-14 02:30:00,88.09
2026-03-14 02:45:00,2026-03-14 02:45:00,88.087
2026-03-14 03:00:00,2026-03-14 03:00:00,88.09
2026-03-14 03:15:00,2026-03-14 03:15:00,88.089
2026-03-14 03:30:00,2026-03-14 03:30:00,88.088
2026-03-14 03:45:00,2026-03-14 03:45:00,88.084
2026-03-14 04:00:00,2026-03-14 04:00:00,88.088
2026-03-14 04:15:00,2026-03-14 04:15:00,88.081
2026-03-14 04:30:00,2026-03-14 04:30:00,88.093
2026-03-14 04:45:00,2026-03-14 04:45:00,88.085
2026-03-14 05:00:00,2026-03-14 05:00:00,88.08
2026-03-14 05:15:00,2026-03-14 05:15:00,88.077
2026-03-14 05:30:00,2026-03-14 05:30:00,88.089
2026-03-14 05:45:00,2026-03-14 05:45:00,88.075
2026-03-14 06:00:00,2026-03-14 06:00:00,88.071
2026-03-14 06:15:00,2026-03-14 06:15:00,88.086
2026-03-14 06:30:00,2026-03-14 06:30:00,88.089
2026-03-14 06:45:00,2026-03-14 06:45:00,88.076
2026-03-14 07:00:00,2026-03-14 07:00:00,88.071
2026-03-14 07:15:00,2026-03-14 07:15:00,88.07
2026-03-14 07:30:00,2026-03-14 07:30:00,88.075
2026-03-14 07:45:00,2026-03-14 07:45:00,88.075
2026-03-14 08:00:00,2026-03-14 08:00:00,88.07
2026-03-14 08:15:00,2026-03-14 08:15:00,88.077
2026-03-14 08:30:00,2026-03-14 08:30:00,88.073
2026-03-14 08:45:00,2026-03-14 08:45:00,88.076
2026-03-14 09:00:00,2026-03-14 09:00:00,88.076
2026-03-14 09:15:00,2026-03-14 09:15:00,88.06
2026-03-14 09:30:00,2026-03-14 09:30:00,88.05
2026-03-14 09:45:00,2026-03-14 09:45:00,88.047
2026-03-14 10:00:00,2026-03-14 10:00:00,88.052
2026-03-14 10:15:00,2026-03-14 10:15:00,88.061
2026-03-14 10:30:00,2026-03-14 10:30:00,88.056
2026-03-14 10:45:00,2026-03-14 10:45:00,88.066
2026-03-14 11:00:00,2026-03-14 11:00:00,88.05
2026-03-14 11:15:00,2026-03-14 11:15:00,88.062
2026-03-14 11:30:00,2026-03-14 11:30:00,88.051
2026-03-14 11:45:00,2026-03-14 11:45:00,88.05
2026-03-14 12:00:00,2026-03-14 12:00:00,88.049
2026-03-14 12:15:00,2026-03-14 12:15:00,88.045
2026-03-14 12:30:00,2026-03-14 12:30:00,88.041
2026-03-14 12:45:00,2026-03-14 12:45:00,88.034
2026-03-14 13:00:00,2026-03-14 13:00:00,88.029
2026-03-14 13:15:00,2026-03-14 13:15:00,88.04
2026-03-14 13:30:00,2026-03-14 13:30:00,88.041
2026-03-14 13:45:00,2026-03-14 13:45:00,88.033
2026-03-14 14:00:00,2026-03-14 14:00:00,88.032
2026-03-14 14:15:00,2026-03-14 14:15:00,88.036
2026-03-14 14:30:00,2026-03-14 14:30:00,88.038
2026-03-14 14:45:00,2026-03-14 14:45:00,88.035
2026-03-14 15:00:00,2026-03-14 15:00:00,88.039
2026-03-14 15:15:00,2026-03-14 15:15:00,88.033
2026-03-14 15:30:00,2026-03-14 15:30:00,88.025
2026-03-14 15:45:00,2026-03-14 15:45:00,88.028
2026-03-14 16:00:00,2026-03-14 16:00:00,88.025
2026-03-14 16:15:00,2026-03-14 16:15:00,88.026
2026-03-14 16:30:00,2026-03-14 16:30:00,88.022
2026-03-14 16:45:00,2026-03-14 16:45:00,88.026
2026-03-14 17:00:00,2026-03-14 17:00:00,88.023
2026-03-14 17:15:00,2026-03-14 17:15:00,88.014
2026-03-14 17:30:00,2026-03-14 17:30:00,88.02
2026-03-14 17:45:00,2026-03-14 17:45:00,88.026
2026-03-14 18:00:00,2026-03-14 18:00:00,88.029
2026-03-14 18:15:00,2026-03-14 18:15:00,88.03
2026-03-14 18:30:00,2026-03-14 18:30:00,88.026
2026-03-14 18:45:00,2026-03-14 18:45:00,88.016
2026-03-14 19:00:00,2026-03-14 19:00:00,88.018
2026-03-14 19:15:00,2026-03-14 19:15:00,88.031
2026-03-14 19:30:00,2026-03-14 19:30:00,88.035
2026-03-14 19:45:00,2026-03-14 19:45:00,88.029
2026-03-14 20:00:00,2026-03-14 20:00:00,88.034
2026-03-14 20:15:00,2026-03-14 20:15:00,88.035
2026-03-14 20:30:00,2026-03-14 20:30:00,88.034
2026-03-14 20:45:00,2026-03-14 20:45:00,88.038
2026-03-14 21:00:00,2026-03-14 21:00:00,88.038
2026-03-14 21:15:00,2026-03-14 21:15:00,88.028
2026-03-14 21:30:00,2026-03-14 21:30:00,88.029
2026-03-14 21:45:00,2026-03-14 21:45:00,88.032
2026-03-14 22:00:00,2026-03-14 22:00:00,88.025
2026-03-14 22:15:00,2026-03-14 22:15:00,88.024
2026-03-14 22:30:00,2026-03-14 22:30:00,88.032
2026-03-14 22:45:00,2026-03-14 22:45:00,88.032
2026-03-14 23:00:00,2026-03-14 23:00:00,88.029
2026-03-14 23:15:00,2026-03-14 23:15:00,88.027
2026-03-14 23:30:00,2026-03-14 23:30:00,88.03
2026-03-14 23:45:00,2026-03-14 23:45:00,88.025
2026-03-15 00:00:00,2026-03-15 00:00:00,88.024
2026-03-15 00:15:00,2026-03-15 00:15:00,88.03
2026-03-15 00:30:00,2026-03-15 00:30:00,88.029
2026-03-15 00:45:00,2026-03-15 00:45:00,88.023
2026-03-15 01:00:00,2026-03-15 01:00:00,88.029
2026-03-15 01:15:00,2026-03-15 01:15:00,88.029
2026-03-15 01:30:00,2026-03-15 01:30:00,88.029
2026-03-15 01:45:00,2026-03-15 01:45:00,88.032
2026-03-15 02:00:00,2026-03-15 02:00:00,88.035
2026-03-15 02:15:00,2026-03-15 02:15:00,88.03
2026-03-15 02:30:00,2026-03-15 02:30:00,88.028
2026-03-15 02:45:00,2026-03-15 02:45:00,88.029
2026-03-15 03:00:00,2026-03-15 03:00:00,88.032
2026-03-15 03:15:00,2026-03-15 03:15:00,88.024
2026-03-15 03:30:00,2026-03-15 03:30:00,88.021
2026-03-15 03:45:00,2026-03-15 03:45:00,88.016
2026-03-15 04:00:00,2026-03-15 04:00:00,88.02
2026-03-15 04:15:00,2026-03-15 04:15:00,88.021
2026-03-15 04:30:00,2026-03-15 04:30:00,88.025
2026-03-15 04:45:00,2026-03-15 04:45:00,88.027
2026-03-15 05:00:00,2026-03-15 05:00:00,88.031
2026-03-15 05:15:00,2026-03-15 05:15:00,88.024
2026-03-15 05:30:00,2026-03-15 05:30:00,88.025
2026-03-15 05:45:00,2026-03-15 05:45:00,88.01
2026-03-15 06:00:00,2026-03-15 06:00:00,88.014
2026-03-15 06:15:00,2026-03-15 06:15:00,88.02
2026-03-15 06:30:00,2026-03-15 06:30:00,88.025
2026-03-15 06:45:00,2026-03-15 06:45:00,88.022
2026-03-15 07:00:00,2026-03-15 07:00:00,88.026
2026-03-15 07:15:00,2026-03-15 07:15:00,88.025
2026-03-15 07:30:00,2026-03-15 07:30:00,88.024
2026-03-15 07:45:00,2026-03-15 07:45:00,88.002
2026-03-15 08:00:00,2026-03-15 08:00:00,88.0
2026-03-15 08:15:00,2026-03-15 08:15:00,88.012
2026-03-15 08:30:00,2026-03-15 08:30:00,88.013
2026-03-15 08:45:00,2026-03-15 08:45:00,88.015
2026-03-15 09:00:00,2026-03-15 09:00:00,88.021
2026-03-15 09:15:00,2026-03-15 09:15:00,88.003
2026-03-15 09:30:00,2026-03-15 09:30:00,87.997
2026-03-15 09:45:00,2026-03-15 09:45:00,88.004
2026-03-15 10:00:00,2026-03-15 10:00:00,87.989
2026-03-15 10:15:00,2026-03-15 10:15:00,87.984
2026-03-15 10:30:00,2026-03-15 10:30:00,87.982
2026-03-15 10:45:00,2026-03-15 10:45:00,87.995
2026-03-15 11:00:00,2026-03-15 11:00:00,87.985
2026-03-15 11:15:00,2026-03-15 11:15:00,87.995
2026-03-15 11:30:00,2026-03-15 11:30:00,87.995
2026-03-15 11:45:00,2026-03-15 11:45:00,87.993
2026-03-15 12:00:00,2026-03-15 12:00:00,87.994
2026-03-15 12:15:00,2026-03-15 12:15:00,87.985
2026-03-15 12:30:00,2026-03-15 12:30:00,87.982
2026-03-15 12:45:00,2026-03-15 12:45:00,87.973
2026-03-15 13:00:00,2026-03-15 13:00:00,87.963
2026-03-15 13:15:00,2026-03-15 13:15:00,87.972
2026-03-15 13:30:00,2026-03-15 13:30:00,87.978
2026-03-15 13:45:00,2026-03-15 13:45:00,87.977
2026-03-15 14:00:00,2026-03-15 14:00:00,87.977
2026-03-15 14:15:00,2026-03-15 14:15:00,87.988
2026-03-15 14:30:00,2026-03-15 14:30:00,87.968
2026-03-15 14:45:00,2026-03-15 14:45:00,87.977
2026-03-15 15:00:00,2026-03-15 15:00:00,87.973
2026-03-15 15:15:00,2026-03-15 15:15:00,87.973
2026-03-15 15:30:00,2026-03-15 15:30:00,87.97
2026-03-15 15:45:00,2026-03-15 15:45:00,87.967
2026-03-15 16:00:00,2026-03-15 16:00:00,87.963
2026-03-15 16:15:00,2026-03-15 16:15:00,87.966
2026-03-15 16:30:00,2026-03-15 16:30:00,87.97
2026-03-15 16:45:00,2026-03-15 16:45:00,87.97
2026-03-15 17:00:00,2026-03-15 17:00:00,87.973
2026-03-15 17:15:00,2026-03-15 17:15:00,87.978
2026-03-15 17:30:00,2026-03-15 17:30:00,87.978
2026-03-15 17:45:00,2026-03-15 17:45:00,87.969
2026-03-15 18:00:00,2026-03-15 18:00:00,87.965
2026-03-15 18:15:00,2026-03-15 18:15:00,87.973
2026-03-15 18:30:00,2026-03-15 18:30:00,87.973
2026-03-15 18:45:00,2026-03-15 18:45:00,87.969
2026-03-15 19:00:00,2026-03-15 19:00:00,87.955
2026-03-15 19:15:00,2026-03-15 19:15:00,87.967
2026-03-15 19:30:00,2026-03-15 19:30:00,87.968
2026-03-15 19:45:00,2026-03-15 19:45:00,87.971
2026-03-15 20:00:00,2026-03-15 20:00:00,87.976
2026-03-15 20:15:00,2026-03-15 20:15:00,87.975
2026-03-15 20:30:00,2026-03-15 20:30:00,87.973
2026-03-15 20:45:00,2026-03-15 20:45:00,87.972
2026-03-15 21:00:00,2026-03-15 21:00:00,87.975
2026-03-15 21:15:00,2026-03-15 21:15:00,87.973
2026-03-15 21:30:00,2026-03-15 21:30:00,87.973
2026-03-15 21:45:00,2026-03-15 21:45:00,87.979
2026-03-15 22:00:00,2026-03-15 22:00:00,87.971
2026-03-15 22:15:00,2026-03-15 22:15:00,87.978
2026-03-15 22:30:00,2026-03-15 22:30:00,87.982
2026-03-15 22:45:00,2026-03-15 22:45:00,87.977
2026-03-15 23:00:00,2026-03-15 23:00:00,87.977
2026-03-15 23:15:00,2026-03-15 23:15:00,87.972
2026-03-15 23:30:00,2026-03-15 23:30:00,87.969
2026-03-15 23:45:00,2026-03-15 23:45:00,87.968
2026-03-16 00:00:00,2026-03-16 00:00:00,87.968
2026-03-16 00:15:00,2026-03-16 00:15:00,87.973
2026-03-16 00:30:00,2026-03-16 00:30:00,87.974
2026-03-16 00:45:00,2026-03-16 00:45:00,87.969
2026-03-16 01:00:00,2026-03-16 01:00:00,87.973
2026-03-16 01:15:00,2026-03-16 01:15:00,87.97
2026-03-16 01:30:00,2026-03-16 01:30:00,87.975
2026-03-16 01:45:00,2026-03-16 01:45:00,87.969
2026-03-16 02:00:00,2026-03-16 02:00:00,87.965
2026-03-16 02:15:00,2026-03-16 02:15:00,87.973
2026-03-16 02:30:00,2026-03-16 02:30:00,87.969
2026-03-16 02:45:00,2026-03-16 02:45:00,87.971
2026-03-16 03:00:00,2026-03-16 03:00:00,87.976
2026-03-16 03:15:00,2026-03-16 03:15:00,87.973
2026-03-16 03:30:00,2026-03-16 03:30:00,87.971
2026-03-16 03:45:00,2026-03-16 03:45:00,87.974
2026-03-16 04:00:00,2026-03-16 04:00:00,87.974
2026-03-16 04:15:00,2026-03-16 04:15:00,87.972
2026-03-16 04:30:00,2026-03-16 04:30:00,87.964
2026-03-16 04:45:00,2026-03-16 04:45:00,87.966
2026-03-16 05:00:00,2026-03-16 05:00:00,87.959
2026-03-16 05:15:00,2026-03-16 05:15:00,87.969
2026-03-16 05:30:00,2026-03-16 05:30:00,87.975
2026-03-16 05:45:00,2026-03-16 05:45:00,87.956
2026-03-16 06:00:00,2026-03-16 06:00:00,87.951
2026-03-16 06:15:00,2026-03-16 06:15:00,87.957
2026-03-16 06:30:00,2026-03-16 06:30:00,87.96
2026-03-16 06:45:00,2026-03-16 06:45:00,87.96
2026-03-16 07:00:00,2026-03-16 07:00:00,87.955
2026-03-16 07:15:00,2026-03-16 07:15:00,87.966
2026-03-16 07:30:00,2026-03-16 07:30:00,87.958
2026-03-16 07:45:00,2026-03-16 07:45:00,87.953
2026-03-16 08:00:00,2026-03-16 08:00:00,87.95
2026-03-16 08:15:00,2026-03-16 08:15:00,87.958
2026-03-16 08:30:00,2026-03-16 08:30:00,87.945
2026-03-16 08:45:00,2026-03-16 08:45:00,87.94
2026-03-16 09:00:00,2026-03-16 09:00:00,87.943
2026-03-16 09:15:00,2026-03-16 09:15:00,87.946
2026-03-16 09:30:00,2026-03-16 09:30:00,87.949
2026-03-16 09:45:00,2026-03-16 09:45:00,87.945
2026-03-16 10:00:00,2026-03-16 10:00:00,87.946
2026-03-16 10:15:00,2026-03-16 10:15:00,87.932
2026-03-16 10:30:00,2026-03-16 10:30:00,87.93
2026-03-16 10:45:00,2026-03-16 10:45:00,87.93
2026-03-16 11:00:00,2026-03-16 11:00:00,87.931
2026-03-16 11:15:00,2026-03-16 11:15:00,87.936
2026-03-16 11:30:00,2026-03-16 11:30:00,87.966
2026-03-16 11:45:00,2026-03-16 11:45:00,87.926
2026-03-16 12:00:00,2026-03-16 12:00:00,87.923
2026-03-16 12:15:00,2026-03-16 12:15:00,87.933
2026-03-16 12:30:00,2026-03-16 12:30:00,87.932
2026-03-16 12:45:00,2026-03-16 12:45:00,87.923
2026-03-16 13:00:00,2026-03-16 13:00:00,87.923
2026-03-16 13:15:00,2026-03-16 13:15:00,87.915
2026-03-16 13:30:00,2026-03-16 13:30:00,87.913
2026-03-16 13:45:00,2026-03-16 13:45:00,87.92
2026-03-16 14:00:00,2026-03-16 14:00:00,87.919
2026-03-16 14:15:00,2026-03-16 14:15:00,87.922
2026-03-16 14:30:00,2026-03-16 14:30:00,87.92
2026-03-16 14:45:00,2026-03-16 14:45:00,87.923
2026-03-16 15:00:00,2026-03-16 15:00:00,87.916
2026-03-16 15:15:00,2026-03-16 15:15:00,87.912
2026-03-16 15:30:00,2026-03-16 15:30:00,87.914
2026-03-16 15:45:00,2026-03-16 15:45:00,87.907
2026-03-16 16:00:00,2026-03-16 16:00:00,87.909
2026-03-16 16:15:00,2026-03-16 16:15:00,87.92
2026-03-16 16:30:00,2026-03-16 16:30:00,87.915
2026-03-16 16:45:00,2026-03-16 16:45:00,87.918
2026-03-16 17:00:00,2026-03-16 17:00:00,87.919
2026-03-16 17:15:00,2026-03-16 17:15:00,87.913
2026-03-16 17:30:00,2026-03-16 17:30:00,87.907
2026-03-16 17:45:00,2026-03-16 17:45:00,87.906
2026-03-16 18:00:00,2026-03-16 18:00:00,87.91
2026-03-16 18:15:00,2026-03-16 18:15:00,87.913
2026-03-16 18:30:00,2026-03-16 18:30:00,87.924
2026-03-16 18:45:00,2026-03-16 18:45:00,87.917
2026-03-16 19:00:00,2026-03-16 19:00:00,87.912
2026-03-16 19:15:00,2026-03-16 19:15:00,87.909
2026-03-16 19:30:00,2026-03-16 19:30:00,87.911
2026-03-16 19:45:00,2026-03-16 19:45:00,87.909
2026-03-16 20:00:00,2026-03-16 20:00:00,87.911
2026-03-16 20:15:00,2026-03-16 20:15:00,87.919
2026-03-16 20:30:00,2026-03-16 20:30:00,87.912
2026-03-16 20:45:00,2026-03-16 20:45:00,87.916
2026-03-16 21:00:00,2026-03-16 21:00:00,87.914
2026-03-16 21:15:00,2026-03-16 21:15:00,87.916
2026-03-16 21:30:00,2026-03-16 21:30:00,87.913
2026-03-16 21:45:00,2026-03-16 21:45:00,87.907
2026-03-16 22:00:00,2026-03-16 22:00:00,87.914
2026-03-16 22:15:00,2026-03-16 22:15:00,87.921
2026-03-16 22:30:00,2026-03-16 22:30:00,87.914
2026-03-16 22:45:00,2026-03-16 22:45:00,87.914
2026-03-16 23:00:00,2026-03-16 23:00:00,87.912
2026-03-16 23:15:00,2026-03-16 23:15:00,87.908
2026-03-16 23:30:00,2026-03-16 23:30:00,87.912
2026-03-16 23:45:00,2026-03-16 23:45:00,87.912
2026-03-17 00:00:00,2026-03-17 00:00:00,87.922
2026-03-17 00:15:00,2026-03-17 00:15:00,87.914
2026-03-17 00:30:00,2026-03-17 00:30:00,87.918
2026-03-17 00:45:00,2026-03-17 00:45:00,87.911
2026-03-17 01:00:00,2026-03-17 01:00:00,87.912
2026-03-17 01:15:00,2026-03-17 01:15:00,87.917
2026-03-17 01:30:00,2026-03-17 01:30:00,87.915
2026-03-17 01:45:00,2026-03-17 01:45:00,87.909
2026-03-17 02:00:00,2026-03-17 02:00:00,87.906
2026-03-17 02:15:00,2026-03-17 02:15:00,87.914
2026-03-17 02:30:00,2026-03-17 02:30:00,87.913
2026-03-17 02:45:00,2026-03-17 02:45:00,87.916
2026-03-17 03:00:00,2026-03-17 03:00:00,87.907
2026-03-17 03:15:00,2026-03-17 03:15:00,87.91
2026-03-17 03:30:00,2026-03-17 03:30:00,87.912
2026-03-17 03:45:00,2026-03-17 03:45:00,87.907
2026-03-17 04:00:00,2026-03-17 04:00:00,87.92
2026-03-17 04:15:00,2026-03-17 04:15:00,87.91
2026-03-17 04:30:00,2026-03-17 04:30:00,87.911
2026-03-17 04:45:00,2026-03-17 04:45:00,87.91
2026-03-17 05:00:00,2026-03-17 05:00:00,87.911
2026-03-17 05:15:00,2026-03-17 05:15:00,87.903
2026-03-17 05:30:00,2026-03-17 05:30:00,87.9
2026-03-17 05:45:00,2026-03-17 05:45:00,87.903
2026-03-17 06:00:00,2026-03-17 06:00:00,87.898
2026-03-17 06:15:00,2026-03-17 06:15:00,87.901
2026-03-17 06:30:00,2026-03-17 06:30:00,87.895
2026-03-17 06:45:00,2026-03-17 06:45:00,87.904
2026-03-17 07:00:00,2026-03-17 07:00:00,87.889
2026-03-17 07:15:00,2026-03-17 07:15:00,87.905
2026-03-17 07:30:00,2026-03-17 07:30:00,87.904
2026-03-17 07:45:00,2026-03-17 07:45:00,87.895
2026-03-17 08:00:00,2026-03-17 08:00:00,87.889
2026-03-17 08:15:00,2026-03-17 08:15:00,87.891
2026-03-17 08:30:00,2026-03-17 08:30:00,87.887
2026-03-17 08:45:00,2026-03-17 08:45:00,87.893
2026-03-17 09:00:00,2026-03-17 09:00:00,87.891
2026-03-17 09:15:00,2026-03-17 09:15:00,87.893
2026-03-17 09:30:00,2026-03-17 09:30:00,87.9
2026-03-17 09:45:00,2026-03-17 09:45:00,87.897
2026-03-17 10:00:00,2026-03-17 10:00:00,87.896
2026-03-17 10:15:00,2026-03-17 10:15:00,87.88
2026-03-17 10:30:00,2026-03-17 10:30:00,87.881
2026-03-17 10:45:00,2026-03-17 10:45:00,87.873
2026-03-17 11:00:00,2026-03-17 11:00:00,87.874
2026-03-17 11:15:00,2026-03-17 11:15:00,87.88
2026-03-17 11:30:00,2026-03-17 11:30:00,87.888
2026-03-17 11:45:00,2026-03-17 11:45:00,87.872
2026-03-17 12:00:00,2026-03-17 12:00:00,87.887
2026-03-17 12:15:00,2026-03-17 12:15:00,87.876
2026-03-17 12:30:00,2026-03-17 12:30:00,87.881
2026-03-17 12:45:00,2026-03-17 12:45:00,87.869
2026-03-17 13:00:00,2026-03-17 13:00:00,87.863
2026-03-17 13:15:00,2026-03-17 13:15:00,87.874
2026-03-17 13:30:00,2026-03-17 13:30:00,87.877
2026-03-17 13:45:00,2026-03-17 13:45:00,87.863
2026-03-17 14:00:00,2026-03-17 14:00:00,87.869
2026-03-17 14:15:00,2026-03-17 14:15:00,87.872
2026-03-17 14:30:00,2026-03-17 14:30:00,87.874
2026-03-17 14:45:00,2026-03-17 14:45:00,87.857
2026-03-17 15:00:00,2026-03-17 15:00:00,87.86
2026-03-17 15:15:00,2026-03-17 15:15:00,87.866
2026-03-17 15:30:00,2026-03-17 15:30:00,87.86
2026-03-17 15:45:00,2026-03-17 15:45:00,87.869
2026-03-17 16:00:00,2026-03-17 16:00:00,87.858
2026-03-17 16:15:00,2026-03-17 16:15:00,87.855
2026-03-17 16:30:00,2026-03-17 16:30:00,87.86
2026-03-17 16:45:00,2026-03-17 16:45:00,87.863
2026-03-17 17:00:00,2026-03-17 17:00:00,87.862
2026-03-17 17:15:00,2026-03-17 17:15:00,87.867
2026-03-17 17:30:00,2026-03-17 17:30:00,87.868
2026-03-17 17:45:00,2026-03-17 17:45:00,87.86
2026-03-17 18:00:00,2026-03-17 18:00:00,87.862
2026-03-17 18:15:00,2026-03-17 18:15:00,87.857
2026-03-17 18:30:00,2026-03-17 18:30:00,87.854
2026-03-17 18:45:00,2026-03-17 18:45:00,87.859
2026-03-17 19:00:00,2026-03-17 19:00:00,87.868
2026-03-17 19:15:00,2026-03-17 19:15:00,87.864
2026-03-17 19:30:00,2026-03-17 19:30:00,87.864
2026-03-17 19:45:00,2026-03-17 19:45:00,87.861
2026-03-17 20:00:00,2026-03-17 20:00:00,87.865
2026-03-17 20:15:00,2026-03-17 20:15:00,87.854
2026-03-17 20:30:00,2026-03-17 20:30:00,87.851
2026-03-17 20:45:00,2026-03-17 20:45:00,87.863
2026-03-17 21:00:00,2026-03-17 21:00:00,87.86
2026-03-17 21:15:00,2026-03-17 21:15:00,87.865
2026-03-17 21:30:00,2026-03-17 21:30:00,87.862
2026-03-17 21:45:00,2026-03-17 21:45:00,87.863
2026-03-17 22:00:00,2026-03-17 22:00:00,87.857
2026-03-17 22:15:00,2026-03-17 22:15:00,87.859
2026-03-17 22:30:00,2026-03-17 22:30:00,87.858
2026-03-17 22:45:00,2026-03-17 22:45:00,87.864
2026-03-17 23:00:00,2026-03-17 23:00:00,87.865
2026-03-17 23:15:00,2026-03-17 23:15:00,87.864
2026-03-17 23:30:00,2026-03-17 23:30:00,87.86
2026-03-17 23:45:00,2026-03-17 23:45:00,87.865
2026-03-18 00:00:00,2026-03-18 00:00:00,87.868
2026-03-18 00:15:00,2026-03-18 00:15:00,87.854
2026-03-18 00:30:00,2026-03-18 00:30:00,87.858
2026-03-18 00:45:00,2026-03-18 00:45:00,87.863
2026-03-18 01:00:00,2026-03-18 01:00:00,87.861
2026-03-18 01:15:00,2026-03-18 01:15:00,87.86
2026-03-18 01:30:00,2026-03-18 01:30:00,87.86
2026-03-18 01:45:00,2026-03-18 01:45:00,87.854
2026-03-18 02:00:00,2026-03-18 02:00:00,87.851
2026-03-18 02:15:00,2026-03-18 02:15:00,87.858
2026-03-18 02:30:00,2026-03-18 02:30:00,87.861
2026-03-18 02:45:00,2026-03-18 02:45:00,87.864
2026-03-18 03:00:00,2026-03-18 03:00:00,87.865
2026-03-18 03:15:00,2026-03-18 03:15:00,87.861
2026-03-18 03:30:00,2026-03-18 03:30:00,87.858
2026-03-18 03:45:00,2026-03-18 03:45:00,87.856
2026-03-18 04:00:00,2026-03-18 04:00:00,87.856
2026-03-18 04:15:00,2026-03-18 04:15:00,87.854
2026-03-18 04:30:00,2026-03-18 04:30:00,87.854
2026-03-18 04:45:00,2026-03-18 04:45:00,87.859
2026-03-18 05:00:00,2026-03-18 05:00:00,87.862
2026-03-18 05:15:00,2026-03-18 05:15:00,87.858
2026-03-18 05:30:00,2026-03-18 05:30:00,87.854
2026-03-18 05:45:00,2026-03-18 05:45:00,87.857
2026-03-18 06:00:00,2026-03-18 06:00:00,87.855
2026-03-18 06:15:00,2026-03-18 06:15:00,87.86
2026-03-18 06:30:00,2026-03-18 06:30:00,87.854
2026-03-18 06:45:00,2026-03-18 06:45:00,87.853
2026-03-18 07:00:00,2026-03-18 07:00:00,87.849
2026-03-18 07:15:00,2026-03-18 07:15:00,87.838
2026-03-18 07:30:00,2026-03-18 07:30:00,87.836
2026-03-18 07:45:00,2026-03-18 07:45:00,87.853
2026-03-18 08:00:00,2026-03-18 08:00:00,87.858
2026-03-18 08:15:00,2026-03-18 08:15:00,87.849
2026-03-18 08:30:00,2026-03-18 08:30:00,87.852
2026-03-18 08:45:00,2026-03-18 08:45:00,87.851
2026-03-18 09:00:00,2026-03-18 09:00:00,87.848
2026-03-18 09:15:00,2026-03-18 09:15:00,87.843
2026-03-18 09:30:00,2026-03-18 09:30:00,87.843
2026-03-18 09:45:00,2026-03-18 09:45:00,87.842
2026-03-18 10:00:00,2026-03-18 10:00:00,87.848
2026-03-18 10:15:00,2026-03-18 10:15:00,87.832
2026-03-18 10:30:00,2026-03-18 10:30:00,87.838
2026-03-18 10:45:00,2026-03-18 10:45:00,87.846
2026-03-18 11:00:00,2026-03-18 11:00:00,87.849
2026-03-18 11:15:00,2026-03-18 11:15:00,87.828
2026-03-18 11:30:00,2026-03-18 11:30:00,87.821
2026-03-18 11:45:00,2026-03-18 11:45:00,87.819
2026-03-18 12:00:00,2026-03-18 12:00:00,87.819
2026-03-18 12:15:00,2026-03-18 12:15:00,87.824
2026-03-18 12:30:00,2026-03-18 12:30:00,87.826
2026-03-18 12:45:00,2026-03-18 12:45:00,87.824
2026-03-18 13:00:00,2026-03-18 13:00:00,87.821
2026-03-18 13:15:00,2026-03-18 13:15:00,87.832
2026-03-18 13:30:00,2026-03-18 13:30:00,87.824
2026-03-18 13:45:00,2026-03-18 13:45:00,87.818
2026-03-18 14:00:00,2026-03-18 14:00:00,87.816
2026-03-18 14:15:00,2026-03-18 14:15:00,87.827
2026-03-18 14:30:00,2026-03-18 14:30:00,87.828
2026-03-18 14:45:00,2026-03-18 14:45:00,87.823
2026-03-18 15:00:00,2026-03-18 15:00:00,87.823
2026-03-18 15:15:00,2026-03-18 15:15:00,87.826
2026-03-18 15:30:00,2026-03-18 15:30:00,87.824
2026-03-18 15:45:00,2026-03-18 15:45:00,87.81
2026-03-18 16:00:00,2026-03-18 16:00:00,87.807
2026-03-18 16:15:00,2026-03-18 16:15:00,87.811
2026-03-18 16:30:00,2026-03-18 16:30:00,87.816
2026-03-18 16:45:00,2026-03-18 16:45:00,87.811
2026-03-18 17:00:00,2026-03-18 17:00:00,87.812
2026-03-18 17:15:00,2026-03-18 17:15:00,87.801
2026-03-18 17:30:00,2026-03-18 17:30:00,87.805
2026-03-18 17:45:00,2026-03-18 17:45:00,87.803
2026-03-18 18:00:00,2026-03-18 18:00:00,87.801
2026-03-18 18:15:00,2026-03-18 18:15:00,87.807
2026-03-18 18:30:00,2026-03-18 18:30:00,87.808
2026-03-18 18:45:00,2026-03-18 18:45:00,87.804
2026-03-18 19:00:00,2026-03-18 19:00:00,87.81
2026-03-18 19:15:00,2026-03-18 19:15:00,87.809
2026-03-18 19:30:00,2026-03-18 19:30:00,87.804
2026-03-18 19:45:00,2026-03-18 19:45:00,87.807
2026-03-18 20:00:00,2026-03-18 20:00:00,87.808
2026-03-18 20:15:00,2026-03-18 20:15:00,87.812
2026-03-18 20:30:00,2026-03-18 20:30:00,87.812
2026-03-18 20:45:00,2026-03-18 20:45:00,87.806
2026-03-18 21:00:00,2026-03-18 21:00:00,87.799
2026-03-18 21:15:00,2026-03-18 21:15:00,87.811
2026-03-18 21:30:00,2026-03-18 21:30:00,87.809
2026-03-18 21:45:00,2026-03-18 21:45:00,87.807
2026-03-18 22:00:00,2026-03-18 22:00:00,87.806
2026-03-18 22:15:00,2026-03-18 22:15:00,87.813
2026-03-18 22:30:00,2026-03-18 22:30:00,87.813
2026-03-18 22:45:00,2026-03-18 22:45:00,87.807
2026-03-18 23:00:00,2026-03-18 23:00:00,87.811
2026-03-18 23:15:00,2026-03-18 23:15:00,87.806
2026-03-18 23:30:00,2026-03-18 23:30:00,87.802
2026-03-18 23:45:00,2026-03-18 23:45:00,87.807
2026-03-19 00:00:00,2026-03-19 00:00:00,87.81
2026-03-19 00:15:00,2026-03-19 00:15:00,87.808
2026-03-19 00:30:00,2026-03-19 00:30:00,87.804
2026-03-19 00:45:00,2026-03-19 00:45:00,87.813
2026-03-19 01:00:00,2026-03-19 01:00:00,87.812
2026-03-19 01:15:00,2026-03-19 01:15:00,87.806
2026-03-19 01:30:00,2026-03-19 01:30:00,87.802
2026-03-19 01:45:00,2026-03-19 01:45:00,87.806
2026-03-19 02:00:00,2026-03-19 02:00:00,87.807
2026-03-19 02:15:00,2026-03-19 02:15:00,87.806
2026-03-19 02:30:00,2026-03-19 02:30:00,87.803
2026-03-19 02:45:00,2026-03-19 02:45:00,87.806
2026-03-19 03:00:00,2026-03-19 03:00:00,87.804
2026-03-19 03:15:00,2026-03-19 03:15:00,87.804
2026-03-19 03:30:00,2026-03-19 03:30:00,87.81
2026-03-19 03:45:00,2026-03-19 03:45:00,87.807
2026-03-19 04:00:00,2026-03-19 04:00:00,87.805
2026-03-19 04:15:00,2026-03-19 04:15:00,87.808
2026-03-19 04:30:00,2026-03-19 04:30:00,87.81
2026-03-19 04:45:00,2026-03-19 04:45:00,87.801
2026-03-19 05:00:00,2026-03-19 05:00:00,87.797
2026-03-19 05:15:00,2026-03-19 05:15:00,87.796
2026-03-19 05:30:00,2026-03-19 05:30:00,87.786
2026-03-19 05:45:00,2026-03-19 05:45:00,87.799
2026-03-19 06:00:00,2026-03-19 06:00:00,87.801
2026-03-19 06:15:00,2026-03-19 06:15:00,87.797
2026-03-19 06:30:00,2026-03-19 06:30:00,87.796
2026-03-19 06:45:00,2026-03-19 06:45:00,87.788
2026-03-19 07:00:00,2026-03-19 07:00:00,87.794
2026-03-19 07:15:00,2026-03-19 07:15:00,87.788
2026-03-19 07:30:00,2026-03-19 07:30:00,87.792
2026-03-19 07:45:00,2026-03-19 07:45:00,87.792
2026-03-19 08:00:00,2026-03-19 08:00:00,87.791
2026-03-19 08:15:00,2026-03-19 08:15:00,87.784
2026-03-19 08:30:00,2026-03-19 08:30:00,87.778
2026-03-19 08:45:00,2026-03-19 08:45:00,87.784
2026-03-19 09:00:00,2026-03-19 09:00:00,87.79
2026-03-19 09:15:00,2026-03-19 09:15:00,87.781
2026-03-19 09:30:00,2026-03-19 09:30:00,87.779
2026-03-19 09:45:00,2026-03-19 09:45:00,87.775
2026-03-19 10:00:00,2026-03-19 10:00:00,87.768
2026-03-19 10:15:00,2026-03-19 10:15:00,87.789
2026-03-19 10:30:00,2026-03-19 10:30:00,87.793
2026-03-19 10:45:00,2026-03-19 10:45:00,87.774
2026-03-19 11:00:00,2026-03-19 11:00:00,87.775
2026-03-19 11:15:00,2026-03-19 11:15:00,87.766
2026-03-19 11:30:00,2026-03-19 11:30:00,87.764
2026-03-19 11:45:00,2026-03-19 11:45:00,87.763
2026-03-19 12:00:00,2026-03-19 12:00:00,87.762
2026-03-19 12:15:00,2026-03-19 12:15:00,87.769
2026-03-19 12:30:00,2026-03-19 12:30:00,87.771
2026-03-19 12:45:00,2026-03-19 12:45:00,87.757
2026-03-19 13:00:00,2026-03-19 13:00:00,87.748
2026-03-19 13:15:00,2026-03-19 13:15:00,87.748
2026-03-19 13:30:00,2026-03-19 13:30:00,87.751
2026-03-19 13:45:00,2026-03-19 13:45:00,87.752
2026-03-19 14:00:00,2026-03-19 14:00:00,87.751
2026-03-19 14:15:00,2026-03-19 14:15:00,87.757
2026-03-19 14:30:00,2026-03-19 14:30:00,87.75
2026-03-19 14:45:00,2026-03-19 14:45:00,87.755
2026-03-19 15:00:00,2026-03-19 15:00:00,87.762
2026-03-19 15:15:00,2026-03-19 15:15:00,87.752
2026-03-19 15:30:00,2026-03-19 15:30:00,87.746
2026-03-19 15:45:00,2026-03-19 15:45:00,87.74
2026-03-19 16:00:00,2026-03-19 16:00:00,87.75
2026-03-19 16:15:00,2026-03-19 16:15:00,87.736
2026-03-19 16:30:00,2026-03-19 16:30:00,87.736
2026-03-19 16:45:00,2026-03-19 16:45:00,87.745
2026-03-19 17:00:00,2026-03-19 17:00:00,87.736
2026-03-19 17:15:00,2026-03-19 17:15:00,87.75
2026-03-19 17:30:00,2026-03-19 17:30:00,87.749
2026-03-19 17:45:00,2026-03-19 17:45:00,87.742
2026-03-19 18:00:00,2026-03-19 18:00:00,87.742
2026-03-19 18:15:00,2026-03-19 18:15:00,87.743
2026-03-19 18:30:00,2026-03-19 18:30:00,87.737
2026-03-19 18:45:00,2026-03-19 18:45:00,87.739
2026-03-19 19:00:00,2026-03-19 19:00:00,87.733
2026-03-19 19:15:00,2026-03-19 19:15:00,87.744
2026-03-19 19:30:00,2026-03-19 19:30:00,87.739
2026-03-19 19:45:00,2026-03-19 19:45:00,87.74
2026-03-19 20:00:00,2026-03-19 20:00:00,87.742
2026-03-19 20:15:00,2026-03-19 20:15:00,87.75
2026-03-19 20:30:00,2026-03-19 20:30:00,87.743
2026-03-19 20:45:00,2026-03-19 20:45:00,87.74
2026-03-19 21:00:00,2026-03-19 21:00:00,87.738
2026-03-19 21:15:00,2026-03-19 21:15:00,87.748
2026-03-19 21:30:00,2026-03-19 21:30:00,87.743
2026-03-19 21:45:00,2026-03-19 21:45:00,87.745
2026-03-19 22:00:00,2026-03-19 22:00:00,87.747
2026-03-19 22:15:00,2026-03-19 22:15:00,87.741
2026-03-19 22:30:00,2026-03-19 22:30:00,87.742
2026-03-19 22:45:00,2026-03-19 22:45:00,87.745
2026-03-19 23:00:00,2026-03-19 23:00:00,87.744
2026-03-19 23:15:00,2026-03-19 23:15:00,87.745
2026-03-19 23:30:00,2026-03-19 23:30:00,87.75
2026-03-19 23:45:00,2026-03-19 23:45:00,87.748
2026-03-20 00:00:00,2026-03-20 00:00:00,87.751
2026-03-20 00:15:00,2026-03-20 00:15:00,87.746
2026-03-20 00:30:00,2026-03-20 00:30:00,87.742
2026-03-20 00:45:00,2026-03-20 00:45:00,87.747
2026-03-20 01:00:00,2026-03-20 01:00:00,87.744
2026-03-20 01:15:00,2026-03-20 01:15:00,87.742
2026-03-20 01:30:00,2026-03-20 01:30:00,87.743
2026-03-20 01:45:00,2026-03-20 01:45:00,87.748
2026-03-20 02:00:00,2026-03-20 02:00:00,87.746
2026-03-20 02:15:00,2026-03-20 02:15:00,87.752
2026-03-20 02:30:00,2026-03-20 02:30:00,87.751
2026-03-20 02:45:00,2026-03-20 02:45:00,87.743
2026-03-20 03:00:00,2026-03-20 03:00:00,87.741
2026-03-20 03:15:00,2026-03-20 03:15:00,87.74
2026-03-20 03:30:00,2026-03-20 03:30:00,87.739
2026-03-20 03:45:00,2026-03-20 03:45:00,87.738
2026-03-20 04:00:00,2026-03-20 04:00:00,87.744
2026-03-20 04:15:00,2026-03-20 04:15:00,87.733
2026-03-20 04:30:00,2026-03-20 04:30:00,87.728
2026-03-20 04:45:00,2026-03-20 04:45:00,87.739
2026-03-20 05:00:00,2026-03-20 05:00:00,87.737
2026-03-20 05:15:00,2026-03-20 05:15:00,87.736
2026-03-20 05:30:00,2026-03-20 05:30:00,87.734
2026-03-20 05:45:00,2026-03-20 05:45:00,87.738
2026-03-20 06:00:00,2026-03-20 06:00:00,87.734
2026-03-20 06:15:00,2026-03-20 06:15:00,87.739
2026-03-20 06:30:00,2026-03-20 06:30:00,87.733
2026-03-20 06:45:00,2026-03-20 06:45:00,87.725
2026-03-20 07:00:00,2026-03-20 07:00:00,87.724
2026-03-20 07:15:00,2026-03-20 07:15:00,87.722
2026-03-20 07:30:00,2026-03-20 07:30:00,87.719
2026-03-20 07:45:00,2026-03-20 07:45:00,87.727
2026-03-20 08:00:00,2026-03-20 08:00:00,87.726
2026-03-20 08:15:00,2026-03-20 08:15:00,87.728
2026-03-20 08:30:00,2026-03-20 08:30:00,87.727
2026-03-20 08:45:00,2026-03-20 08:45:00,87.728
2026-03-20 09:00:00,2026-03-20 09:00:00,87.721
2026-03-20 09:15:00,2026-03-20 09:15:00,87.72
2026-03-20 09:30:00,2026-03-20 09:30:00,87.722
2026-03-20 09:45:00,2026-03-20 09:45:00,87.725
2026-03-20 10:00:00,2026-03-20 10:00:00,87.728
2026-03-20 10:15:00,2026-03-20 10:15:00,87.734
2026-03-20 10:30:00,2026-03-20 10:30:00,87.732
2026-03-20 10:45:00,2026-03-20 10:45:00,87.719
2026-03-20 11:00:00,2026-03-20 11:00:00,87.717
2026-03-20 11:15:00,2026-03-20 11:15:00,87.714
2026-03-20 11:30:00,2026-03-20 11:30:00,87.715
2026-03-20 11:45:00,2026-03-20 11:45:00,87.72
2026-03-20 12:00:00,2026-03-20 12:00:00,87.725
2026-03-20 12:15:00,2026-03-20 12:15:00,87.723
2026-03-20 12:30:00,2026-03-20 12:30:00,87.724
2026-03-20 12:45:00,2026-03-20 12:45:00,87.731
2026-03-20 13:00:00,2026-03-20 13:00:00,87.732
2026-03-20 13:15:00,2026-03-20 13:15:00,87.735
2026-03-20 13:30:00,2026-03-20 13:30:00,87.724
2026-03-20 13:45:00,2026-03-20 13:45:00,87.736
2026-03-20 14:00:00,2026-03-20 14:00:00,87.737
2026-03-20 14:15:00,2026-03-20 14:15:00,87.751
2026-03-20 14:30:00,2026-03-20 14:30:00,87.745
2026-03-20 14:45:00,2026-03-20 14:45:00,87.774
2026-03-20 15:00:00,2026-03-20 15:00:00,87.783
2026-03-20 15:15:00,2026-03-20 15:15:00,87.798
2026-03-20 15:30:00,2026-03-20 15:30:00,87.803
2026-03-20 15:45:00,2026-03-20 15:45:00,87.808
2026-03-20 16:00:00,2026-03-20 16:00:00,87.823
2026-03-20 16:15:00,2026-03-20 16:15:00,87.834
2026-03-20 16:30:00,2026-03-20 16:30:00,87.838
2026-03-20 16:45:00,2026-03-20 16:45:00,87.84
2026-03-20 17:00:00,2026-03-20 17:00:00,87.842
2026-03-20 17:15:00,2026-03-20 17:15:00,87.835
2026-03-20 17:30:00,2026-03-20 17:30:00,87.834
2026-03-20 17:45:00,2026-03-20 17:45:00,87.821
2026-03-20 18:00:00,2026-03-20 18:00:00,87.819
2026-03-20 18:15:00,2026-03-20 18:15:00,87.836
2026-03-20 18:30:00,2026-03-20 18:30:00,87.835
2026-03-20 18:45:00,2026-03-20 18:45:00,87.828
2026-03-20 19:00:00,2026-03-20 19:00:00,87.825
2026-03-20 19:15:00,2026-03-20 19:15:00,87.818
2026-03-20 19:30:00,2026-03-20 19:30:00,87.817
2026-03-20 19:45:00,2026-03-20 19:45:00,87.846
2026-03-20 20:00:00,2026-03-20 20:00:00,87.824
2026-03-20 20:15:00,2026-03-20 20:15:00,87.825
2026-03-20 20:30:00,2026-03-20 20:30:00,87.825
2026-03-20 20:45:00,2026-03-20 20:45:00,87.829
2026-03-20 21:00:00,2026-03-20 21:00:00,87.817
2026-03-20 21:15:00,2026-03-20 21:15:00,87.827
2026-03-20 21:30:00,2026-03-20 21:30:00,87.828
2026-03-20 21:45:00,2026-03-20 21:45:00,87.829
2026-03-20 22:00:00,2026-03-20 22:00:00,87.832
2026-03-20 22:15:00,2026-03-20 22:15:00,87.835
2026-03-20 22:30:00,2026-03-20 22:30:00,87.837
2026-03-20 22:45:00,2026-03-20 22:45:00,87.837
2026-03-20 23:00:00,2026-03-20 23:00:00,87.836
2026-03-20 23:15:00,2026-03-20 23:15:00,87.831
2026-03-20 23:30:00,2026-03-20 23:30:00,87.827
2026-03-20 23:45:00,2026-03-20 23:45:00,87.828
2026-03-21 00:00:00,2026-03-21 00:00:00,87.823
2026-03-21 00:15:00,2026-03-21 00:15:00,87.824
2026-03-21 00:30:00,2026-03-21 00:30:00,87.826
2026-03-21 00:45:00,2026-03-21 00:45:00,87.835
2026-03-21 01:00:00,2026-03-21 01:00:00,87.828
2026-03-21 01:15:00,2026-03-21 01:15:00,87.821
2026-03-21 01:30:00,2026-03-21 01:30:00,87.82
2026-03-21 01:45:00,2026-03-21 01:45:00,87.817
2026-03-21 02:00:00,2026-03-21 02:00:00,87.817
2026-03-21 02:15:00,2026-03-21 02:15:00,87.815
2026-03-21 02:30:00,2026-03-21 02:30:00,87.813
2026-03-21 02:45:00,2026-03-21 02:45:00,87.818
2026-03-21 03:00:00,2026-03-21 03:00:00,87.823
2026-03-21 03:15:00,2026-03-21 03:15:00,87.824
2026-03-21 03:30:00,2026-03-21 03:30:00,87.822
2026-03-21 03:45:00,2026-03-21 03:45:00,87.825
2026-03-21 04:00:00,2026-03-21 04:00:00,87.82
2026-03-21 04:15:00,2026-03-21 04:15:00,87.804
2026-03-21 04:30:00,2026-03-21 04:30:00,87.806
2026-03-21 04:45:00,2026-03-21 04:45:00,87.814
2026-03-21 05:00:00,2026-03-21 05:00:00,87.817
2026-03-21 05:15:00,2026-03-21 05:15:00,87.818
2026-03-21 05:30:00,2026-03-21 05:30:00,87.818
2026-03-21 05:45:00,2026-03-21 05:45:00,87.811
2026-03-21 06:00:00,2026-03-21 06:00:00,87.812
2026-03-21 06:15:00,2026-03-21 06:15:00,87.822
2026-03-21 06:30:00,2026-03-21 06:30:00,87.828
2026-03-21 06:45:00,2026-03-21 06:45:00,87.808
2026-03-21 07:00:00,2026-03-21 07:00:00,87.807
2026-03-21 07:15:00,2026-03-21 07:15:00,87.81
2026-03-21 07:30:00,2026-03-21 07:30:00,87.805
2026-03-21 07:45:00,2026-03-21 07:45:00,87.808
2026-03-21 08:00:00,2026-03-21 08:00:00,87.812
2026-03-21 08:15:00,2026-03-21 08:15:00,87.819
2026-03-21 08:30:00,2026-03-21 08:30:00,87.82
2026-03-21 08:45:00,2026-03-21 08:45:00,87.798
2026-03-21 09:00:00,2026-03-21 09:00:00,87.79
2026-03-21 09:15:00,2026-03-21 09:15:00,87.8
2026-03-21 09:30:00,2026-03-21 09:30:00,87.795
2026-03-21 09:45:00,2026-03-21 09:45:00,87.808
2026-03-21 10:00:00,2026-03-21 10:00:00,87.816
2026-03-21 10:15:00,2026-03-21 10:15:00,87.803
2026-03-21 10:30:00,2026-03-21 10:30:00,87.798
2026-03-21 10:45:00,2026-03-21 10:45:00,87.802
2026-03-21 11:00:00,2026-03-21 11:00:00,87.796
2026-03-21 11:15:00,2026-03-21 11:15:00,87.786
2026-03-21 11:30:00,2026-03-21 11:30:00,87.784
2026-03-21 11:45:00,2026-03-21 11:45:00,87.8
2026-03-21 12:00:00,2026-03-21 12:00:00,87.793
2026-03-21 12:15:00,2026-03-21 12:15:00,87.797
2026-03-21 12:30:00,2026-03-21 12:30:00,87.789
2026-03-21 12:45:00,2026-03-21 12:45:00,87.78
2026-03-21 13:00:00,2026-03-21 13:00:00,87.775
2026-03-21 13:15:00,2026-03-21 13:15:00,87.79
2026-03-21 13:30:00,2026-03-21 13:30:00,87.788
2026-03-21 13:45:00,2026-03-21 13:45:00,87.787
2026-03-21 14:00:00,2026-03-21 14:00:00,87.787
2026-03-21 14:15:00,2026-03-21 14:15:00,87.793
2026-03-21 14:30:00,2026-03-21 14:30:00,87.793
2026-03-21 14:45:00,2026-03-21 14:45:00,87.788
2026-03-21 15:00:00,2026-03-21 15:00:00,87.786
2026-03-21 15:15:00,2026-03-21 15:15:00,87.778
2026-03-21 15:30:00,2026-03-21 15:30:00,87.788
2026-03-21 15:45:00,2026-03-21 15:45:00,87.794
2026-03-21 16:00:00,2026-03-21 16:00:00,87.788
2026-03-21 16:15:00,2026-03-21 16:15:00,87.78
2026-03-21 16:30:00,2026-03-21 16:30:00,87.778
2026-03-21 16:45:00,2026-03-21 16:45:00,87.777
2026-03-21 17:00:00,2026-03-21 17:00:00,87.781
2026-03-21 17:15:00,2026-03-21 17:15:00,87.786
2026-03-21 17:30:00,2026-03-21 17:30:00,87.786
2026-03-21 17:45:00,2026-03-21 17:45:00,87.785
2026-03-21 18:00:00,2026-03-21 18:00:00,87.788
2026-03-21 18:15:00,2026-03-21 18:15:00,87.783
2026-03-21 18:30:00,2026-03-21 18:30:00,87.785
2026-03-21 18:45:00,2026-03-21 18:45:00,87.793
2026-03-21 19:00:00,2026-03-21 19:00:00,87.795
2026-03-21 19:15:00,2026-03-21 19:15:00,87.791
2026-03-21 19:30:00,2026-03-21 19:30:00,87.793
2026-03-21 19:45:00,2026-03-21 19:45:00,87.79
2026-03-21 20:00:00,2026-03-21 20:00:00,87.787
2026-03-21 20:15:00,2026-03-21 20:15:00,87.779
2026-03-21 20:30:00,2026-03-21 20:30:00,87.79
2026-03-21 20:45:00,2026-03-21 20:45:00,87.816
2026-03-21 21:00:00,2026-03-21 21:00:00,87.826
2026-03-21 21:15:00,2026-03-21 21:15:00,87.82
2026-03-21 21:30:00,2026-03-21 21:30:00,87.815
2026-03-21 21:45:00,2026-03-21 21:45:00,87.825
2026-03-21 22:00:00,2026-03-21 22:00:00,87.823
2026-03-21 22:15:00,2026-03-21 22:15:00,87.823
2026-03-21 22:30:00,2026-03-21 22:30:00,87.818
2026-03-21 22:45:00,2026-03-21 22:45:00,87.815
2026-03-21 23:00:00,2026-03-21 23:00:00,87.815
2026-03-21 23:15:00,2026-03-21 23:15:00,87.829
2026-03-21 23:30:00,2026-03-21 23:30:00,87.827
2026-03-21 23:45:00,2026-03-21 23:45:00,87.837
2026-03-22 00:00:00,2026-03-22 00:00:00,87.838
2026-03-22 00:15:00,2026-03-22 00:15:00,87.834
2026-03-22 00:30:00,2026-03-22 00:30:00,87.828
2026-03-22 00:45:00,2026-03-22 00:45:00,87.834
2026-03-22 01:00:00,2026-03-22 01:00:00,87.833
2026-03-22 01:15:00,2026-03-22 01:15:00,87.837
2026-03-22 01:30:00,2026-03-22 01:30:00,87.837
2026-03-22 01:45:00,2026-03-22 01:45:00,87.827
2026-03-22 02:00:00,2026-03-22 02:00:00,87.826
2026-03-22 02:15:00,2026-03-22 02:15:00,87.829
2026-03-22 02:30:00,2026-03-22 02:30:00,87.83
2026-03-22 02:45:00,2026-03-22 02:45:00,87.831
2026-03-22 03:00:00,2026-03-22 03:00:00,87.834
2026-03-22 03:15:00,2026-03-22 03:15:00,87.834
2026-03-22 03:30:00,2026-03-22 03:30:00,87.829
2026-03-22 03:45:00,2026-03-22 03:45:00,87.83
2026-03-22 04:00:00,2026-03-22 04:00:00,87.831
2026-03-22 04:15:00,2026-03-22 04:15:00,87.83
2026-03-22 04:30:00,2026-03-22 04:30:00,87.823
2026-03-22 04:45:00,2026-03-22 04:45:00,87.824
2026-03-22 05:00:00,2026-03-22 05:00:00,87.824
2026-03-22 05:15:00,2026-03-22 05:15:00,87.822
2026-03-22 05:30:00,2026-03-22 05:30:00,87.824
2026-03-22 05:45:00,2026-03-22 05:45:00,87.825
2026-03-22 06:00:00,2026-03-22 06:00:00,87.82
2026-03-22 06:15:00,2026-03-22 06:15:00,87.825
2026-03-22 06:30:00,2026-03-22 06:30:00,87.825
2026-03-22 06:45:00,2026-03-22 06:45:00,87.827
2026-03-22 07:00:00,2026-03-22 07:00:00,87.826
2026-03-22 07:15:00,2026-03-22 07:15:00,87.826
2026-03-22 07:30:00,2026-03-22 07:30:00,87.822
2026-03-22 07:45:00,2026-03-22 07:45:00,87.82
2026-03-22 08:00:00,2026-03-22 08:00:00,87.808
2026-03-22 08:15:00,2026-03-22 08:15:00,87.812
2026-03-22 08:30:00,2026-03-22 08:30:00,87.814
2026-03-22 08:45:00,2026-03-22 08:45:00,87.809
2026-03-22 09:00:00,2026-03-22 09:00:00,87.812
2026-03-22 09:15:00,2026-03-22 09:15:00,87.812
2026-03-22 09:30:00,2026-03-22 09:30:00,87.802
2026-03-22 09:45:00,2026-03-22 09:45:00,87.808
2026-03-22 10:00:00,2026-03-22 10:00:00,87.8
2026-03-22 10:15:00,2026-03-22 10:15:00,87.803
2026-03-22 10:30:00,2026-03-22 10:30:00,87.81
2026-03-22 10:45:00,2026-03-22 10:45:00,87.811
2026-03-22 11:00:00,2026-03-22 11:00:00,87.806
2026-03-22 11:15:00,2026-03-22 11:15:00,87.804
2026-03-22 11:30:00,2026-03-22 11:30:00,87.803
2026-03-22 11:45:00,2026-03-22 11:45:00,87.808
2026-03-22 12:00:00,2026-03-22 12:00:00,87.803
2026-03-22 12:15:00,2026-03-22 12:15:00,87.799
2026-03-22 12:30:00,2026-03-22 12:30:00,87.795
2026-03-22 12:45:00,2026-03-22 12:45:00,87.796
2026-03-22 13:00:00,2026-03-22 13:00:00,87.797
2026-03-22 13:15:00,2026-03-22 13:15:00,87.801
2026-03-22 13:30:00,2026-03-22 13:30:00,87.8
2026-03-22 13:45:00,2026-03-22 13:45:00,87.799
2026-03-22 14:00:00,2026-03-22 14:00:00,87.803
2026-03-22 14:15:00,2026-03-22 14:15:00,87.8
2026-03-22 14:30:00,2026-03-22 14:30:00,87.798
2026-03-22 14:45:00,2026-03-22 14:45:00,87.79
2026-03-22 15:00:00,2026-03-22 15:00:00,87.786
2026-03-22 15:15:00,2026-03-22 15:15:00,87.792
2026-03-22 15:30:00,2026-03-22 15:30:00,87.8
2026-03-22 15:45:00,2026-03-22 15:45:00,87.785
2026-03-22 16:00:00,2026-03-22 16:00:00,87.777
2026-03-22 16:15:00,2026-03-22 16:15:00,87.774
2026-03-22 16:30:00,2026-03-22 16:30:00,87.778
2026-03-22 16:45:00,2026-03-22 16:45:00,87.796
2026-03-22 17:00:00,2026-03-22 17:00:00,87.8
2026-03-22 17:15:00,2026-03-22 17:15:00,87.793
2026-03-22 17:30:00,2026-03-22 17:30:00,87.782
2026-03-22 17:45:00,2026-03-22 17:45:00,87.786
2026-03-22 18:00:00,2026-03-22 18:00:00,87.78
2026-03-22 18:15:00,2026-03-22 18:15:00,87.769
2026-03-22 18:30:00,2026-03-22 18:30:00,87.778
2026-03-22 18:45:00,2026-03-22 18:45:00,87.787
2026-03-22 19:00:00,2026-03-22 19:00:00,87.787
2026-03-22 19:15:00,2026-03-22 19:15:00,87.788
2026-03-22 19:30:00,2026-03-22 19:30:00,87.783
2026-03-22 19:45:00,2026-03-22 19:45:00,87.777
2026-03-22 20:00:00,2026-03-22 20:00:00,87.779
2026-03-22 20:15:00,2026-03-22 20:15:00,87.785
2026-03-22 20:30:00,2026-03-22 20:30:00,87.784
2026-03-22 20:45:00,2026-03-22 20:45:00,87.788
2026-03-22 21:00:00,2026-03-22 21:00:00,87.788
2026-03-22 21:15:00,2026-03-22 21:15:00,87.785
2026-03-22 21:30:00,2026-03-22 21:30:00,87.78
2026-03-22 21:45:00,2026-03-22 21:45:00,87.786
2026-03-22 22:00:00,2026-03-22 22:00:00,87.785
2026-03-22 22:15:00,2026-03-22 22:15:00,87.778
2026-03-22 22:30:00,2026-03-22 22:30:00,87.786
2026-03-22 22:45:00,2026-03-22 22:45:00,87.786
2026-03-22 23:00:00,2026-03-22 23:00:00,87.785
2026-03-22 23:15:00,2026-03-22 23:15:00,87.793
2026-03-22 23:30:00,2026-03-22 23:30:00,87.795
2026-03-22 23:45:00,2026-03-22 23:45:00,87.789
2026-03-23 00:00:00,2026-03-23 00:00:00,87.793
2026-03-23 00:15:00,2026-03-23 00:15:00,87.789
2026-03-23 00:30:00,2026-03-23 00:30:00,87.787
2026-03-23 00:45:00,2026-03-23 00:45:00,87.792
2026-03-23 01:00:00,2026-03-23 01:00:00,87.789
2026-03-23 01:15:00,2026-03-23 01:15:00,87.799
2026-03-23 01:30:00,2026-03-23 01:30:00,87.797
2026-03-23 01:45:00,2026-03-23 01:45:00,87.79
2026-03-23 02:00:00,2026-03-23 02:00:00,87.792
2026-03-23 02:15:00,2026-03-23 02:15:00,87.805
2026-03-23 02:30:00,2026-03-23 02:30:00,87.809
2026-03-23 02:45:00,2026-03-23 02:45:00,87.795
2026-03-23 03:00:00,2026-03-23 03:00:00,87.801
2026-03-23 03:15:00,2026-03-23 03:15:00,87.801
2026-03-23 03:30:00,2026-03-23 03:30:00,87.801
2026-03-23 03:45:00,2026-03-23 03:45:00,87.805
2026-03-23 04:00:00,2026-03-23 04:00:00,87.806
2026-03-23 04:15:00,2026-03-23 04:15:00,87.799
2026-03-23 04:30:00,2026-03-23 04:30:00,87.8
2026-03-23 04:45:00,2026-03-23 04:45:00,87.799
2026-03-23 05:00:00,2026-03-23 05:00:00,87.795
2026-03-23 05:15:00,2026-03-23 05:15:00,87.798
2026-03-23 05:30:00,2026-03-23 05:30:00,87.801
2026-03-23 05:45:00,2026-03-23 05:45:00,87.788
2026-03-23 06:00:00,2026-03-23 06:00:00,87.787
2026-03-23 06:15:00,2026-03-23 06:15:00,87.788
2026-03-23 06:30:00,2026-03-23 06:30:00,87.795
2026-03-23 06:45:00,2026-03-23 06:45:00,87.797
2026-03-23 07:00:00,2026-03-23 07:00:00,87.801
2026-03-23 07:15:00,2026-03-23 07:15:00,87.796
2026-03-23 07:30:00,2026-03-23 07:30:00,87.794
2026-03-23 07:45:00,2026-03-23 07:45:00,87.785
2026-03-23 08:00:00,2026-03-23 08:00:00,87.781
2026-03-23 08:15:00,2026-03-23 08:15:00,87.783
2026-03-23 08:30:00,2026-03-23 08:30:00,87.79
2026-03-23 08:45:00,2026-03-23 08:45:00,87.788
2026-03-23 09:00:00,2026-03-23 09:00:00,87.797
2026-03-23 09:15:00,2026-03-23 09:15:00,87.782
2026-03-23 09:30:00,2026-03-23 09:30:00,87.779
2026-03-23 09:45:00,2026-03-23 09:45:00,87.774
2026-03-23 10:00:00,2026-03-23 10:00:00,87.766
2026-03-23 10:15:00,2026-03-23 10:15:00,87.765
2026-03-23 10:30:00,2026-03-23 10:30:00,87.768
2026-03-23 10:45:00,2026-03-23 10:45:00,87.78
2026-03-23 11:00:00,2026-03-23 11:00:00,87.772
2026-03-23 11:15:00,2026-03-23 11:15:00,87.775
2026-03-23 11:30:00,2026-03-23 11:30:00,87.769
2026-03-23 11:45:00,2026-03-23 11:45:00,87.765
2026-03-23 12:00:00,2026-03-23 12:00:00,87.765
2026-03-23 12:15:00,2026-03-23 12:15:00,87.768
2026-03-23 12:30:00,2026-03-23 12:30:00,87.773
2026-03-23 12:45:00,2026-03-23 12:45:00,87.77
2026-03-23 13:00:00,2026-03-23 13:00:00,87.769
2026-03-23 13:15:00,2026-03-23 13:15:00,87.766
2026-03-23 13:30:00,2026-03-23 13:30:00,87.761
2026-03-23 13:45:00,2026-03-23 13:45:00,87.761
2026-03-23 14:00:00,2026-03-23 14:00:00,87.759
2026-03-23 14:15:00,2026-03-23 14:15:00,87.763
2026-03-23 14:30:00,2026-03-23 14:30:00,87.767
2026-03-23 14:45:00,2026-03-23 14:45:00,87.77
2026-03-23 15:00:00,2026-03-23 15:00:00,87.767
2026-03-23 15:15:00,2026-03-23 15:15:00,87.759
2026-03-23 15:30:00,2026-03-23 15:30:00,87.763
2026-03-23 15:45:00,2026-03-23 15:45:00,87.773
2026-03-23 16:00:00,2026-03-23 16:00:00,87.765
2026-03-23 16:15:00,2026-03-23 16:15:00,87.759
2026-03-23 16:30:00,2026-03-23 16:30:00,87.746
2026-03-23 16:45:00,2026-03-23 16:45:00,87.747
2026-03-23 17:00:00,2026-03-23 17:00:00,87.758
2026-03-23 17:15:00,2026-03-23 17:15:00,87.765
2026-03-23 17:30:00,2026-03-23 17:30:00,87.767
2026-03-23 17:45:00,2026-03-23 17:45:00,87.756
2026-03-23 18:00:00,2026-03-23 18:00:00,87.755
2026-03-23 18:15:00,2026-03-23 18:15:00,87.75
2026-03-23 18:30:00,2026-03-23 18:30:00,87.75
2026-03-23 18:45:00,2026-03-23 18:45:00,87.76
2026-03-23 19:00:00,2026-03-23 19:00:00,87.761
2026-03-23 19:15:00,2026-03-23 19:15:00,87.75
2026-03-23 19:30:00,2026-03-23 19:30:00,87.755
2026-03-23 19:45:00,2026-03-23 19:45:00,87.756
2026-03-23 20:00:00,2026-03-23 20:00:00,87.759
2026-03-23 20:15:00,2026-03-23 20:15:00,87.759
2026-03-23 20:30:00,2026-03-23 20:30:00,87.765
2026-03-23 20:45:00,2026-03-23 20:45:00,87.766
2026-03-23 21:00:00,2026-03-23 21:00:00,87.761
2026-03-23 21:15:00,2026-03-23 21:15:00,87.76
2026-03-23 21:30:00,2026-03-23 21:30:00,87.764
2026-03-23 21:45:00,2026-03-23 21:45:00,87.762
2026-03-23 22:00:00,2026-03-23 22:00:00,87.761
2026-03-23 22:15:00,2026-03-23 22:15:00,87.767
2026-03-23 22:30:00,2026-03-23 22:30:00,87.764
2026-03-23 22:45:00,2026-03-23 22:45:00,87.762
2026-03-23 23:00:00,2026-03-23 23:00:00,87.758
2026-03-23 23:15:00,2026-03-23 23:15:00,87.764
2026-03-23 23:30:00,2026-03-23 23:30:00,87.766
2026-03-23 23:45:00,2026-03-23 23:45:00,87.761
2026-03-24 00:00:00,2026-03-24 00:00:00,87.757
2026-03-24 00:15:00,2026-03-24 00:15:00,87.755
2026-03-24 00:30:00,2026-03-24 00:30:00,87.754
2026-03-24 00:45:00,2026-03-24 00:45:00,87.764
2026-03-24 01:00:00,2026-03-24 01:00:00,87.764
2026-03-24 01:15:00,2026-03-24 01:15:00,87.758
2026-03-24 01:30:00,2026-03-24 01:30:00,87.754
2026-03-24 01:45:00,2026-03-24 01:45:00,87.754
2026-03-24 02:00:00,2026-03-24 02:00:00,87.761
2026-03-24 02:15:00,2026-03-24 02:15:00,87.761
2026-03-24 02:30:00,2026-03-24 02:30:00,87.76
2026-03-24 02:45:00,2026-03-24 02:45:00,87.764
2026-03-24 03:00:00,2026-03-24 03:00:00,87.765
2026-03-24 03:15:00,2026-03-24 03:15:00,87.759
2026-03-24 03:30:00,2026-03-24 03:30:00,87.754
2026-03-24 03:45:00,2026-03-24 03:45:00,87.762
2026-03-24 04:00:00,2026-03-24 04:00:00,87.762
2026-03-24 04:15:00,2026-03-24 04:15:00,87.765
2026-03-24 04:30:00,2026-03-24 04:30:00,87.763
2026-03-24 04:45:00,2026-03-24 04:45:00,87.76
2026-03-24 05:00:00,2026-03-24 05:00:00,87.754
2026-03-24 05:15:00,2026-03-24 05:15:00,87.748
2026-03-24 05:30:00,2026-03-24 05:30:00,87.759
2026-03-24 05:45:00,2026-03-24 05:45:00,87.762
2026-03-24 06:00:00,2026-03-24 06:00:00,87.76
2026-03-24 06:15:00,2026-03-24 06:15:00,87.756
2026-03-24 06:30:00,2026-03-24 06:30:00,87.757
2026-03-24 06:45:00,2026-03-24 06:45:00,87.753
2026-03-24 07:00:00,2026-03-24 07:00:00,87.753
2026-03-24 07:15:00,2026-03-24 07:15:00,87.767
2026-03-24 07:30:00,2026-03-24 07:30:00,87.768
2026-03-24 07:45:00,2026-03-24 07:45:00,87.754
2026-03-24 08:00:00,2026-03-24 08:00:00,87.75
2026-03-24 08:15:00,2026-03-24 08:15:00,87.763
2026-03-24 08:30:00,2026-03-24 08:30:00,87.757
2026-03-24 08:45:00,2026-03-24 08:45:00,87.752
2026-03-24 09:00:00,2026-03-24 09:00:00,87.753
2026-03-24 09:15:00,2026-03-24 09:15:00,87.738
2026-03-24 09:30:00,2026-03-24 09:30:00,87.744
2026-03-24 09:45:00,2026-03-24 09:45:00,87.742
2026-03-24 10:00:00,2026-03-24 10:00:00,87.744
2026-03-24 10:15:00,2026-03-24 10:15:00,87.734
2026-03-24 10:30:00,2026-03-24 10:30:00,87.732
2026-03-24 10:45:00,2026-03-24 10:45:00,87.734
2026-03-24 11:00:00,2026-03-24 11:00:00,87.733
2026-03-24 11:15:00,2026-03-24 11:15:00,87.73
2026-03-24 11:30:00,2026-03-24 11:30:00,87.736
2026-03-24 11:45:00,2026-03-24 11:45:00,87.731
2026-03-24 12:00:00,2026-03-24 12:00:00,87.726
2026-03-24 12:15:00,2026-03-24 12:15:00,87.722
2026-03-24 12:30:00,2026-03-24 12:30:00,87.715
2026-03-24 12:45:00,2026-03-24 12:45:00,87.719
2026-03-24 13:00:00,2026-03-24 13:00:00,87.72
2026-03-24 13:15:00,2026-03-24 13:15:00,87.72
2026-03-24 13:30:00,2026-03-24 13:30:00,87.716
2026-03-24 13:45:00,2026-03-24 13:45:00,87.726
2026-03-24 14:00:00,2026-03-24 14:00:00,87.725
2026-03-24 14:15:00,2026-03-24 14:15:00,87.701
2026-03-24 14:30:00,2026-03-24 14:30:00,87.709
2026-03-24 14:45:00,2026-03-24 14:45:00,87.724
2026-03-24 15:00:00,2026-03-24 15:00:00,87.728
2026-03-24 15:15:00,2026-03-24 15:15:00,87.719
2026-03-24 15:30:00,2026-03-24 15:30:00,87.719
2026-03-24 15:45:00,2026-03-24 15:45:00,87.717
2026-03-24 16:00:00,2026-03-24 16:00:00,87.715
2026-03-24 16:15:00,2026-03-24 16:15:00,87.721
2026-03-24 16:30:00,2026-03-24 16:30:00,87.715
2026-03-24 16:45:00,2026-03-24 16:45:00,87.711
2026-03-24 17:00:00,2026-03-24 17:00:00,87.709
2026-03-24 17:15:00,2026-03-24 17:15:00,87.711
2026-03-24 17:30:00,2026-03-24 17:30:00,87.71
2026-03-24 17:45:00,2026-03-24 17:45:00,87.706
2026-03-24 18:00:00,2026-03-24 18:00:00,87.71
2026-03-24 18:15:00,2026-03-24 18:15:00,87.72
2026-03-24 18:30:00,2026-03-24 18:30:00,87.72
2026-03-24 18:45:00,2026-03-24 18:45:00,87.711
2026-03-24 19:00:00,2026-03-24 19:00:00,87.712
2026-03-24 19:15:00,2026-03-24 19:15:00,87.708
2026-03-24 19:30:00,2026-03-24 19:30:00,87.715
2026-03-24 19:45:00,2026-03-24 19:45:00,87.709
2026-03-24 20:00:00,2026-03-24 20:00:00,87.709
2026-03-24 20:15:00,2026-03-24 20:15:00,87.714
2026-03-24 20:30:00,2026-03-24 20:30:00,87.716
2026-03-24 20:45:00,2026-03-24 20:45:00,87.717
2026-03-24 21:00:00,2026-03-24 21:00:00,87.719
2026-03-24 21:15:00,2026-03-24 21:15:00,87.717
2026-03-24 21:30:00,2026-03-24 21:30:00,87.718
2026-03-24 21:45:00,2026-03-24 21:45:00,87.71
2026-03-24 22:00:00,2026-03-24 22:00:00,87.713
2026-03-24 22:15:00,2026-03-24 22:15:00,87.716
2026-03-24 22:30:00,2026-03-24 22:30:00,87.716
2026-03-24 22:45:00,2026-03-24 22:45:00,87.711
2026-03-24 23:00:00,2026-03-24 23:00:00,87.708
2026-03-24 23:15:00,2026-03-24 23:15:00,87.709
2026-03-24 23:30:00,2026-03-24 23:30:00,87.708
2026-03-24 23:45:00,2026-03-24 23:45:00,87.713
2026-03-25 00:00:00,2026-03-25 00:00:00,87.715
2026-03-25 00:15:00,2026-03-25 00:15:00,87.706
2026-03-25 00:30:00,2026-03-25 00:30:00,87.707
2026-03-25 00:45:00,2026-03-25 00:45:00,87.713
2026-03-25 01:00:00,2026-03-25 01:00:00,87.709
2026-03-25 01:15:00,2026-03-25 01:15:00,87.713
2026-03-25 01:30:00,2026-03-25 01:30:00,87.716
2026-03-25 01:45:00,2026-03-25 01:45:00,87.7
2026-03-25 02:00:00,2026-03-25 02:00:00,87.7
2026-03-25 02:15:00,2026-03-25 02:15:00,87.71
2026-03-25 02:30:00,2026-03-25 02:30:00,87.706
2026-03-25 02:45:00,2026-03-25 02:45:00,87.712
2026-03-25 03:00:00,2026-03-25 03:00:00,87.713
2026-03-25 03:15:00,2026-03-25 03:15:00,87.712
2026-03-25 03:30:00,2026-03-25 03:30:00,87.706
2026-03-25 03:45:00,2026-03-25 03:45:00,87.711
2026-03-25 04:00:00,2026-03-25 04:00:00,87.705
2026-03-25 04:15:00,2026-03-25 04:15:00,87.712
2026-03-25 04:30:00,2026-03-25 04:30:00,87.71
2026-03-25 04:45:00,2026-03-25 04:45:00,87.706
2026-03-25 05:00:00,2026-03-25 05:00:00,87.705
2026-03-25 05:15:00,2026-03-25 05:15:00,87.705
2026-03-25 05:30:00,2026-03-25 05:30:00,87.704
2026-03-25 05:45:00,2026-03-25 05:45:00,87.694
2026-03-25 06:00:00,2026-03-25 06:00:00,87.696
2026-03-25 06:15:00,2026-03-25 06:15:00,87.697
2026-03-25 06:30:00,2026-03-25 06:30:00,87.699
2026-03-25 06:45:00,2026-03-25 06:45:00,87.702
2026-03-25 07:00:00,2026-03-25 07:00:00,87.706
2026-03-25 07:15:00,2026-03-25 07:15:00,87.713
2026-03-25 07:30:00,2026-03-25 07:30:00,87.707
2026-03-25 07:45:00,2026-03-25 07:45:00,87.703
2026-03-25 08:00:00,2026-03-25 08:00:00,87.69
2026-03-25 08:15:00,2026-03-25 08:15:00,87.692
2026-03-25 08:30:00,2026-03-25 08:30:00,87.686
2026-03-25 08:45:00,2026-03-25 08:45:00,87.696
2026-03-25 09:00:00,2026-03-25 09:00:00,87.693
2026-03-25 09:15:00,2026-03-25 09:15:00,87.695
2026-03-25 09:30:00,2026-03-25 09:30:00,87.699
2026-03-25 09:45:00,2026-03-25 09:45:00,87.699
2026-03-25 10:00:00,2026-03-25 10:00:00,87.695
2026-03-25 10:15:00,2026-03-25 10:15:00,87.682
2026-03-25 10:30:00,2026-03-25 10:30:00,87.688
2026-03-25 10:45:00,2026-03-25 10:45:00,87.669
2026-03-25 11:00:00,2026-03-25 11:00:00,87.679
2026-03-25 11:15:00,2026-03-25 11:15:00,87.686
2026-03-25 11:30:00,2026-03-25 11:30:00,87.689
2026-03-25 11:45:00,2026-03-25 11:45:00,87.676
2026-03-25 12:00:00,2026-03-25 12:00:00,87.678
2026-03-25 12:15:00,2026-03-25 12:15:00,87.677
2026-03-25 12:30:00,2026-03-25 12:30:00,87.665
2026-03-25 12:45:00,2026-03-25 12:45:00,87.681
2026-03-25 13:00:00,2026-03-25 13:00:00,87.681
2026-03-25 13:15:00,2026-03-25 13:15:00,87.682
2026-03-25 13:30:00,2026-03-25 13:30:00,87.679
2026-03-25 13:45:00,2026-03-25 13:45:00,87.671
2026-03-25 14:00:00,2026-03-25 14:00:00,87.669
2026-03-25 14:15:00,2026-03-25 14:15:00,87.662
2026-03-25 14:30:00,2026-03-25 14:30:00,87.667
2026-03-25 14:45:00,2026-03-25 14:45:00,87.669
2026-03-25 15:00:00,2026-03-25 15:00:00,87.673
2026-03-25 15:15:00,2026-03-25 15:15:00,87.673
2026-03-25 15:30:00,2026-03-25 15:30:00,87.674
2026-03-25 15:45:00,2026-03-25 15:45:00,87.662
2026-03-25 16:00:00,2026-03-25 16:00:00,87.658
2026-03-25 16:15:00,2026-03-25 16:15:00,87.666
2026-03-25 16:30:00,2026-03-25 16:30:00,87.654
2026-03-25 16:45:00,2026-03-25 16:45:00,87.652
2026-03-25 17:00:00,2026-03-25 17:00:00,87.66
2026-03-25 17:15:00,2026-03-25 17:15:00,87.663
2026-03-25 17:30:00,2026-03-25 17:30:00,87.671
2026-03-25 17:45:00,2026-03-25 17:45:00,87.654
2026-03-25 18:00:00,2026-03-25 18:00:00,87.659
2026-03-25 18:15:00,2026-03-25 18:15:00,87.66
2026-03-25 18:30:00,2026-03-25 18:30:00,87.662
2026-03-25 18:45:00,2026-03-25 18:45:00,87.656
2026-03-25 19:00:00,2026-03-25 19:00:00,87.658
2026-03-25 19:15:00,2026-03-25 19:15:00,87.661
2026-03-25 19:30:00,2026-03-25 19:30:00,87.665
2026-03-25 19:45:00,2026-03-25 19:45:00,87.667
2026-03-25 20:00:00,2026-03-25 20:00:00,87.668
2026-03-25 20:15:00,2026-03-25 20:15:00,87.656
2026-03-25 20:30:00,2026-03-25 20:30:00,87.655
2026-03-25 20:45:00,2026-03-25 20:45:00,87.659
2026-03-25 21:00:00,2026-03-25 21:00:00,87.661
2026-03-25 21:15:00,2026-03-25 21:15:00,87.655
2026-03-25 21:30:00,2026-03-25 21:30:00,87.662
2026-03-25 21:45:00,2026-03-25 21:45:00,87.666
2026-03-25 22:00:00,2026-03-25 22:00:00,87.666
2026-03-25 22:15:00,2026-03-25 22:15:00,87.662
2026-03-25 22:30:00,2026-03-25 22:30:00,87.657
2026-03-25 22:45:00,2026-03-25 22:45:00,87.663
2026-03-25 23:00:00,2026-03-25 23:00:00,87.665
2026-03-25 23:15:00,2026-03-25 23:15:00,87.663
2026-03-25 23:30:00,2026-03-25 23:30:00,87.661
2026-03-25 23:45:00,2026-03-25 23:45:00,87.658
2026-03-26 00:00:00,2026-03-26 00:00:00,87.657
2026-03-26 00:15:00,2026-03-26 00:15:00,87.662
2026-03-26 00:30:00,2026-03-26 00:30:00,87.656
2026-03-26 00:45:00,2026-03-26 00:45:00,87.662
2026-03-26 01:00:00,2026-03-26 01:00:00,87.662
2026-03-26 01:15:00,2026-03-26 01:15:00,87.662
2026-03-26 01:30:00,2026-03-26 01:30:00,87.654
2026-03-26 01:45:00,2026-03-26 01:45:00,87.659
2026-03-26 02:00:00,2026-03-26 02:00:00,87.655
2026-03-26 02:15:00,2026-03-26 02:15:00,87.657
2026-03-26 02:30:00,2026-03-26 02:30:00,87.657
2026-03-26 02:45:00,2026-03-26 02:45:00,87.663
2026-03-26 03:00:00,2026-03-26 03:00:00,87.659
2026-03-26 03:15:00,2026-03-26 03:15:00,87.665
2026-03-26 03:30:00,2026-03-26 03:30:00,87.668
2026-03-26 03:45:00,2026-03-26 03:45:00,87.662
2026-03-26 04:00:00,2026-03-26 04:00:00,87.659
2026-03-26 04:15:00,2026-03-26 04:15:00,87.657
2026-03-26 04:30:00,2026-03-26 04:30:00,87.659
2026-03-26 04:45:00,2026-03-26 04:45:00,87.66
2026-03-26 05:00:00,2026-03-26 05:00:00,87.656
2026-03-26 05:15:00,2026-03-26 05:15:00,87.664
2026-03-26 05:30:00,2026-03-26 05:30:00,87.664
2026-03-26 05:45:00,2026-03-26 05:45:00,87.66
2026-03-26 06:00:00,2026-03-26 06:00:00,87.659
2026-03-26 06:15:00,2026-03-26 06:15:00,87.65
2026-03-26 06:30:00,2026-03-26 06:30:00,87.639
2026-03-26 06:45:00,2026-03-26 06:45:00,87.648
2026-03-26 07:00:00,2026-03-26 07:00:00,87.652
2026-03-26 07:15:00,2026-03-26 07:15:00,87.648
2026-03-26 07:30:00,2026-03-26 07:30:00,87.647
2026-03-26 07:45:00,2026-03-26 07:45:00,87.647
2026-03-26 08:00:00,2026-03-26 08:00:00,87.647
2026-03-26 08:15:00,2026-03-26 08:15:00,87.637
2026-03-26 08:30:00,2026-03-26 08:30:00,87.638
2026-03-26 08:45:00,2026-03-26 08:45:00,87.638
2026-03-26 09:00:00,2026-03-26 09:00:00,87.643
2026-03-26 09:15:00,2026-03-26 09:15:00,87.644
2026-03-26 09:30:00,2026-03-26 09:30:00,87.638
2026-03-26 09:45:00,2026-03-26 09:45:00,87.641
2026-03-26 10:00:00,2026-03-26 10:00:00,87.636
2026-03-26 10:15:00,2026-03-26 10:15:00,87.633
2026-03-26 10:30:00,2026-03-26 10:30:00,87.633
2026-03-26 10:45:00,2026-03-26 10:45:00,87.626
2026-03-26 11:00:00,2026-03-26 11:00:00,87.625
2026-03-26 11:15:00,2026-03-26 11:15:00,87.625
2026-03-26 11:30:00,2026-03-26 11:30:00,87.631
2026-03-26 11:45:00,2026-03-26 11:45:00,87.631
2026-03-26 12:00:00,2026-03-26 12:00:00,87.629
2026-03-26 12:15:00,2026-03-26 12:15:00,87.618
2026-03-26 12:30:00,2026-03-26 12:30:00,87.615
2026-03-26 12:45:00,2026-03-26 12:45:00,87.618
2026-03-26 13:00:00,2026-03-26 13:00:00,87.618
2026-03-26 13:15:00,2026-03-26 13:15:00,87.607
2026-03-26 13:30:00,2026-03-26 13:30:00,87.611
2026-03-26 13:45:00,2026-03-26 13:45:00,87.622
2026-03-26 14:00:00,2026-03-26 14:00:00,87.62
2026-03-26 14:15:00,2026-03-26 14:15:00,87.617
2026-03-26 14:30:00,2026-03-26 14:30:00,87.615
2026-03-26 14:45:00,2026-03-26 14:45:00,87.612
2026-03-26 15:00:00,2026-03-26 15:00:00,87.608
2026-03-26 15:15:00,2026-03-26 15:15:00,87.599
2026-03-26 15:30:00,2026-03-26 15:30:00,87.597
2026-03-26 15:45:00,2026-03-26 15:45:00,87.617
2026-03-26 16:00:00,2026-03-26 16:00:00,87.614
2026-03-26 16:15:00,2026-03-26 16:15:00,87.609
2026-03-26 16:30:00,2026-03-26 16:30:00,87.607
2026-03-26 16:45:00,2026-03-26 16:45:00,87.608
2026-03-26 17:00:00,2026-03-26 17:00:00,87.608
2026-03-26 17:15:00,2026-03-26 17:15:00,87.611
2026-03-26 17:30:00,2026-03-26 17:30:00,87.61
2026-03-26 17:45:00,2026-03-26 17:45:00,87.605
2026-03-26 18:00:00,2026-03-26 18:00:00,87.61
2026-03-26 18:15:00,2026-03-26 18:15:00,87.598
2026-03-26 18:30:00,2026-03-26 18:30:00,87.599
2026-03-26 18:45:00,2026-03-26 18:45:00,87.602
2026-03-26 19:00:00,2026-03-26 19:00:00,87.603
2026-03-26 19:15:00,2026-03-26 19:15:00,87.61
2026-03-26 19:30:00,2026-03-26 19:30:00,87.617
2026-03-26 19:45:00,2026-03-26 19:45:00,87.616
2026-03-26 20:00:00,2026-03-26 20:00:00,87.613
2026-03-26 20:15:00,2026-03-26 20:15:00,87.607
2026-03-26 20:30:00,2026-03-26 20:30:00,87.601
2026-03-26 20:45:00,2026-03-26 20:45:00,87.605
2026-03-26 21:00:00,2026-03-26 21:00:00,87.602
2026-03-26 21:15:00,2026-03-26 21:15:00,87.615
2026-03-26 21:30:00,2026-03-26 21:30:00,87.615
2026-03-26 21:45:00,2026-03-26 21:45:00,87.606
2026-03-26 22:00:00,2026-03-26 22:00:00,87.603
2026-03-26 22:15:00,2026-03-26 22:15:00,87.61
2026-03-26 22:30:00,2026-03-26 22:30:00,87.605
2026-03-26 22:45:00,2026-03-26 22:45:00,87.601
2026-03-26 23:00:00,2026-03-26 23:00:00,87.604
2026-03-26 23:15:00,2026-03-26 23:15:00,87.609
2026-03-26 23:30:00,2026-03-26 23:30:00,87.604
2026-03-26 23:45:00,2026-03-26 23:45:00,87.602
2026-03-27 00:00:00,2026-03-27 00:00:00,87.604
2026-03-27 00:15:00,2026-03-27 00:15:00,87.605
2026-03-27 00:30:00,2026-03-27 00:30:00,87.606
2026-03-27 00:45:00,2026-03-27 00:45:00,87.605
2026-03-27 01:00:00,2026-03-27 01:00:00,87.61
2026-03-27 01:15:00,2026-03-27 01:15:00,87.602
2026-03-27 01:30:00,2026-03-27 01:30:00,87.606
2026-03-27 01:45:00,2026-03-27 01:45:00,87.613
2026-03-27 02:00:00,2026-03-27 02:00:00,87.615
2026-03-27 02:15:00,2026-03-27 02:15:00,87.607
2026-03-27 02:30:00,2026-03-27 02:30:00,87.603
2026-03-27 02:45:00,2026-03-27 02:45:00,87.602
2026-03-27 03:00:00,2026-03-27 03:00:00,87.601
2026-03-27 03:15:00,2026-03-27 03:15:00,87.6
2026-03-27 03:30:00,2026-03-27 03:30:00,87.611
2026-03-27 03:45:00,2026-03-27 03:45:00,87.606
2026-03-27 04:00:00,2026-03-27 04:00:00,87.599
2026-03-27 04:15:00,2026-03-27 04:15:00,87.605
2026-03-27 04:30:00,2026-03-27 04:30:00,87.603
2026-03-27 04:45:00,2026-03-27 04:45:00,87.601
2026-03-27 05:00:00,2026-03-27 05:00:00,87.602
2026-03-27 05:15:00,2026-03-27 05:15:00,87.606
2026-03-27 05:30:00,2026-03-27 05:30:00,87.61
2026-03-27 05:45:00,2026-03-27 05:45:00,87.608
2026-03-27 06:00:00,2026-03-27 06:00:00,87.604
2026-03-27 06:15:00,2026-03-27 06:15:00,87.601
2026-03-27 06:30:00,2026-03-27 06:30:00,87.594
2026-03-27 06:45:00,2026-03-27 06:45:00,87.595
2026-03-27 07:00:00,2026-03-27 07:00:00,87.592
2026-03-27 07:15:00,2026-03-27 07:15:00,87.596
2026-03-27 07:30:00,2026-03-27 07:30:00,87.595
2026-03-27 07:45:00,2026-03-27 07:45:00,87.598
2026-03-27 08:00:00,2026-03-27 08:00:00,87.59
2026-03-27 08:15:00,2026-03-27 08:15:00,87.584
2026-03-27 08:30:00,2026-03-27 08:30:00,87.585
2026-03-27 08:45:00,2026-03-27 08:45:00,87.589
2026-03-27 09:00:00,2026-03-27 09:00:00,87.598
2026-03-27 09:15:00,2026-03-27 09:15:00,87.591
2026-03-27 09:30:00,2026-03-27 09:30:00,87.594
2026-03-27 09:45:00,2026-03-27 09:45:00,87.584
2026-03-27 10:00:00,2026-03-27 10:00:00,87.584
2026-03-27 10:15:00,2026-03-27 10:15:00,87.582
2026-03-27 10:30:00,2026-03-27 10:30:00,87.581
2026-03-27 10:45:00,2026-03-27 10:45:00,87.574
2026-03-27 11:00:00,2026-03-27 11:00:00,87.571
2026-03-27 11:15:00,2026-03-27 11:15:00,87.584
2026-03-27 11:30:00,2026-03-27 11:30:00,87.579
2026-03-27 11:45:00,2026-03-27 11:45:00,87.565
2026-03-27 12:00:00,2026-03-27 12:00:00,87.553
2026-03-27 12:15:00,2026-03-27 12:15:00,87.543
2026-03-27 12:30:00,2026-03-27 12:30:00,87.541
2026-03-27 12:45:00,2026-03-27 12:45:00,87.549
2026-03-27 13:00:00,2026-03-27 13:00:00,87.556
2026-03-27 13:15:00,2026-03-27 13:15:00,87.545
2026-03-27 13:30:00,2026-03-27 13:30:00,87.554
2026-03-27 13:45:00,2026-03-27 13:45:00,87.554
2026-03-27 14:00:00,2026-03-27 14:00:00,87.558
2026-03-27 14:15:00,2026-03-27 14:15:00,87.559
2026-03-27 14:30:00,2026-03-27 14:30:00,87.555
2026-03-27 14:45:00,2026-03-27 14:45:00,87.543
2026-03-27 15:00:00,2026-03-27 15:00:00,87.54
2026-03-27 15:15:00,2026-03-27 15:15:00,87.546
2026-03-27 15:30:00,2026-03-27 15:30:00,87.544
2026-03-27 15:45:00,2026-03-27 15:45:00,87.54
2026-03-27 16:00:00,2026-03-27 16:00:00,87.544
2026-03-27 16:15:00,2026-03-27 16:15:00,87.549
2026-03-27 16:30:00,2026-03-27 16:30:00,87.549
2026-03-27 16:45:00,2026-03-27 16:45:00,87.543
2026-03-27 17:00:00,2026-03-27 17:00:00,87.539
2026-03-27 17:15:00,2026-03-27 17:15:00,87.545
2026-03-27 17:30:00,2026-03-27 17:30:00,87.545
2026-03-27 17:45:00,2026-03-27 17:45:00,87.541
2026-03-27 18:00:00,2026-03-27 18:00:00,87.539
2026-03-27 18:15:00,2026-03-27 18:15:00,87.53
2026-03-27 18:30:00,2026-03-27 18:30:00,87.537
2026-03-27 18:45:00,2026-03-27 18:45:00,87.539
2026-03-27 19:00:00,2026-03-27 19:00:00,87.536
2026-03-27 19:15:00,2026-03-27 19:15:00,87.545
2026-03-27 19:30:00,2026-03-27 19:30:00,87.548
2026-03-27 19:45:00,2026-03-27 19:45:00,87.546
2026-03-27 20:00:00,2026-03-27 20:00:00,87.545
2026-03-27 20:15:00,2026-03-27 20:15:00,87.543
2026-03-27 20:30:00,2026-03-27 20:30:00,87.543
2026-03-27 20:45:00,2026-03-27 20:45:00,87.545
2026-03-27 21:00:00,2026-03-27 21:00:00,87.545
2026-03-27 21:15:00,2026-03-27 21:15:00,87.55
2026-03-27 21:30:00,2026-03-27 21:30:00,87.548
2026-03-27 21:45:00,2026-03-27 21:45:00,87.547
2026-03-27 22:00:00,2026-03-27 22:00:00,87.549
2026-03-27 22:15:00,2026-03-27 22:15:00,87.546
2026-03-27 22:30:00,2026-03-27 22:30:00,87.548
2026-03-27 22:45:00,2026-03-27 22:45:00,87.544
2026-03-27 23:00:00,2026-03-27 23:00:00,87.539
2026-03-27 23:15:00,2026-03-27 23:15:00,87.536
2026-03-27 23:30:00,2026-03-27 23:30:00,87.538
2026-03-27 23:45:00,2026-03-27 23:45:00,87.536
2026-03-28 00:00:00,2026-03-28 00:00:00,87.542
2026-03-28 00:15:00,2026-03-28 00:15:00,87.54
2026-03-28 00:30:00,2026-03-28 00:30:00,87.535
2026-03-28 00:45:00,2026-03-28 00:45:00,87.539
2026-03-28 01:00:00,2026-03-28 01:00:00,87.538
2026-03-28 01:15:00,2026-03-28 01:15:00,87.539
2026-03-28 01:30:00,2026-03-28 01:30:00,87.545
2026-03-28 01:45:00,2026-03-28 01:45:00,87.54
2026-03-28 02:00:00,2026-03-28 02:00:00,87.541
2026-03-28 02:15:00,2026-03-28 02:15:00,87.532
2026-03-28 02:30:00,2026-03-28 02:30:00,87.531
2026-03-28 02:45:00,2026-03-28 02:45:00,87.539
2026-03-28 03:00:00,2026-03-28 03:00:00,87.544
2026-03-28 03:15:00,2026-03-28 03:15:00,87.545
2026-03-28 03:30:00,2026-03-28 03:30:00,87.546
2026-03-28 03:45:00,2026-03-28 03:45:00,87.544
2026-03-28 04:00:00,2026-03-28 04:00:00,87.541
2026-03-28 04:15:00,2026-03-28 04:15:00,87.537
2026-03-28 04:30:00,2026-03-28 04:30:00,87.538
2026-03-28 04:45:00,2026-03-28 04:45:00,87.537
2026-03-28 05:00:00,2026-03-28 05:00:00,87.539
2026-03-28 05:15:00,2026-03-28 05:15:00,87.542
2026-03-28 05:30:00,2026-03-28 05:30:00,87.541
2026-03-28 05:45:00,2026-03-28 05:45:00,87.541
2026-03-28 06:00:00,2026-03-28 06:00:00,87.542
2026-03-28 06:15:00,2026-03-28 06:15:00,87.526
2026-03-28 06:30:00,2026-03-28 06:30:00,87.523
2026-03-28 06:45:00,2026-03-28 06:45:00,87.53
2026-03-28 07:00:00,2026-03-28 07:00:00,87.534
2026-03-28 07:15:00,2026-03-28 07:15:00,87.535
2026-03-28 07:30:00,2026-03-28 07:30:00,87.533
2026-03-28 07:45:00,2026-03-28 07:45:00,87.532
2026-03-28 08:00:00,2026-03-28 08:00:00,87.527
2026-03-28 08:15:00,2026-03-28 08:15:00,87.521
2026-03-28 08:30:00,2026-03-28 08:30:00,87.528
2026-03-28 08:45:00,2026-03-28 08:45:00,87.526
2026-03-28 09:00:00,2026-03-28 09:00:00,87.528
2026-03-28 09:15:00,2026-03-28 09:15:00,87.536
2026-03-28 09:30:00,2026-03-28 09:30:00,87.532
2026-03-28 09:45:00,2026-03-28 09:45:00,87.511
2026-03-28 10:00:00,2026-03-28 10:00:00,87.509
2026-03-28 10:15:00,2026-03-28 10:15:00,87.511
2026-03-28 10:30:00,2026-03-28 10:30:00,87.512
2026-03-28 10:45:00,2026-03-28 10:45:00,87.518
2026-03-28 11:00:00,2026-03-28 11:00:00,87.518
2026-03-28 11:15:00,2026-03-28 11:15:00,87.51
2026-03-28 11:30:00,2026-03-28 11:30:00,87.508
2026-03-28 11:45:00,2026-03-28 11:45:00,87.505
2026-03-28 12:00:00,2026-03-28 12:00:00,87.498
2026-03-28 12:15:00,2026-03-28 12:15:00,87.503
2026-03-28 12:30:00,2026-03-28 12:30:00,87.501
2026-03-28 12:45:00,2026-03-28 12:45:00,87.505
2026-03-28 13:00:00,2026-03-28 13:00:00,87.509
2026-03-28 13:15:00,2026-03-28 13:15:00,87.508
2026-03-28 13:30:00,2026-03-28 13:30:00,87.508
2026-03-28 13:45:00,2026-03-28 13:45:00,87.506
2026-03-28 14:00:00,2026-03-28 14:00:00,87.509
2026-03-28 14:15:00,2026-03-28 14:15:00,87.501
2026-03-28 14:30:00,2026-03-28 14:30:00,87.502
2026-03-28 14:45:00,2026-03-28 14:45:00,87.49
2026-03-28 15:00:00,2026-03-28 15:00:00,87.488
2026-03-28 15:15:00,2026-03-28 15:15:00,87.496
2026-03-28 15:30:00,2026-03-28 15:30:00,87.493
2026-03-28 15:45:00,2026-03-28 15:45:00,87.486
2026-03-28 16:00:00,2026-03-28 16:00:00,87.486
2026-03-28 16:15:00,2026-03-28 16:15:00,87.482
2026-03-28 16:30:00,2026-03-28 16:30:00,87.484
2026-03-28 16:45:00,2026-03-28 16:45:00,87.491
2026-03-28 17:00:00,2026-03-28 17:00:00,87.493
2026-03-28 17:15:00,2026-03-28 17:15:00,87.495
2026-03-28 17:30:00,2026-03-28 17:30:00,87.498
2026-03-28 17:45:00,2026-03-28 17:45:00,87.493
2026-03-28 18:00:00,2026-03-28 18:00:00,87.492
2026-03-28 18:15:00,2026-03-28 18:15:00,87.495
2026-03-28 18:30:00,2026-03-28 18:30:00,87.495
2026-03-28 18:45:00,2026-03-28 18:45:00,87.489
2026-03-28 19:00:00,2026-03-28 19:00:00,87.484
2026-03-28 19:15:00,2026-03-28 19:15:00,87.486
2026-03-28 19:30:00,2026-03-28 19:30:00,87.488
2026-03-28 19:45:00,2026-03-28 19:45:00,87.493
2026-03-28 20:00:00,2026-03-28 20:00:00,87.496
2026-03-28 20:15:00,2026-03-28 20:15:00,87.488
2026-03-28 20:30:00,2026-03-28 20:30:00,87.481
2026-03-28 20:45:00,2026-03-28 20:45:00,87.485
2026-03-28 21:00:00,2026-03-28 21:00:00,87.479
2026-03-28 21:15:00,2026-03-28 21:15:00,87.489
2026-03-28 21:30:00,2026-03-28 21:30:00,87.489
2026-03-28 21:45:00,2026-03-28 21:45:00,87.491
2026-03-28 22:00:00,2026-03-28 22:00:00,87.492
2026-03-28 22:15:00,2026-03-28 22:15:00,87.488
2026-03-28 22:30:00,2026-03-28 22:30:00,87.491
2026-03-28 22:45:00,2026-03-28 22:45:00,87.487
2026-03-28 23:00:00,2026-03-28 23:00:00,87.488
2026-03-28 23:15:00,2026-03-28 23:15:00,87.49
2026-03-28 23:30:00,2026-03-28 23:30:00,87.491
2026-03-28 23:45:00,2026-03-28 23:45:00,87.491
2026-03-29 00:00:00,2026-03-29 00:00:00,87.49
2026-03-29 00:15:00,2026-03-29 00:15:00,87.486
2026-03-29 00:30:00,2026-03-29 00:30:00,87.487
2026-03-29 00:45:00,2026-03-29 00:45:00,87.484
2026-03-29 01:00:00,2026-03-29 01:00:00,87.488
2026-03-29 01:15:00,2026-03-29 01:15:00,87.49
2026-03-29 01:30:00,2026-03-29 01:30:00,87.482
2026-03-29 01:45:00,2026-03-29 01:45:00,87.48
2026-03-29 02:00:00,2026-03-29 02:00:00,87.477
2026-03-29 02:15:00,2026-03-29 02:15:00,87.477
2026-03-29 02:30:00,2026-03-29 02:30:00,87.479
2026-03-29 02:45:00,2026-03-29 02:45:00,87.495
2026-03-29 03:00:00,2026-03-29 03:00:00,87.493
2026-03-29 03:15:00,2026-03-29 03:15:00,87.496
2026-03-29 03:30:00,2026-03-29 03:30:00,87.498
2026-03-29 03:45:00,2026-03-29 03:45:00,87.494
2026-03-29 04:00:00,2026-03-29 04:00:00,87.498
2026-03-29 04:15:00,2026-03-29 04:15:00,87.5
2026-03-29 04:30:00,2026-03-29 04:30:00,87.493
2026-03-29 04:45:00,2026-03-29 04:45:00,87.495
2026-03-29 05:00:00,2026-03-29 05:00:00,87.494
2026-03-29 05:15:00,2026-03-29 05:15:00,87.487
2026-03-29 05:30:00,2026-03-29 05:30:00,87.491
2026-03-29 05:45:00,2026-03-29 05:45:00,87.488
2026-03-29 06:00:00,2026-03-29 06:00:00,87.491
2026-03-29 06:15:00,2026-03-29 06:15:00,87.492
2026-03-29 06:30:00,2026-03-29 06:30:00,87.493
2026-03-29 06:45:00,2026-03-29 06:45:00,87.488
2026-03-29 07:00:00,2026-03-29 07:00:00,87.486
2026-03-29 07:15:00,2026-03-29 07:15:00,87.481
2026-03-29 07:30:00,2026-03-29 07:30:00,87.48
2026-03-29 07:45:00,2026-03-29 07:45:00,87.48
2026-03-29 08:00:00,2026-03-29 08:00:00,87.479
2026-03-29 08:15:00,2026-03-29 08:15:00,87.482
2026-03-29 08:30:00,2026-03-29 08:30:00,87.487
2026-03-29 08:45:00,2026-03-29 08:45:00,87.482
2026-03-29 09:00:00,2026-03-29 09:00:00,87.473
2026-03-29 09:15:00,2026-03-29 09:15:00,87.468
2026-03-29 09:30:00,2026-03-29 09:30:00,87.473
2026-03-29 09:45:00,2026-03-29 09:45:00,87.468
2026-03-29 10:00:00,2026-03-29 10:00:00,87.466
2026-03-29 10:15:00,2026-03-29 10:15:00,87.47
2026-03-29 10:30:00,2026-03-29 10:30:00,87.474
2026-03-29 10:45:00,2026-03-29 10:45:00,87.462
2026-03-29 11:00:00,2026-03-29 11:00:00,87.461
2026-03-29 11:15:00,2026-03-29 11:15:00,87.45
2026-03-29 11:30:00,2026-03-29 11:30:00,87.459
2026-03-29 11:45:00,2026-03-29 11:45:00,87.452
2026-03-29 12:00:00,2026-03-29 12:00:00,87.459
2026-03-29 12:15:00,2026-03-29 12:15:00,87.456
2026-03-29 12:30:00,2026-03-29 12:30:00,87.457
2026-03-29 12:45:00,2026-03-29 12:45:00,87.446
2026-03-29 13:00:00,2026-03-29 13:00:00,87.444
2026-03-29 13:15:00,2026-03-29 13:15:00,87.443
2026-03-29 13:30:00,2026-03-29 13:30:00,87.447
2026-03-29 13:45:00,2026-03-29 13:45:00,87.453
2026-03-29 14:00:00,2026-03-29 14:00:00,87.449
2026-03-29 14:15:00,2026-03-29 14:15:00,87.448
2026-03-29 14:30:00,2026-03-29 14:30:00,87.45
2026-03-29 14:45:00,2026-03-29 14:45:00,87.451
2026-03-29 15:00:00,2026-03-29 15:00:00,87.444
2026-03-29 15:15:00,2026-03-29 15:15:00,87.443
2026-03-29 15:30:00,2026-03-29 15:30:00,87.442
2026-03-29 15:45:00,2026-03-29 15:45:00,87.44
2026-03-29 16:00:00,2026-03-29 16:00:00,87.449
2026-03-29 16:15:00,2026-03-29 16:15:00,87.441
2026-03-29 16:30:00,2026-03-29 16:30:00,87.441
2026-03-29 16:45:00,2026-03-29 16:45:00,87.446
2026-03-29 17:00:00,2026-03-29 17:00:00,87.446
2026-03-29 17:15:00,2026-03-29 17:15:00,87.441
2026-03-29 17:30:00,2026-03-29 17:30:00,87.435
2026-03-29 17:45:00,2026-03-29 17:45:00,87.435
2026-03-29 18:00:00,2026-03-29 18:00:00,87.439
2026-03-29 18:15:00,2026-03-29 18:15:00,87.438
2026-03-29 18:30:00,2026-03-29 18:30:00,87.44
2026-03-29 18:45:00,2026-03-29 18:45:00,87.434
2026-03-29 19:00:00,2026-03-29 19:00:00,87.432
2026-03-29 19:15:00,2026-03-29 19:15:00,87.438
2026-03-29 19:30:00,2026-03-29 19:30:00,87.444
2026-03-29 19:45:00,2026-03-29 19:45:00,87.444
2026-03-29 20:00:00,2026-03-29 20:00:00,87.444
2026-03-29 20:15:00,2026-03-29 20:15:00,87.434
2026-03-29 20:30:00,2026-03-29 20:30:00,87.437
2026-03-29 20:45:00,2026-03-29 20:45:00,87.447
2026-03-29 21:00:00,2026-03-29 21:00:00,87.444
2026-03-29 21:15:00,2026-03-29 21:15:00,87.44
2026-03-29 21:30:00,2026-03-29 21:30:00,87.441
2026-03-29 21:45:00,2026-03-29 21:45:00,87.452
2026-03-29 22:00:00,2026-03-29 22:00:00,87.448
2026-03-29 22:15:00,2026-03-29 22:15:00,87.444
2026-03-29 22:30:00,2026-03-29 22:30:00,87.442
2026-03-29 22:45:00,2026-03-29 22:45:00,87.438
2026-03-29 23:00:00,2026-03-29 23:00:00,87.438
2026-03-29 23:15:00,2026-03-29 23:15:00,87.431
2026-03-29 23:30:00,2026-03-29 23:30:00,87.433
2026-03-29 23:45:00,2026-03-29 23:45:00,87.44
2026-03-30 00:00:00,2026-03-30 00:00:00,87.434
2026-03-30 00:15:00,2026-03-30 00:15:00,87.443
2026-03-30 00:30:00,2026-03-30 00:30:00,87.44
2026-03-30 00:45:00,2026-03-30 00:45:00,87.435
2026-03-30 01:00:00,2026-03-30 01:00:00,87.433
2026-03-30 01:15:00,2026-03-30 01:15:00,87.436
2026-03-30 01:30:00,2026-03-30 01:30:00,87.434
2026-03-30 01:45:00,2026-03-30 01:45:00,87.429
2026-03-30 02:00:00,2026-03-30 02:00:00,87.432
2026-03-30 02:15:00,2026-03-30 02:15:00,87.44
2026-03-30 02:30:00,2026-03-30 02:30:00,87.442
2026-03-30 02:45:00,2026-03-30 02:45:00,87.44
2026-03-30 03:00:00,2026-03-30 03:00:00,87.438
2026-03-30 03:15:00,2026-03-30 03:15:00,87.437
2026-03-30 03:30:00,2026-03-30 03:30:00,87.435
2026-03-30 03:45:00,2026-03-30 03:45:00,87.434
2026-03-30 04:00:00,2026-03-30 04:00:00,87.436
2026-03-30 04:15:00,2026-03-30 04:15:00,87.433
2026-03-30 04:30:00,2026-03-30 04:30:00,87.434
2026-03-30 04:45:00,2026-03-30 04:45:00,87.44
2026-03-30 05:00:00,2026-03-30 05:00:00,87.439
2026-03-30 05:15:00,2026-03-30 05:15:00,87.423
2026-03-30 05:30:00,2026-03-30 05:30:00,87.428
2026-03-30 05:45:00,2026-03-30 05:45:00,87.436
2026-03-30 06:00:00,2026-03-30 06:00:00,87.426
2026-03-30 06:15:00,2026-03-30 06:15:00,87.425
2026-03-30 06:30:00,2026-03-30 06:30:00,87.437
2026-03-30 06:45:00,2026-03-30 06:45:00,87.428
2026-03-30 07:00:00,2026-03-30 07:00:00,87.419
2026-03-30 07:15:00,2026-03-30 07:15:00,87.429
2026-03-30 07:30:00,2026-03-30 07:30:00,87.423
2026-03-30 07:45:00,2026-03-30 07:45:00,87.424
2026-03-30 08:00:00,2026-03-30 08:00:00,87.423
2026-03-30 08:15:00,2026-03-30 08:15:00,87.417
2026-03-30 08:30:00,2026-03-30 08:30:00,87.425
2026-03-30 08:45:00,2026-03-30 08:45:00,87.423
2026-03-30 09:00:00,2026-03-30 09:00:00,87.419
2026-03-30 09:15:00,2026-03-30 09:15:00,87.409
2026-03-30 09:30:00,2026-03-30 09:30:00,87.415
2026-03-30 09:45:00,2026-03-30 09:45:00,87.411
2026-03-30 10:00:00,2026-03-30 10:00:00,87.414
2026-03-30 10:15:00,2026-03-30 10:15:00,87.41
2026-03-30 10:30:00,2026-03-30 10:30:00,87.405
2026-03-30 10:45:00,2026-03-30 10:45:00,87.399
2026-03-30 11:00:00,2026-03-30 11:00:00,87.402
2026-03-30 11:15:00,2026-03-30 11:15:00,87.411
2026-03-30 11:30:00,2026-03-30 11:30:00,87.413
2026-03-30 11:45:00,2026-03-30 11:45:00,87.407
2026-03-30 12:00:00,2026-03-30 12:00:00,87.406
2026-03-30 12:15:00,2026-03-30 12:15:00,87.382
2026-03-30 12:30:00,2026-03-30 12:30:00,87.374
2026-03-30 12:45:00,2026-03-30 12:45:00,87.383
2026-03-30 13:00:00,2026-03-30 13:00:00,87.389
2026-03-30 13:15:00,2026-03-30 13:15:00,87.391
2026-03-30 13:30:00,2026-03-30 13:30:00,87.385
2026-03-30 13:45:00,2026-03-30 13:45:00,87.38
2026-03-30 14:00:00,2026-03-30 14:00:00,87.376
2026-03-30 14:15:00,2026-03-30 14:15:00,87.387
2026-03-30 14:30:00,2026-03-30 14:30:00,87.383
2026-03-30 14:45:00,2026-03-30 14:45:00,87.376
2026-03-30 15:00:00,2026-03-30 15:00:00,87.371
2026-03-30 15:15:00,2026-03-30 15:15:00,87.386
2026-03-30 15:30:00,2026-03-30 15:30:00,87.381
2026-03-30 15:45:00,2026-03-30 15:45:00,87.376
2026-03-30 16:00:00,2026-03-30 16:00:00,87.379
2026-03-30 16:15:00,2026-03-30 16:15:00,87.38
2026-03-30 16:30:00,2026-03-30 16:30:00,87.374
2026-03-30 16:45:00,2026-03-30 16:45:00,87.37
2026-03-30 17:00:00,2026-03-30 17:00:00,87.373
2026-03-30 17:15:00,2026-03-30 17:15:00,87.375
2026-03-30 17:30:00,2026-03-30 17:30:00,87.379
2026-03-30 17:45:00,2026-03-30 17:45:00,87.374
2026-03-30 18:00:00,2026-03-30 18:00:00,87.374
2026-03-30 18:15:00,2026-03-30 18:15:00,87.377
2026-03-30 18:30:00,2026-03-30 18:30:00,87.379
2026-03-30 18:45:00,2026-03-30 18:45:00,87.374
2026-03-30 19:00:00,2026-03-30 19:00:00,87.372
2026-03-30 19:15:00,2026-03-30 19:15:00,87.381
2026-03-30 19:30:00,2026-03-30 19:30:00,87.384
2026-03-30 19:45:00,2026-03-30 19:45:00,87.389
2026-03-30 20:00:00,2026-03-30 20:00:00,87.391
2026-03-30 20:15:00,2026-03-30 20:15:00,87.383
2026-03-30 20:30:00,2026-03-30 20:30:00,87.381
2026-03-30 20:45:00,2026-03-30 20:45:00,87.378
2026-03-30 21:00:00,2026-03-30 21:00:00,87.379
2026-03-30 21:15:00,2026-03-30 21:15:00,87.381
2026-03-30 21:30:00,2026-03-30 21:30:00,87.385
2026-03-30 21:45:00,2026-03-30 21:45:00,87.389
2026-03-30 22:00:00,2026-03-30 22:00:00,87.388
2026-03-30 22:15:00,2026-03-30 22:15:00,87.381
2026-03-30 22:30:00,2026-03-30 22:30:00,87.379
2026-03-30 22:45:00,2026-03-30 22:45:00,87.372
2026-03-30 23:00:00,2026-03-30 23:00:00,87.373
2026-03-30 23:15:00,2026-03-30 23:15:00,87.377
2026-03-30 23:30:00,2026-03-30 23:30:00,87.383
2026-03-30 23:45:00,2026-03-30 23:45:00,87.383
2026-03-31 00:00:00,2026-03-31 00:00:00,87.38
2026-03-31 00:15:00,2026-03-31 00:15:00,87.38
2026-03-31 00:30:00,2026-03-31 00:30:00,87.38
2026-03-31 00:45:00,2026-03-31 00:45:00,87.38
2026-03-31 01:00:00,2026-03-31 01:00:00,87.38
2026-03-31 01:15:00,2026-03-31 01:15:00,87.374
2026-03-31 01:30:00,2026-03-31 01:30:00,87.373
2026-03-31 01:45:00,2026-03-31 01:45:00,87.379
2026-03-31 02:00:00,2026-03-31 02:00:00,87.375
2026-03-31 02:15:00,2026-03-31 02:15:00,87.376
2026-03-31 02:30:00,2026-03-31 02:30:00,87.381
2026-03-31 02:45:00,2026-03-31 02:45:00,87.373
2026-03-31 03:00:00,2026-03-31 03:00:00,87.37
2026-03-31 03:15:00,2026-03-31 03:15:00,87.369
2026-03-31 03:30:00,2026-03-31 03:30:00,87.374
2026-03-31 03:45:00,2026-03-31 03:45:00,87.373
2026-03-31 04:00:00,2026-03-31 04:00:00,87.374
2026-03-31 04:15:00,2026-03-31 04:15:00,87.378
2026-03-31 04:30:00,2026-03-31 04:30:00,87.372
2026-03-31 04:45:00,2026-03-31 04:45:00,87.371
2026-03-31 05:00:00,2026-03-31 05:00:00,87.372
2026-03-31 05:15:00,2026-03-31 05:15:00,87.375
2026-03-31 05:30:00,2026-03-31 05:30:00,87.371
2026-03-31 05:45:00,2026-03-31 05:45:00,87.366
2026-03-31 06:00:00,2026-03-31 06:00:00,87.367
2026-03-31 06:15:00,2026-03-31 06:15:00,87.378
2026-03-31 06:30:00,2026-03-31 06:30:00,87.383
2026-03-31 06:45:00,2026-03-31 06:45:00,87.37
2026-03-31 07:00:00,2026-03-31 07:00:00,87.368
2026-03-31 07:15:00,2026-03-31 07:15:00,87.359
2026-03-31 07:30:00,2026-03-31 07:30:00,87.358
2026-03-31 07:45:00,2026-03-31 07:45:00,87.365
2026-03-31 08:00:00,2026-03-31 08:00:00,87.366
2026-03-31 08:15:00,2026-03-31 08:15:00,87.366
2026-03-31 08:30:00,2026-03-31 08:30:00,87.366
2026-03-31 08:45:00,2026-03-31 08:45:00,87.366
2026-03-31 09:00:00,2026-03-31 09:00:00,87.362
2026-03-31 09:15:00,2026-03-31 09:15:00,87.368
2026-03-31 09:30:00,2026-03-31 09:30:00,87.373
2026-03-31 09:45:00,2026-03-31 09:45:00,87.339
2026-03-31 10:00:00,2026-03-31 10:00:00,87.341
2026-03-31 10:15:00,2026-03-31 10:15:00,87.355
2026-03-31 10:30:00,2026-03-31 10:30:00,87.352
2026-03-31 10:45:00,2026-03-31 10:45:00,87.348
2026-03-31 11:00:00,2026-03-31 11:00:00,87.356
2026-03-31 11:15:00,2026-03-31 11:15:00,87.342
2026-03-31 11:30:00,2026-03-31 11:30:00,87.335
2026-03-31 11:45:00,2026-03-31 11:45:00,87.346
2026-03-31 12:00:00,2026-03-31 12:00:00,87.343
2026-03-31 12:15:00,2026-03-31 12:15:00,87.333
2026-03-31 12:30:00,2026-03-31 12:30:00,87.338
2026-03-31 12:45:00,2026-03-31 12:45:00,87.338
2026-03-31 13:00:00,2026-03-31 13:00:00,87.332
2026-03-31 13:15:00,2026-03-31 13:15:00,87.334
2026-03-31 13:30:00,2026-03-31 13:30:00,87.337
2026-03-31 13:45:00,2026-03-31 13:45:00,87.317
2026-03-31 14:00:00,2026-03-31 14:00:00,87.312
2026-03-31 14:15:00,2026-03-31 14:15:00,87.333
2026-03-31 14:30:00,2026-03-31 14:30:00,87.348
2026-03-31 14:45:00,2026-03-31 14:45:00,87.331
2026-03-31 15:00:00,2026-03-31 15:00:00,87.327
2026-03-31 15:15:00,2026-03-31 15:15:00,87.327
2026-03-31 15:30:00,2026-03-31 15:30:00,87.33
2026-03-31 15:45:00,2026-03-31 15:45:00,87.321
2026-03-31 16:00:00,2026-03-31 16:00:00,87.318
2026-03-31 16:15:00,2026-03-31 16:15:00,87.327
2026-03-31 16:30:00,2026-03-31 16:30:00,87.328
2026-03-31 16:45:00,2026-03-31 16:45:00,87.318
2026-03-31 17:00:00,2026-03-31 17:00:00,87.317
2026-03-31 17:15:00,2026-03-31 17:15:00,87.316
2026-03-31 17:30:00,2026-03-31 17:30:00,87.32
2026-03-31 17:45:00,2026-03-31 17:45:00,87.324
2026-03-31 18:00:00,2026-03-31 18:00:00,87.32
2026-03-31 18:15:00,2026-03-31 18:15:00,87.318
2026-03-31 18:30:00,2026-03-31 18:30:00,87.321
2026-03-31 18:45:00,2026-03-31 18:45:00,87.318
2026-03-31 19:00:00,2026-03-31 19:00:00,87.32
2026-03-31 19:15:00,2026-03-31 19:15:00,87.324
2026-03-31 19:30:00,2026-03-31 19:30:00,87.32
2026-03-31 19:45:00,2026-03-31 19:45:00,87.318
2026-03-31 20:00:00,2026-03-31 20:00:00,87.316
2026-03-31 20:15:00,2026-03-31 20:15:00,87.32
2026-03-31 20:30:00,2026-03-31 20:30:00,87.328
2026-03-31 20:45:00,2026-03-31 20:45:00,87.332
2026-03-31 21:00:00,2026-03-31 21:00:00,87.324
2026-03-31 21:15:00,2026-03-31 21:15:00,87.329
2026-03-31 21:30:00,2026-03-31 21:30:00,87.329
2026-03-31 21:45:00,2026-03-31 21:45:00,87.323
2026-03-31 22:00:00,2026-03-31 22:00:00,87.323
2026-03-31 22:15:00,2026-03-31 22:15:00,87.326
2026-03-31 22:30:00,2026-03-31 22:30:00,87.321
2026-03-31 22:45:00,2026-03-31 22:45:00,87.324
2026-03-31 23:00:00,2026-03-31 23:00:00,87.324
2026-03-31 23:15:00,2026-03-31 23:15:00,87.32
2026-03-31 23:30:00,2026-03-31 23:30:00,87.315
2026-03-31 23:45:00,2026-03-31 23:45:00,87.327
2026-04-01 00:00:00,2026-04-01 00:00:00,87.325
2026-04-01 00:15:00,2026-04-01 00:15:00,87.32
2026-04-01 00:30:00,2026-04-01 00:30:00,87.319
2026-04-01 00:45:00,2026-04-01 00:45:00,87.322
2026-04-01 01:00:00,2026-04-01 01:00:00,87.322
2026-04-01 01:15:00,2026-04-01 01:15:00,87.324
2026-04-01 01:30:00,2026-04-01 01:30:00,87.322
2026-04-01 01:45:00,2026-04-01 01:45:00,87.321
2026-04-01 02:00:00,2026-04-01 02:00:00,87.317
2026-04-01 02:15:00,2026-04-01 02:15:00,87.317
2026-04-01 02:30:00,2026-04-01 02:30:00,87.322
2026-04-01 02:45:00,2026-04-01 02:45:00,87.32
2026-04-01 03:00:00,2026-04-01 03:00:00,87.32
2026-04-01 03:15:00,2026-04-01 03:15:00,87.326
2026-04-01 03:30:00,2026-04-01 03:30:00,87.328
2026-04-01 03:45:00,2026-04-01 03:45:00,87.324
2026-04-01 04:00:00,2026-04-01 04:00:00,87.323
2026-04-01 04:15:00,2026-04-01 04:15:00,87.308
2026-04-01 04:30:00,2026-04-01 04:30:00,87.305
2026-04-01 04:45:00,2026-04-01 04:45:00,87.317
2026-04-01 05:00:00,2026-04-01 05:00:00,87.323
2026-04-01 05:15:00,2026-04-01 05:15:00,87.316
2026-04-01 05:30:00,2026-04-01 05:30:00,87.317
2026-04-01 05:45:00,2026-04-01 05:45:00,87.321
2026-04-01 06:00:00,2026-04-01 06:00:00,87.312
2026-04-01 06:15:00,2026-04-01 06:15:00,87.305
2026-04-01 06:30:00,2026-04-01 06:30:00,87.304
2026-04-01 06:45:00,2026-04-01 06:45:00,87.309
2026-04-01 07:00:00,2026-04-01 07:00:00,87.307
2026-04-01 07:15:00,2026-04-01 07:15:00,87.319
2026-04-01 07:30:00,2026-04-01 07:30:00,87.315
2026-04-01 07:45:00,2026-04-01 07:45:00,87.303
2026-04-01 08:00:00,2026-04-01 08:00:00,87.304
2026-04-01 08:15:00,2026-04-01 08:15:00,87.305
2026-04-01 08:30:00,2026-04-01 08:30:00,87.301
2026-04-01 08:45:00,2026-04-01 08:45:00,87.312
2026-04-01 09:00:00,2026-04-01 09:00:00,87.314
2026-04-01 09:15:00,2026-04-01 09:15:00,87.302
2026-04-01 09:30:00,2026-04-01 09:30:00,87.296
2026-04-01 09:45:00,2026-04-01 09:45:00,87.291
2026-04-01 10:00:00,2026-04-01 10:00:00,87.295
2026-04-01 10:15:00,2026-04-01 10:15:00,87.299
2026-04-01 10:30:00,2026-04-01 10:30:00,87.297
2026-04-01 10:45:00,2026-04-01 10:45:00,87.29
2026-04-01 11:00:00,2026-04-01 11:00:00,87.293
2026-04-01 11:15:00,2026-04-01 11:15:00,87.283
2026-04-01 11:30:00,2026-04-01 11:30:00,87.289
2026-04-01 11:45:00,2026-04-01 11:45:00,87.287
2026-04-01 12:00:00,2026-04-01 12:00:00,87.285
2026-04-01 12:15:00,2026-04-01 12:15:00,87.284
2026-04-01 12:30:00,2026-04-01 12:30:00,87.278
2026-04-01 12:45:00,2026-04-01 12:45:00,87.278
2026-04-01 13:00:00,2026-04-01 13:00:00,87.262
2026-04-01 13:15:00,2026-04-01 13:15:00,87.269
2026-04-01 13:30:00,2026-04-01 13:30:00,87.27
2026-04-01 13:45:00,2026-04-01 13:45:00,87.278
2026-04-01 14:00:00,2026-04-01 14:00:00,87.275
2026-04-01 14:15:00,2026-04-01 14:15:00,87.273
2026-04-01 14:30:00,2026-04-01 14:30:00,87.277
2026-04-01 14:45:00,2026-04-01 14:45:00,87.273
2026-04-01 15:00:00,2026-04-01 15:00:00,87.268
2026-04-01 15:15:00,2026-04-01 15:15:00,87.281
2026-04-01 15:30:00,2026-04-01 15:30:00,87.286
2026-04-01 15:45:00,2026-04-01 15:45:00,87.276
2026-04-01 16:00:00,2026-04-01 16:00:00,87.28
2026-04-01 16:15:00,2026-04-01 16:15:00,87.276
2026-04-01 16:30:00,2026-04-01 16:30:00,87.273
2026-04-01 16:45:00,2026-04-01 16:45:00,87.28
2026-04-01 17:00:00,2026-04-01 17:00:00,87.28
2026-04-01 17:15:00,2026-04-01 17:15:00,87.264
2026-04-01 17:30:00,2026-04-01 17:30:00,87.265
2026-04-01 17:45:00,2026-04-01 17:45:00,87.272
2026-04-01 18:00:00,2026-04-01 18:00:00,87.268
2026-04-01 18:15:00,2026-04-01 18:15:00,87.271
2026-04-01 18:30:00,2026-04-01 18:30:00,87.271
2026-04-01 18:45:00,2026-04-01 18:45:00,87.266
2026-04-01 19:00:00,2026-04-01 19:00:00,87.264
2026-04-01 19:15:00,2026-04-01 19:15:00,87.261
2026-04-01 19:30:00,2026-04-01 19:30:00,87.258
2026-04-01 19:45:00,2026-04-01 19:45:00,87.269
2026-04-01 20:00:00,2026-04-01 20:00:00,87.272
2026-04-01 20:15:00,2026-04-01 20:15:00,87.272
2026-04-01 20:30:00,2026-04-01 20:30:00,87.269
2026-04-01 20:45:00,2026-04-01 20:45:00,87.264
2026-04-01 21:00:00,2026-04-01 21:00:00,87.264
2026-04-01 21:15:00,2026-04-01 21:15:00,87.268
2026-04-01 21:30:00,2026-04-01 21:30:00,87.268
2026-04-01 21:45:00,2026-04-01 21:45:00,87.274
2026-04-01 22:00:00,2026-04-01 22:00:00,87.27
2026-04-01 22:15:00,2026-04-01 22:15:00,87.275
2026-04-01 22:30:00,2026-04-01 22:30:00,87.273
2026-04-01 22:45:00,2026-04-01 22:45:00,87.269
2026-04-01 23:00:00,2026-04-01 23:00:00,87.268
2026-04-01 23:15:00,2026-04-01 23:15:00,87.269
2026-04-01 23:30:00,2026-04-01 23:30:00,87.267
2026-04-01 23:45:00,2026-04-01 23:45:00,87.265
2026-04-02 00:00:00,2026-04-02 00:00:00,87.267
2026-04-02 00:15:00,2026-04-02 00:15:00,87.272
2026-04-02 00:30:00,2026-04-02 00:30:00,87.272
2026-04-02 00:45:00,2026-04-02 00:45:00,87.272
2026-04-02 01:00:00,2026-04-02 01:00:00,87.268
2026-04-02 01:15:00,2026-04-02 01:15:00,87.268
2026-04-02 01:30:00,2026-04-02 01:30:00,87.267
2026-04-02 01:45:00,2026-04-02 01:45:00,87.265
2026-04-02 02:00:00,2026-04-02 02:00:00,87.262
2026-04-02 02:15:00,2026-04-02 02:15:00,87.268
2026-04-02 02:30:00,2026-04-02 02:30:00,87.269
2026-04-02 02:45:00,2026-04-02 02:45:00,87.265
2026-04-02 03:00:00,2026-04-02 03:00:00,87.261
2026-04-02 03:15:00,2026-04-02 03:15:00,87.265
2026-04-02 03:30:00,2026-04-02 03:30:00,87.271
2026-04-02 03:45:00,2026-04-02 03:45:00,87.27
2026-04-02 04:00:00,2026-04-02 04:00:00,87.27
2026-04-02 04:15:00,2026-04-02 04:15:00,87.271
2026-04-02 04:30:00,2026-04-02 04:30:00,87.275
2026-04-02 04:45:00,2026-04-02 04:45:00,87.262
2026-04-02 05:00:00,2026-04-02 05:00:00,87.261
2026-04-02 05:15:00,2026-04-02 05:15:00,87.268
2026-04-02 05:30:00,2026-04-02 05:30:00,87.269
2026-04-02 05:45:00,2026-04-02 05:45:00,87.262
2026-04-02 06:00:00,2026-04-02 06:00:00,87.265
2026-04-02 06:15:00,2026-04-02 06:15:00,87.262
2026-04-02 06:30:00,2026-04-02 06:30:00,87.261
2026-04-02 06:45:00,2026-04-02 06:45:00,87.257
2026-04-02 07:00:00,2026-04-02 07:00:00,87.261
2026-04-02 07:15:00,2026-04-02 07:15:00,87.24
2026-04-02 07:30:00,2026-04-02 07:30:00,87.243
2026-04-02 07:45:00,2026-04-02 07:45:00,87.254
2026-04-02 08:00:00,2026-04-02 08:00:00,87.257
2026-04-02 08:15:00,2026-04-02 08:15:00,87.255
2026-04-02 08:30:00,2026-04-02 08:30:00,87.252
2026-04-02 08:45:00,2026-04-02 08:45:00,87.244
2026-04-02 09:00:00,2026-04-02 09:00:00,87.237
2026-04-02 09:15:00,2026-04-02 09:15:00,87.244
2026-04-02 09:30:00,2026-04-02 09:30:00,87.249
2026-04-02 09:45:00,2026-04-02 09:45:00,87.243
2026-04-02 10:00:00,2026-04-02 10:00:00,87.237
2026-04-02 10:15:00,2026-04-02 10:15:00,87.246
2026-04-02 10:30:00,2026-04-02 10:30:00,87.234
2026-04-02 10:45:00,2026-04-02 10:45:00,87.233
2026-04-02 11:00:00,2026-04-02 11:00:00,87.233
2026-04-02 11:15:00,2026-04-02 11:15:00,87.236
2026-04-02 11:30:00,2026-04-02 11:30:00,87.244
2026-04-02 11:45:00,2026-04-02 11:45:00,87.246
2026-04-02 12:00:00,2026-04-02 12:00:00,87.245
2026-04-02 12:15:00,2026-04-02 12:15:00,87.227
2026-04-02 12:30:00,2026-04-02 12:30:00,87.228
2026-04-02 12:45:00,2026-04-02 12:45:00,87.231
2026-04-02 13:00:00,2026-04-02 13:00:00,87.229
2026-04-02 13:15:00,2026-04-02 13:15:00,87.23
2026-04-02 13:30:00,2026-04-02 13:30:00,87.23
2026-04-02 13:45:00,2026-04-02 13:45:00,87.227
2026-04-02 14:00:00,2026-04-02 14:00:00,87.227
2026-04-02 14:15:00,2026-04-02 14:15:00,87.232
2026-04-02 14:30:00,2026-04-02 14:30:00,87.234
2026-04-02 14:45:00,2026-04-02 14:45:00,87.234
2026-04-02 15:00:00,2026-04-02 15:00:00,87.231
2026-04-02 15:15:00,2026-04-02 15:15:00,87.214
2026-04-02 15:30:00,2026-04-02 15:30:00,87.206
2026-04-02 15:45:00,2026-04-02 15:45:00,87.212
2026-04-02 16:00:00,2026-04-02 16:00:00,87.213
2026-04-02 16:15:00,2026-04-02 16:15:00,87.214
2026-04-02 16:30:00,2026-04-02 16:30:00,87.221
2026-04-02 16:45:00,2026-04-02 16:45:00,87.221
2026-04-02 17:00:00,2026-04-02 17:00:00,87.22
2026-04-02 17:15:00,2026-04-02 17:15:00,87.216
2026-04-02 17:30:00,2026-04-02 17:30:00,87.211
2026-04-02 17:45:00,2026-04-02 17:45:00,87.214
2026-04-02 18:00:00,2026-04-02 18:00:00,87.208
2026-04-02 18:15:00,2026-04-02 18:15:00,87.206
2026-04-02 18:30:00,2026-04-02 18:30:00,87.21
2026-04-02 18:45:00,2026-04-02 18:45:00,87.213
2026-04-02 19:00:00,2026-04-02 19:00:00,87.211
2026-04-02 19:15:00,2026-04-02 19:15:00,87.218
2026-04-02 19:30:00,2026-04-02 19:30:00,87.227
2026-04-02 19:45:00,2026-04-02 19:45:00,87.205
2026-04-02 20:00:00,2026-04-02 20:00:00,87.206
2026-04-02 20:15:00,2026-04-02 20:15:00,87.211
2026-04-02 20:30:00,2026-04-02 20:30:00,87.215
2026-04-02 20:45:00,2026-04-02 20:45:00,87.214
2026-04-02 21:00:00,2026-04-02 21:00:00,87.214
2026-04-02 21:15:00,2026-04-02 21:15:00,87.211
2026-04-02 21:30:00,2026-04-02 21:30:00,87.209
2026-04-02 21:45:00,2026-04-02 21:45:00,87.214
2026-04-02 22:00:00,2026-04-02 22:00:00,87.214
2026-04-02 22:15:00,2026-04-02 22:15:00,87.213
2026-04-02 22:30:00,2026-04-02 22:30:00,87.213
2026-04-02 22:45:00,2026-04-02 22:45:00,87.219
2026-04-02 23:00:00,2026-04-02 23:00:00,87.214
2026-04-02 23:15:00,2026-04-02 23:15:00,87.211
2026-04-02 23:30:00,2026-04-02 23:30:00,87.215
2026-04-02 23:45:00,2026-04-02 23:45:00,87.214
2026-04-03 00:00:00,2026-04-03 00:00:00,87.209
2026-04-03 00:15:00,2026-04-03 00:15:00,87.21
2026-04-03 00:30:00,2026-04-03 00:30:00,87.219
2026-04-03 00:45:00,2026-04-03 00:45:00,87.215
2026-04-03 01:00:00,2026-04-03 01:00:00,87.209
2026-04-03 01:15:00,2026-04-03 01:15:00,87.213
2026-04-03 01:30:00,2026-04-03 01:30:00,87.205
2026-04-03 01:45:00,2026-04-03 01:45:00,87.213
2026-04-03 02:00:00,2026-04-03 02:00:00,87.214
2026-04-03 02:15:00,2026-04-03 02:15:00,87.212
2026-04-03 02:30:00,2026-04-03 02:30:00,87.21
2026-04-03 02:45:00,2026-04-03 02:45:00,87.222
2026-04-03 03:00:00,2026-04-03 03:00:00,87.222
2026-04-03 03:15:00,2026-04-03 03:15:00,87.212
2026-04-03 03:30:00,2026-04-03 03:30:00,87.215
2026-04-03 03:45:00,2026-04-03 03:45:00,87.213
2026-04-03 04:00:00,2026-04-03 04:00:00,87.213
2026-04-03 04:15:00,2026-04-03 04:15:00,87.209
2026-04-03 04:30:00,2026-04-03 04:30:00,87.208
2026-04-03 04:45:00,2026-04-03 04:45:00,87.205
2026-04-03 05:00:00,2026-04-03 05:00:00,87.212
2026-04-03 05:15:00,2026-04-03 05:15:00,87.219
2026-04-03 05:30:00,2026-04-03 05:30:00,87.207
2026-04-03 05:45:00,2026-04-03 05:45:00,87.197
2026-04-03 06:00:00,2026-04-03 06:00:00,87.192
2026-04-03 06:15:00,2026-04-03 06:15:00,87.204
2026-04-03 06:30:00,2026-04-03 06:30:00,87.202
2026-04-03 06:45:00,2026-04-03 06:45:00,87.218
2026-04-03 07:00:00,2026-04-03 07:00:00,87.219
2026-04-03 07:15:00,2026-04-03 07:15:00,87.203
2026-04-03 07:30:00,2026-04-03 07:30:00,87.203
2026-04-03 07:45:00,2026-04-03 07:45:00,87.193
2026-04-03 08:00:00,2026-04-03 08:00:00,87.189
2026-04-03 08:15:00,2026-04-03 08:15:00,87.201
2026-04-03 08:30:00,2026-04-03 08:30:00,87.197
2026-04-03 08:45:00,2026-04-03 08:45:00,87.204
2026-04-03 09:00:00,2026-04-03 09:00:00,87.206
2026-04-03 09:15:00,2026-04-03 09:15:00,87.2
2026-04-03 09:30:00,2026-04-03 09:30:00,87.189
2026-04-03 09:45:00,2026-04-03 09:45:00,87.2
2026-04-03 10:00:00,2026-04-03 10:00:00,87.197
2026-04-03 10:15:00,2026-04-03 10:15:00,87.184
2026-04-03 10:30:00,2026-04-03 10:30:00,87.189
2026-04-03 10:45:00,2026-04-03 10:45:00,87.187
2026-04-03 11:00:00,2026-04-03 11:00:00,87.188
2026-04-03 11:15:00,2026-04-03 11:15:00,87.191
2026-04-03 11:30:00,2026-04-03 11:30:00,87.195
2026-04-03 11:45:00,2026-04-03 11:45:00,87.188
2026-04-03 12:00:00,2026-04-03 12:00:00,87.182
2026-04-03 12:15:00,2026-04-03 12:15:00,87.17
2026-04-03 12:30:00,2026-04-03 12:30:00,87.156
2026-04-03 12:45:00,2026-04-03 12:45:00,87.17
2026-04-03 13:00:00,2026-04-03 13:00:00,87.177
2026-04-03 13:15:00,2026-04-03 13:15:00,87.176
2026-04-03 13:30:00,2026-04-03 13:30:00,87.171
2026-04-03 13:45:00,2026-04-03 13:45:00,87.168
2026-04-03 14:00:00,2026-04-03 14:00:00,87.175
2026-04-03 14:15:00,2026-04-03 14:15:00,87.176
2026-04-03 14:30:00,2026-04-03 14:30:00,87.177
2026-04-03 14:45:00,2026-04-03 14:45:00,87.171
2026-04-03 15:00:00,2026-04-03 15:00:00,87.172
2026-04-03 15:15:00,2026-04-03 15:15:00,87.166
2026-04-03 15:30:00,2026-04-03 15:30:00,87.167
2026-04-03 15:45:00,2026-04-03 15:45:00,87.183
2026-04-03 16:00:00,2026-04-03 16:00:00,87.184
2026-04-03 16:15:00,2026-04-03 16:15:00,87.17
2026-04-03 16:30:00,2026-04-03 16:30:00,87.163
2026-04-03 16:45:00,2026-04-03 16:45:00,87.167
2026-04-03 17:00:00,2026-04-03 17:00:00,87.164
2026-04-03 17:15:00,2026-04-03 17:15:00,87.164
2026-04-03 17:30:00,2026-04-03 17:30:00,87.164
2026-04-03 17:45:00,2026-04-03 17:45:00,87.167
2026-04-03 18:00:00,2026-04-03 18:00:00,87.167
2026-04-03 18:15:00,2026-04-03 18:15:00,87.156
2026-04-03 18:30:00,2026-04-03 18:30:00,87.155
2026-04-03 18:45:00,2026-04-03 18:45:00,87.158
2026-04-03 19:00:00,2026-04-03 19:00:00,87.162
2026-04-03 19:15:00,2026-04-03 19:15:00,87.16
2026-04-03 19:30:00,2026-04-03 19:30:00,87.171
2026-04-03 19:45:00,2026-04-03 19:45:00,87.164
2026-04-03 20:00:00,2026-04-03 20:00:00,87.163
2026-04-03 20:15:00,2026-04-03 20:15:00,87.159
2026-04-03 20:30:00,2026-04-03 20:30:00,87.161
2026-04-03 20:45:00,2026-04-03 20:45:00,87.161
2026-04-03 21:00:00,2026-04-03 21:00:00,87.163
2026-04-03 21:15:00,2026-04-03 21:15:00,87.168
2026-04-03 21:30:00,2026-04-03 21:30:00,87.166
2026-04-03 21:45:00,2026-04-03 21:45:00,87.168
2026-04-03 22:00:00,2026-04-03 22:00:00,87.169
2026-04-03 22:15:00,2026-04-03 22:15:00,87.169
2026-04-03 22:30:00,2026-04-03 22:30:00,87.166
2026-04-03 22:45:00,2026-04-03 22:45:00,87.167
2026-04-03 23:00:00,2026-04-03 23:00:00,87.165
2026-04-03 23:15:00,2026-04-03 23:15:00,87.167
2026-04-03 23:30:00,2026-04-03 23:30:00,87.164
2026-04-03 23:45:00,2026-04-03 23:45:00,87.157
2026-04-04 00:00:00,2026-04-04 00:00:00,87.161
2026-04-04 00:15:00,2026-04-04 00:15:00,87.158
2026-04-04 00:30:00,2026-04-04 00:30:00,87.156
2026-04-04 00:45:00,2026-04-04 00:45:00,87.158
2026-04-04 01:00:00,2026-04-04 01:00:00,87.154
2026-04-04 01:15:00,2026-04-04 01:15:00,87.158
2026-04-04 01:30:00,2026-04-04 01:30:00,87.163
2026-04-04 01:45:00,2026-04-04 01:45:00,87.153
2026-04-04 02:00:00,2026-04-04 02:00:00,87.153
2026-04-04 02:15:00,2026-04-04 02:15:00,87.16
2026-04-04 02:30:00,2026-04-04 02:30:00,87.16
2026-04-04 02:45:00,2026-04-04 02:45:00,87.155
2026-04-04 03:00:00,2026-04-04 03:00:00,87.155
2026-04-04 03:15:00,2026-04-04 03:15:00,87.16
2026-04-04 03:30:00,2026-04-04 03:30:00,87.16
2026-04-04 03:45:00,2026-04-04 03:45:00,87.162
2026-04-04 04:00:00,2026-04-04 04:00:00,87.155
2026-04-04 04:15:00,2026-04-04 04:15:00,87.159
2026-04-04 04:30:00,2026-04-04 04:30:00,87.154
2026-04-04 04:45:00,2026-04-04 04:45:00,87.149
2026-04-04 05:00:00,2026-04-04 05:00:00,87.149
2026-04-04 05:15:00,2026-04-04 05:15:00,87.155
2026-04-04 05:30:00,2026-04-04 05:30:00,87.152
2026-04-04 05:45:00,2026-04-04 05:45:00,87.146
2026-04-04 06:00:00,2026-04-04 06:00:00,87.144
2026-04-04 06:15:00,2026-04-04 06:15:00,87.147
2026-04-04 06:30:00,2026-04-04 06:30:00,87.153
2026-04-04 06:45:00,2026-04-04 06:45:00,87.154
2026-04-04 07:00:00,2026-04-04 07:00:00,87.154
2026-04-04 07:15:00,2026-04-04 07:15:00,87.136
2026-04-04 07:30:00,2026-04-04 07:30:00,87.135
2026-04-04 07:45:00,2026-04-04 07:45:00,87.139
2026-04-04 08:00:00,2026-04-04 08:00:00,87.15
2026-04-04 08:15:00,2026-04-04 08:15:00,87.152
2026-04-04 08:30:00,2026-04-04 08:30:00,87.154
2026-04-04 08:45:00,2026-04-04 08:45:00,87.145
2026-04-04 09:00:00,2026-04-04 09:00:00,87.142
2026-04-04 09:15:00,2026-04-04 09:15:00,87.127
2026-04-04 09:30:00,2026-04-04 09:30:00,87.127
2026-04-04 09:45:00,2026-04-04 09:45:00,87.142
2026-04-04 10:00:00,2026-04-04 10:00:00,87.144
2026-04-04 10:15:00,2026-04-04 10:15:00,87.133
2026-04-04 10:30:00,2026-04-04 10:30:00,87.132
2026-04-04 10:45:00,2026-04-04 10:45:00,87.121
2026-04-04 11:00:00,2026-04-04 11:00:00,87.125
2026-04-04 11:15:00,2026-04-04 11:15:00,87.127
2026-04-04 11:30:00,2026-04-04 11:30:00,87.126
2026-04-04 11:45:00,2026-04-04 11:45:00,87.127
2026-04-04 12:00:00,2026-04-04 12:00:00,87.125
2026-04-04 12:15:00,2026-04-04 12:15:00,87.123
2026-04-04 12:30:00,2026-04-04 12:30:00,87.119
2026-04-04 12:45:00,2026-04-04 12:45:00,87.108
2026-04-04 13:00:00,2026-04-04 13:00:00,87.101
2026-04-04 13:15:00,2026-04-04 13:15:00,87.103
2026-04-04 13:30:00,2026-04-04 13:30:00,87.111
2026-04-04 13:45:00,2026-04-04 13:45:00,87.116
2026-04-04 14:00:00,2026-04-04 14:00:00,87.121
2026-04-04 14:15:00,2026-04-04 14:15:00,87.114
2026-04-04 14:30:00,2026-04-04 14:30:00,87.115
2026-04-04 14:45:00,2026-04-04 14:45:00,87.102
2026-04-04 15:00:00,2026-04-04 15:00:00,87.113
2026-04-04 15:15:00,2026-04-04 15:15:00,87.1
2026-04-04 15:30:00,2026-04-04 15:30:00,87.098
2026-04-04 15:45:00,2026-04-04 15:45:00,87.105
2026-04-04 16:00:00,2026-04-04 16:00:00,87.105
2026-04-04 16:15:00,2026-04-04 16:15:00,87.101
2026-04-04 16:30:00,2026-04-04 16:30:00,87.093
2026-04-04 16:45:00,2026-04-04 16:45:00,87.1
2026-04-04 17:00:00,2026-04-04 17:00:00,87.103
2026-04-04 17:15:00,2026-04-04 17:15:00,87.101
2026-04-04 17:30:00,2026-04-04 17:30:00,87.096
2026-04-04 17:45:00,2026-04-04 17:45:00,87.093
2026-04-04 18:00:00,2026-04-04 18:00:00,87.09
2026-04-04 18:15:00,2026-04-04 18:15:00,87.1
2026-04-04 18:30:00,2026-04-04 18:30:00,87.105
2026-04-04 18:45:00,2026-04-04 18:45:00,87.099
2026-04-04 19:00:00,2026-04-04 19:00:00,87.099
2026-04-04 19:15:00,2026-04-04 19:15:00,87.095
2026-04-04 19:30:00,2026-04-04 19:30:00,87.097
2026-04-04 19:45:00,2026-04-04 19:45:00,87.101
2026-04-04 20:00:00,2026-04-04 20:00:00,87.115
2026-04-04 20:15:00,2026-04-04 20:15:00,87.115
2026-04-04 20:30:00,2026-04-04 20:30:00,87.101
2026-04-04 20:45:00,2026-04-04 20:45:00,87.105
2026-04-04 21:00:00,2026-04-04 21:00:00,87.102
2026-04-04 21:15:00,2026-04-04 21:15:00,87.093
2026-04-04 21:30:00,2026-04-04 21:30:00,87.089
2026-04-04 21:45:00,2026-04-04 21:45:00,87.098
2026-04-04 22:00:00,2026-04-04 22:00:00,87.099
2026-04-04 22:15:00,2026-04-04 22:15:00,87.092
2026-04-04 22:30:00,2026-04-04 22:30:00,87.095
2026-04-04 22:45:00,2026-04-04 22:45:00,87.098
2026-04-04 23:00:00,2026-04-04 23:00:00,87.099
2026-04-04 23:15:00,2026-04-04 23:15:00,87.096
2026-04-04 23:30:00,2026-04-04 23:30:00,87.096
2026-04-04 23:45:00,2026-04-04 23:45:00,87.093
2026-04-05 00:00:00,2026-04-05 00:00:00,87.091
2026-04-05 00:15:00,2026-04-05 00:15:00,87.091
2026-04-05 00:30:00,2026-04-05 00:30:00,87.092
2026-04-05 00:45:00,2026-04-05 00:45:00,87.099
2026-04-05 01:00:00,2026-04-05 01:00:00,87.099
2026-04-05 01:15:00,2026-04-05 01:15:00,87.093
2026-04-05 01:30:00,2026-04-05 01:30:00,87.09
2026-04-05 01:45:00,2026-04-05 01:45:00,87.093
2026-04-05 02:00:00,2026-04-05 02:00:00,87.097
2026-04-05 02:15:00,2026-04-05 02:15:00,87.096
2026-04-05 02:30:00,2026-04-05 02:30:00,87.093
2026-04-05 02:45:00,2026-04-05 02:45:00,87.099
2026-04-05 03:00:00,2026-04-05 03:00:00,87.093
2026-04-05 03:15:00,2026-04-05 03:15:00,87.088
2026-04-05 03:30:00,2026-04-05 03:30:00,87.088
2026-04-05 03:45:00,2026-04-05 03:45:00,87.088
2026-04-05 04:00:00,2026-04-05 04:00:00,87.086
2026-04-05 04:15:00,2026-04-05 04:15:00,87.084
2026-04-05 04:30:00,2026-04-05 04:30:00,87.084
2026-04-05 04:45:00,2026-04-05 04:45:00,87.085
2026-04-05 05:00:00,2026-04-05 05:00:00,87.088
2026-04-05 05:15:00,2026-04-05 05:15:00,87.087
2026-04-05 05:30:00,2026-04-05 05:30:00,87.081
2026-04-05 05:45:00,2026-04-05 05:45:00,87.084
2026-04-05 06:00:00,2026-04-05 06:00:00,87.081
2026-04-05 06:15:00,2026-04-05 06:15:00,87.077
2026-04-05 06:30:00,2026-04-05 06:30:00,87.082
2026-04-05 06:45:00,2026-04-05 06:45:00,87.082
2026-04-05 07:00:00,2026-04-05 07:00:00,87.079
2026-04-05 07:15:00,2026-04-05 07:15:00,87.076
2026-04-05 07:30:00,2026-04-05 07:30:00,87.073
2026-04-05 07:45:00,2026-04-05 07:45:00,87.076
2026-04-05 08:00:00,2026-04-05 08:00:00,87.084
2026-04-05 08:15:00,2026-04-05 08:15:00,87.069
2026-04-05 08:30:00,2026-04-05 08:30:00,87.062
2026-04-05 08:45:00,2026-04-05 08:45:00,87.073
2026-04-05 09:00:00,2026-04-05 09:00:00,87.08
2026-04-05 09:15:00,2026-04-05 09:15:00,87.062
2026-04-05 09:30:00,2026-04-05 09:30:00,87.057
2026-04-05 09:45:00,2026-04-05 09:45:00,87.07
2026-04-05 10:00:00,2026-04-05 10:00:00,87.072
2026-04-05 10:15:00,2026-04-05 10:15:00,87.067
2026-04-05 10:30:00,2026-04-05 10:30:00,87.065
2026-04-05 10:45:00,2026-04-05 10:45:00,87.045
2026-04-05 11:00:00,2026-04-05 11:00:00,87.043
2026-04-05 11:15:00,2026-04-05 11:15:00,87.062
2026-04-05 11:30:00,2026-04-05 11:30:00,87.06
2026-04-05 11:45:00,2026-04-05 11:45:00,87.048
2026-04-05 12:00:00,2026-04-05 12:00:00,87.052
2026-04-05 12:15:00,2026-04-05 12:15:00,87.051
2026-04-05 12:30:00,2026-04-05 12:30:00,87.045
2026-04-05 12:45:00,2026-04-05 12:45:00,87.034
2026-04-05 13:00:00,2026-04-05 13:00:00,87.037
2026-04-05 13:15:00,2026-04-05 13:15:00,87.039
2026-04-05 13:30:00,2026-04-05 13:30:00,87.043
2026-04-05 13:45:00,2026-04-05 13:45:00,87.053
2026-04-05 14:00:00,2026-04-05 14:00:00,87.053
2026-04-05 14:15:00,2026-04-05 14:15:00,87.042
2026-04-05 14:30:00,2026-04-05 14:30:00,87.04
2026-04-05 14:45:00,2026-04-05 14:45:00,87.046
2026-04-05 15:00:00,2026-04-05 15:00:00,87.038
2026-04-05 15:15:00,2026-04-05 15:15:00,87.037
2026-04-05 15:30:00,2026-04-05 15:30:00,87.035
2026-04-05 15:45:00,2026-04-05 15:45:00,87.032
2026-04-05 16:00:00,2026-04-05 16:00:00,87.034
2026-04-05 16:15:00,2026-04-05 16:15:00,87.041
2026-04-05 16:30:00,2026-04-05 16:30:00,87.036
2026-04-05 16:45:00,2026-04-05 16:45:00,87.035
2026-04-05 17:00:00,2026-04-05 17:00:00,87.034
2026-04-05 17:15:00,2026-04-05 17:15:00,87.033
2026-04-05 17:30:00,2026-04-05 17:30:00,87.038
2026-04-05 17:45:00,2026-04-05 17:45:00,87.02
2026-04-05 18:00:00,2026-04-05 18:00:00,87.014
2026-04-05 18:15:00,2026-04-05 18:15:00,87.03
2026-04-05 18:30:00,2026-04-05 18:30:00,87.034
2026-04-05 18:45:00,2026-04-05 18:45:00,87.029
2026-04-05 19:00:00,2026-04-05 19:00:00,87.034
2026-04-05 19:15:00,2026-04-05 19:15:00,87.029
2026-04-05 19:30:00,2026-04-05 19:30:00,87.026
2026-04-05 19:45:00,2026-04-05 19:45:00,87.028
2026-04-05 20:00:00,2026-04-05 20:00:00,87.027
2026-04-05 20:15:00,2026-04-05 20:15:00,87.027
2026-04-05 20:30:00,2026-04-05 20:30:00,87.031
2026-04-05 20:45:00,2026-04-05 20:45:00,87.036
2026-04-05 21:00:00,2026-04-05 21:00:00,87.032
2026-04-05 21:15:00,2026-04-05 21:15:00,87.022
2026-04-05 21:30:00,2026-04-05 21:30:00,87.023
2026-04-05 21:45:00,2026-04-05 21:45:00,87.029
2026-04-05 22:00:00,2026-04-05 22:00:00,87.03
2026-04-05 22:15:00,2026-04-05 22:15:00,87.03
2026-04-05 22:30:00,2026-04-05 22:30:00,87.036
2026-04-05 22:45:00,2026-04-05 22:45:00,87.031
2026-04-05 23:00:00,2026-04-05 23:00:00,87.029
2026-04-05 23:15:00,2026-04-05 23:15:00,87.03
2026-04-05 23:30:00,2026-04-05 23:30:00,87.03
2026-04-05 23:45:00,2026-04-05 23:45:00,87.028
2026-04-06 00:00:00,2026-04-06 00:00:00,87.023
2026-04-06 00:15:00,2026-04-06 00:15:00,87.031
2026-04-06 00:30:00,2026-04-06 00:30:00,87.034
2026-04-06 00:45:00,2026-04-06 00:45:00,87.031
2026-04-06 01:00:00,2026-04-06 01:00:00,87.031
2026-04-06 01:15:00,2026-04-06 01:15:00,87.033
2026-04-06 01:30:00,2026-04-06 01:30:00,87.035
2026-04-06 01:45:00,2026-04-06 01:45:00,87.028
2026-04-06 02:00:00,2026-04-06 02:00:00,87.03
2026-04-06 02:15:00,2026-04-06 02:15:00,87.025
2026-04-06 02:30:00,2026-04-06 02:30:00,87.023
2026-04-06 02:45:00,2026-04-06 02:45:00,87.027
2026-04-06 03:00:00,2026-04-06 03:00:00,87.034
2026-04-06 03:15:00,2026-04-06 03:15:00,87.027
2026-04-06 03:30:00,2026-04-06 03:30:00,87.026
2026-04-06 03:45:00,2026-04-06 03:45:00,87.024
2026-04-06 04:00:00,2026-04-06 04:00:00,87.023
2026-04-06 04:15:00,2026-04-06 04:15:00,87.021
2026-04-06 04:30:00,2026-04-06 04:30:00,87.023
2026-04-06 04:45:00,2026-04-06 04:45:00,87.024
2026-04-06 05:00:00,2026-04-06 05:00:00,87.016
2026-04-06 05:15:00,2026-04-06 05:15:00,87.018
2026-04-06 05:30:00,2026-04-06 05:30:00,87.018
2026-04-06 05:45:00,2026-04-06 05:45:00,87.019
2026-04-06 06:00:00,2026-04-06 06:00:00,87.017
2026-04-06 06:15:00,2026-04-06 06:15:00,87.018
2026-04-06 06:30:00,2026-04-06 06:30:00,87.02
2026-04-06 06:45:00,2026-04-06 06:45:00,87.015
2026-04-06 07:00:00,2026-04-06 07:00:00,87.01
2026-04-06 07:15:00,2026-04-06 07:15:00,87.019
2026-04-06 07:30:00,2026-04-06 07:30:00,87.015
2026-04-06 07:45:00,2026-04-06 07:45:00,87.011
2026-04-06 08:00:00,2026-04-06 08:00:00,87.01
2026-04-06 08:15:00,2026-04-06 08:15:00,87.007
2026-04-06 08:30:00,2026-04-06 08:30:00,86.999
2026-04-06 08:45:00,2026-04-06 08:45:00,87.004
2026-04-06 09:00:00,2026-04-06 09:00:00,86.999
2026-04-06 09:15:00,2026-04-06 09:15:00,87.001
2026-04-06 09:30:00,2026-04-06 09:30:00,87.009
2026-04-06 09:45:00,2026-04-06 09:45:00,87.008
2026-04-06 10:00:00,2026-04-06 10:00:00,87.005
2026-04-06 10:15:00,2026-04-06 10:15:00,86.999
2026-04-06 10:30:00,2026-04-06 10:30:00,86.995
2026-04-06 10:45:00,2026-04-06 10:45:00,86.997
2026-04-06 11:00:00,2026-04-06 11:00:00,86.995
2026-04-06 11:15:00,2026-04-06 11:15:00,86.988
2026-04-06 11:30:00,2026-04-06 11:30:00,86.986
2026-04-06 11:45:00,2026-04-06 11:45:00,86.992
2026-04-06 12:00:00,2026-04-06 12:00:00,86.994
2026-04-06 12:15:00,2026-04-06 12:15:00,86.99
2026-04-06 12:30:00,2026-04-06 12:30:00,86.987
2026-04-06 12:45:00,2026-04-06 12:45:00,86.984
2026-04-06 13:00:00,2026-04-06 13:00:00,86.981
2026-04-06 13:15:00,2026-04-06 13:15:00,86.979
2026-04-06 13:30:00,2026-04-06 13:30:00,86.975
2026-04-06 13:45:00,2026-04-06 13:45:00,86.978
2026-04-06 14:00:00,2026-04-06 14:00:00,86.978
2026-04-06 14:15:00,2026-04-06 14:15:00,86.983
2026-04-06 14:30:00,2026-04-06 14:30:00,86.979
2026-04-06 14:45:00,2026-04-06 14:45:00,86.982
2026-04-06 15:00:00,2026-04-06 15:00:00,86.985
2026-04-06 15:15:00,2026-04-06 15:15:00,86.975
2026-04-06 15:30:00,2026-04-06 15:30:00,86.973
2026-04-06 15:45:00,2026-04-06 15:45:00,86.982
2026-04-06 16:00:00,2026-04-06 16:00:00,86.973
2026-04-06 16:15:00,2026-04-06 16:15:00,86.973
2026-04-06 16:30:00,2026-04-06 16:30:00,86.978
2026-04-06 16:45:00,2026-04-06 16:45:00,86.975
2026-04-06 17:00:00,2026-04-06 17:00:00,86.977
2026-04-06 17:15:00,2026-04-06 17:15:00,86.978
2026-04-06 17:30:00,2026-04-06 17:30:00,86.98
2026-04-06 17:45:00,2026-04-06 17:45:00,86.976
2026-04-06 18:00:00,2026-04-06 18:00:00,86.974
2026-04-06 18:15:00,2026-04-06 18:15:00,86.973
2026-04-06 18:30:00,2026-04-06 18:30:00,86.97
2026-04-06 18:45:00,2026-04-06 18:45:00,86.966
2026-04-06 19:00:00,2026-04-06 19:00:00,86.973
2026-04-06 19:15:00,2026-04-06 19:15:00,86.971
2026-04-06 19:30:00,2026-04-06 19:30:00,86.97
2026-04-06 19:45:00,2026-04-06 19:45:00,86.974
2026-04-06 20:00:00,2026-04-06 20:00:00,86.974
2026-04-06 20:15:00,2026-04-06 20:15:00,86.971
2026-04-06 20:30:00,2026-04-06 20:30:00,86.969
2026-04-06 20:45:00,2026-04-06 20:45:00,86.969
2026-04-06 21:00:00,2026-04-06 21:00:00,86.962
2026-04-06 21:15:00,2026-04-06 21:15:00,86.962
2026-04-06 21:30:00,2026-04-06 21:30:00,86.965
2026-04-06 21:45:00,2026-04-06 21:45:00,86.975
2026-04-06 22:00:00,2026-04-06 22:00:00,86.979
2026-04-06 22:15:00,2026-04-06 22:15:00,86.977
2026-04-06 22:30:00,2026-04-06 22:30:00,86.974
2026-04-06 22:45:00,2026-04-06 22:45:00,86.974
2026-04-06 23:00:00,2026-04-06 23:00:00,86.968
2026-04-06 23:15:00,2026-04-06 23:15:00,86.969
2026-04-06 23:30:00,2026-04-06 23:30:00,86.97
2026-04-06 23:45:00,2026-04-06 23:45:00,86.97
2026-04-07 00:00:00,2026-04-07 00:00:00,86.968
2026-04-07 00:15:00,2026-04-07 00:15:00,86.975
2026-04-07 00:30:00,2026-04-07 00:30:00,86.973
2026-04-07 00:45:00,2026-04-07 00:45:00,86.962
2026-04-07 01:00:00,2026-04-07 01:00:00,86.96
2026-04-07 01:15:00,2026-04-07 01:15:00,86.968
2026-04-07 01:30:00,2026-04-07 01:30:00,86.961
2026-04-07 01:45:00,2026-04-07 01:45:00,86.969
2026-04-07 02:00:00,2026-04-07 02:00:00,86.964
2026-04-07 02:15:00,2026-04-07 02:15:00,86.962
2026-04-07 02:30:00,2026-04-07 02:30:00,86.964
2026-04-07 02:45:00,2026-04-07 02:45:00,86.976
2026-04-07 03:00:00,2026-04-07 03:00:00,86.966
2026-04-07 03:15:00,2026-04-07 03:15:00,86.969
2026-04-07 03:30:00,2026-04-07 03:30:00,86.969
2026-04-07 03:45:00,2026-04-07 03:45:00,86.965
2026-04-07 04:00:00,2026-04-07 04:00:00,86.969
2026-04-07 04:15:00,2026-04-07 04:15:00,86.969
2026-04-07 04:30:00,2026-04-07 04:30:00,86.968
2026-04-07 04:45:00,2026-04-07 04:45:00,86.966
2026-04-07 05:00:00,2026-04-07 05:00:00,86.968
2026-04-07 05:15:00,2026-04-07 05:15:00,86.962
2026-04-07 05:30:00,2026-04-07 05:30:00,86.959
2026-04-07 05:45:00,2026-04-07 05:45:00,86.955
2026-04-07 06:00:00,2026-04-07 06:00:00,86.961
2026-04-07 06:15:00,2026-04-07 06:15:00,86.969
2026-04-07 06:30:00,2026-04-07 06:30:00,86.966
2026-04-07 06:45:00,2026-04-07 06:45:00,86.959
2026-04-07 07:00:00,2026-04-07 07:00:00,86.95
2026-04-07 07:15:00,2026-04-07 07:15:00,86.952
2026-04-07 07:30:00,2026-04-07 07:30:00,86.949
2026-04-07 07:45:00,2026-04-07 07:45:00,86.945
2026-04-07 08:00:00,2026-04-07 08:00:00,86.941
2026-04-07 08:15:00,2026-04-07 08:15:00,86.95
2026-04-07 08:30:00,2026-04-07 08:30:00,86.95
2026-04-07 08:45:00,2026-04-07 08:45:00,86.959
2026-04-07 09:00:00,2026-04-07 09:00:00,86.954
2026-04-07 09:15:00,2026-04-07 09:15:00,86.943
2026-04-07 09:30:00,2026-04-07 09:30:00,86.942
2026-04-07 09:45:00,2026-04-07 09:45:00,86.949
2026-04-07 10:00:00,2026-04-07 10:00:00,86.954
2026-04-07 10:15:00,2026-04-07 10:15:00,86.952
2026-04-07 10:30:00,2026-04-07 10:30:00,86.958
2026-04-07 10:45:00,2026-04-07 10:45:00,86.951
2026-04-07 11:00:00,2026-04-07 11:00:00,86.943
2026-04-07 11:15:00,2026-04-07 11:15:00,86.939
2026-04-07 11:30:00,2026-04-07 11:30:00,86.937
2026-04-07 11:45:00,2026-04-07 11:45:00,86.948
2026-04-07 12:00:00,2026-04-07 12:00:00,86.946
2026-04-07 12:15:00,2026-04-07 12:15:00,86.948
2026-04-07 12:30:00,2026-04-07 12:30:00,86.958
2026-04-07 12:45:00,2026-04-07 12:45:00,86.93
2026-04-07 13:00:00,2026-04-07 13:00:00,86.934
2026-04-07 13:15:00,2026-04-07 13:15:00,86.941
2026-04-07 13:30:00,2026-04-07 13:30:00,86.937
2026-04-07 13:45:00,2026-04-07 13:45:00,86.939
2026-04-07 14:00:00,2026-04-07 14:00:00,86.949
2026-04-07 14:15:00,2026-04-07 14:15:00,86.94
2026-04-07 14:30:00,2026-04-07 14:30:00,86.941
2026-04-07 14:45:00,2026-04-07 14:45:00,86.939
2026-04-07 15:00:00,2026-04-07 15:00:00,86.938
2026-04-07 15:15:00,2026-04-07 15:15:00,86.923
2026-04-07 15:30:00,2026-04-07 15:30:00,86.928
2026-04-07 15:45:00,2026-04-07 15:45:00,86.923
2026-04-07 16:00:00,2026-04-07 16:00:00,86.927
2026-04-07 16:15:00,2026-04-07 16:15:00,86.933
2026-04-07 16:30:00,2026-04-07 16:30:00,86.934
2026-04-07 16:45:00,2026-04-07 16:45:00,86.933
2026-04-07 17:00:00,2026-04-07 17:00:00,86.928
2026-04-07 17:15:00,2026-04-07 17:15:00,86.93
2026-04-07 17:30:00,2026-04-07 17:30:00,86.923
2026-04-07 17:45:00,2026-04-07 17:45:00,86.928
2026-04-07 18:00:00,2026-04-07 18:00:00,86.921
2026-04-07 18:15:00,2026-04-07 18:15:00,86.929
2026-04-07 18:30:00,2026-04-07 18:30:00,86.925
2026-04-07 18:45:00,2026-04-07 18:45:00,86.924
2026-04-07 19:00:00,2026-04-07 19:00:00,86.926
2026-04-07 19:15:00,2026-04-07 19:15:00,86.921
2026-04-07 19:30:00,2026-04-07 19:30:00,86.922
2026-04-07 19:45:00,2026-04-07 19:45:00,86.922
2026-04-07 20:00:00,2026-04-07 20:00:00,86.92
2026-04-07 20:15:00,2026-04-07 20:15:00,86.927
2026-04-07 20:30:00,2026-04-07 20:30:00,86.928
2026-04-07 20:45:00,2026-04-07 20:45:00,86.926
2026-04-07 21:00:00,2026-04-07 21:00:00,86.927
2026-04-07 21:15:00,2026-04-07 21:15:00,86.928
2026-04-07 21:30:00,2026-04-07 21:30:00,86.929
2026-04-07 21:45:00,2026-04-07 21:45:00,86.926
2026-04-07 22:00:00,2026-04-07 22:00:00,86.923
2026-04-07 22:15:00,2026-04-07 22:15:00,86.934
2026-04-07 22:30:00,2026-04-07 22:30:00,86.936
2026-04-07 22:45:00,2026-04-07 22:45:00,86.928
2026-04-07 23:00:00,2026-04-07 23:00:00,86.927
2026-04-07 23:15:00,2026-04-07 23:15:00,86.931
2026-04-07 23:30:00,2026-04-07 23:30:00,86.927
2026-04-07 23:45:00,2026-04-07 23:45:00,86.926
2026-04-08 00:00:00,2026-04-08 00:00:00,86.923
2026-04-08 00:15:00,2026-04-08 00:15:00,86.925
2026-04-08 00:30:00,2026-04-08 00:30:00,86.924
2026-04-08 00:45:00,2026-04-08 00:45:00,86.929
2026-04-08 01:00:00,2026-04-08 01:00:00,86.926
2026-04-08 01:15:00,2026-04-08 01:15:00,86.932
2026-04-08 01:30:00,2026-04-08 01:30:00,86.933
2026-04-08 01:45:00,2026-04-08 01:45:00,86.915
2026-04-08 02:00:00,2026-04-08 02:00:00,86.918
2026-04-08 02:15:00,2026-04-08 02:15:00,86.921
2026-04-08 02:30:00,2026-04-08 02:30:00,86.92
2026-04-08 02:45:00,2026-04-08 02:45:00,86.933
2026-04-08 03:00:00,2026-04-08 03:00:00,86.936
2026-04-08 03:15:00,2026-04-08 03:15:00,86.926
2026-04-08 03:30:00,2026-04-08 03:30:00,86.927
2026-04-08 03:45:00,2026-04-08 03:45:00,86.932
2026-04-08 04:00:00,2026-04-08 04:00:00,86.926
2026-04-08 04:15:00,2026-04-08 04:15:00,86.922
2026-04-08 04:30:00,2026-04-08 04:30:00,86.923
2026-04-08 04:45:00,2026-04-08 04:45:00,86.919
2026-04-08 05:00:00,2026-04-08 05:00:00,86.914
2026-04-08 05:15:00,2026-04-08 05:15:00,86.923
2026-04-08 05:30:00,2026-04-08 05:30:00,86.926
2026-04-08 05:45:00,2026-04-08 05:45:00,86.917
2026-04-08 06:00:00,2026-04-08 06:00:00,86.91
2026-04-08 06:15:00,2026-04-08 06:15:00,86.918
2026-04-08 06:30:00,2026-04-08 06:30:00,86.922
2026-04-08 06:45:00,2026-04-08 06:45:00,86.923
2026-04-08 07:00:00,2026-04-08 07:00:00,86.922
2026-04-08 07:15:00,2026-04-08 07:15:00,86.924
2026-04-08 07:30:00,2026-04-08 07:30:00,86.922
2026-04-08 07:45:00,2026-04-08 07:45:00,86.914
2026-04-08 08:00:00,2026-04-08 08:00:00,86.91
2026-04-08 08:15:00,2026-04-08 08:15:00,86.905
2026-04-08 08:30:00,2026-04-08 08:30:00,86.906
2026-04-08 08:45:00,2026-04-08 08:45:00,86.916
2026-04-08 09:00:00,2026-04-08 09:00:00,86.914
2026-04-08 09:15:00,2026-04-08 09:15:00,86.913
2026-04-08 09:30:00,2026-04-08 09:30:00,86.899
2026-04-08 09:45:00,2026-04-08 09:45:00,86.901
2026-04-08 10:00:00,2026-04-08 10:00:00,86.902
2026-04-08 10:15:00,2026-04-08 10:15:00,86.895
2026-04-08 10:30:00,2026-04-08 10:30:00,86.894
2026-04-08 10:45:00,2026-04-08 10:45:00,86.9
2026-04-08 11:00:00,2026-04-08 11:00:00,86.898
2026-04-08 11:15:00,2026-04-08 11:15:00,86.885
2026-04-08 11:30:00,2026-04-08 11:30:00,86.89
2026-04-08 11:45:00,2026-04-08 11:45:00,86.896
2026-04-08 12:00:00,2026-04-08 12:00:00,86.9
2026-04-08 12:15:00,2026-04-08 12:15:00,86.896
2026-04-08 12:30:00,2026-04-08 12:30:00,86.891
2026-04-08 12:45:00,2026-04-08 12:45:00,86.89
2026-04-08 13:00:00,2026-04-08 13:00:00,86.892
2026-04-08 13:15:00,2026-04-08 13:15:00,86.903
2026-04-08 13:30:00,2026-04-08 13:30:00,86.896
2026-04-08 13:45:00,2026-04-08 13:45:00,86.896
2026-04-08 14:00:00,2026-04-08 14:00:00,86.894
2026-04-08 14:15:00,2026-04-08 14:15:00,86.881
2026-04-08 14:30:00,2026-04-08 14:30:00,86.885
2026-04-08 14:45:00,2026-04-08 14:45:00,86.888
2026-04-08 15:00:00,2026-04-08 15:00:00,86.883
2026-04-08 15:15:00,2026-04-08 15:15:00,86.882
2026-04-08 15:30:00,2026-04-08 15:30:00,86.881
2026-04-08 15:45:00,2026-04-08 15:45:00,86.883
2026-04-08 16:00:00,2026-04-08 16:00:00,86.881
2026-04-08 16:15:00,2026-04-08 16:15:00,86.887
2026-04-08 16:30:00,2026-04-08 16:30:00,86.877
2026-04-08 16:45:00,2026-04-08 16:45:00,86.872
2026-04-08 17:00:00,2026-04-08 17:00:00,86.874
2026-04-08 17:15:00,2026-04-08 17:15:00,86.882
2026-04-08 17:30:00,2026-04-08 17:30:00,86.879
2026-04-08 17:45:00,2026-04-08 17:45:00,86.877
2026-04-08 18:00:00,2026-04-08 18:00:00,86.876
2026-04-08 18:15:00,2026-04-08 18:15:00,86.882
2026-04-08 18:30:00,2026-04-08 18:30:00,86.883
2026-04-08 18:45:00,2026-04-08 18:45:00,86.877
2026-04-08 19:00:00,2026-04-08 19:00:00,86.881
2026-04-08 19:15:00,2026-04-08 19:15:00,86.876
2026-04-08 19:30:00,2026-04-08 19:30:00,86.876
2026-04-08 19:45:00,2026-04-08 19:45:00,86.873
2026-04-08 20:00:00,2026-04-08 20:00:00,86.878
2026-04-08 20:15:00,2026-04-08 20:15:00,86.878
2026-04-08 20:30:00,2026-04-08 20:30:00,86.884
2026-04-08 20:45:00,2026-04-08 20:45:00,86.883
2026-04-08 21:00:00,2026-04-08 21:00:00,86.879
2026-04-08 21:15:00,2026-04-08 21:15:00,86.888
2026-04-08 21:30:00,2026-04-08 21:30:00,86.891
2026-04-08 21:45:00,2026-04-08 21:45:00,86.885
2026-04-08 22:00:00,2026-04-08 22:00:00,86.88
2026-04-08 22:15:00,2026-04-08 22:15:00,86.887
2026-04-08 22:30:00,2026-04-08 22:30:00,86.883
2026-04-08 22:45:00,2026-04-08 22:45:00,86.889
2026-04-08 23:00:00,2026-04-08 23:00:00,86.886
2026-04-08 23:15:00,2026-04-08 23:15:00,86.884
2026-04-08 23:30:00,2026-04-08 23:30:00,86.886
2026-04-08 23:45:00,2026-04-08 23:45:00,86.882
2026-04-09 00:00:00,2026-04-09 00:00:00,86.882
2026-04-09 00:15:00,2026-04-09 00:15:00,86.877
2026-04-09 00:30:00,2026-04-09 00:30:00,86.879
2026-04-09 00:45:00,2026-04-09 00:45:00,86.882
2026-04-09 01:00:00,2026-04-09 01:00:00,86.884
2026-04-09 01:15:00,2026-04-09 01:15:00,86.878
2026-04-09 01:30:00,2026-04-09 01:30:00,86.878
2026-04-09 01:45:00,2026-04-09 01:45:00,86.881
2026-04-09 02:00:00,2026-04-09 02:00:00,86.883
2026-04-09 02:15:00,2026-04-09 02:15:00,86.876
2026-04-09 02:30:00,2026-04-09 02:30:00,86.871
2026-04-09 02:45:00,2026-04-09 02:45:00,86.876
2026-04-09 03:00:00,2026-04-09 03:00:00,86.877
2026-04-09 03:15:00,2026-04-09 03:15:00,86.877
2026-04-09 03:30:00,2026-04-09 03:30:00,86.881
2026-04-09 03:45:00,2026-04-09 03:45:00,86.881
2026-04-09 04:00:00,2026-04-09 04:00:00,86.883
2026-04-09 04:15:00,2026-04-09 04:15:00,86.871
2026-04-09 04:30:00,2026-04-09 04:30:00,86.868
2026-04-09 04:45:00,2026-04-09 04:45:00,86.877
2026-04-09 05:00:00,2026-04-09 05:00:00,86.877
2026-04-09 05:15:00,2026-04-09 05:15:00,86.879
2026-04-09 05:30:00,2026-04-09 05:30:00,86.872
2026-04-09 05:45:00,2026-04-09 05:45:00,86.864
2026-04-09 06:00:00,2026-04-09 06:00:00,86.871
2026-04-09 06:15:00,2026-04-09 06:15:00,86.864
2026-04-09 06:30:00,2026-04-09 06:30:00,86.862
2026-04-09 06:45:00,2026-04-09 06:45:00,86.861
2026-04-09 07:00:00,2026-04-09 07:00:00,86.867
2026-04-09 07:15:00,2026-04-09 07:15:00,86.871
2026-04-09 07:30:00,2026-04-09 07:30:00,86.871
2026-04-09 07:45:00,2026-04-09 07:45:00,86.856
2026-04-09 08:00:00,2026-04-09 08:00:00,86.852
2026-04-09 08:15:00,2026-04-09 08:15:00,86.859
2026-04-09 08:30:00,2026-04-09 08:30:00,86.864
2026-04-09 08:45:00,2026-04-09 08:45:00,86.855
2026-04-09 09:00:00,2026-04-09 09:00:00,86.855
2026-04-09 09:15:00,2026-04-09 09:15:00,86.859
2026-04-09 09:30:00,2026-04-09 09:30:00,86.858
2026-04-09 09:45:00,2026-04-09 09:45:00,86.855
2026-04-09 10:00:00,2026-04-09 10:00:00,86.85
2026-04-09 10:15:00,2026-04-09 10:15:00,86.844
2026-04-09 10:30:00,2026-04-09 10:30:00,86.843
2026-04-09 10:45:00,2026-04-09 10:45:00,86.85
2026-04-09 11:00:00,2026-04-09 11:00:00,86.844
2026-04-09 11:15:00,2026-04-09 11:15:00,86.848
2026-04-09 11:30:00,2026-04-09 11:30:00,86.843
2026-04-09 11:45:00,2026-04-09 11:45:00,86.844
2026-04-09 12:00:00,2026-04-09 12:00:00,86.844
2026-04-09 12:15:00,2026-04-09 12:15:00,86.845
2026-04-09 12:30:00,2026-04-09 12:30:00,86.83
2026-04-09 12:45:00,2026-04-09 12:45:00,86.838
2026-04-09 13:00:00,2026-04-09 13:00:00,86.837
2026-04-09 13:15:00,2026-04-09 13:15:00,86.833
2026-04-09 13:30:00,2026-04-09 13:30:00,86.838
2026-04-09 13:45:00,2026-04-09 13:45:00,86.835
2026-04-09 14:00:00,2026-04-09 14:00:00,86.834
2026-04-09 14:15:00,2026-04-09 14:15:00,86.834
2026-04-09 14:30:00,2026-04-09 14:30:00,86.835
2026-04-09 14:45:00,2026-04-09 14:45:00,86.836
2026-04-09 15:00:00,2026-04-09 15:00:00,86.831
2026-04-09 15:15:00,2026-04-09 15:15:00,86.831
2026-04-09 15:30:00,2026-04-09 15:30:00,86.822
2026-04-09 15:45:00,2026-04-09 15:45:00,86.831
2026-04-09 16:00:00,2026-04-09 16:00:00,86.835
2026-04-09 16:15:00,2026-04-09 16:15:00,86.826
2026-04-09 16:30:00,2026-04-09 16:30:00,86.827
2026-04-09 16:45:00,2026-04-09 16:45:00,86.828
2026-04-09 17:00:00,2026-04-09 17:00:00,86.822
2026-04-09 17:15:00,2026-04-09 17:15:00,86.827
2026-04-09 17:30:00,2026-04-09 17:30:00,86.833
2026-04-09 17:45:00,2026-04-09 17:45:00,86.821
2026-04-09 18:00:00,2026-04-09 18:00:00,86.819
2026-04-09 18:15:00,2026-04-09 18:15:00,86.829
2026-04-09 18:30:00,2026-04-09 18:30:00,86.831
2026-04-09 18:45:00,2026-04-09 18:45:00,86.826
2026-04-09 19:00:00,2026-04-09 19:00:00,86.827
2026-04-09 19:15:00,2026-04-09 19:15:00,86.825
2026-04-09 19:30:00,2026-04-09 19:30:00,86.822
2026-04-09 19:45:00,2026-04-09 19:45:00,86.816
2026-04-09 20:00:00,2026-04-09 20:00:00,86.808
2026-04-09 20:15:00,2026-04-09 20:15:00,86.829
2026-04-09 20:30:00,2026-04-09 20:30:00,86.827
2026-04-09 20:45:00,2026-04-09 20:45:00,86.826
2026-04-09 21:00:00,2026-04-09 21:00:00,86.824
2026-04-09 21:15:00,2026-04-09 21:15:00,86.826
2026-04-09 21:30:00,2026-04-09 21:30:00,86.824
2026-04-09 21:45:00,2026-04-09 21:45:00,86.823
2026-04-09 22:00:00,2026-04-09 22:00:00,86.823
2026-04-09 22:15:00,2026-04-09 22:15:00,86.829
2026-04-09 22:30:00,2026-04-09 22:30:00,86.826
2026-04-09 22:45:00,2026-04-09 22:45:00,86.825
2026-04-09 23:00:00,2026-04-09 23:00:00,86.826
2026-04-09 23:15:00,2026-04-09 23:15:00,86.82
2026-04-09 23:30:00,2026-04-09 23:30:00,86.822
2026-04-09 23:45:00,2026-04-09 23:45:00,86.825
2026-04-10 00:00:00,2026-04-10 00:00:00,86.824
2026-04-10 00:15:00,2026-04-10 00:15:00,86.822
2026-04-10 00:30:00,2026-04-10 00:30:00,86.826
2026-04-10 00:45:00,2026-04-10 00:45:00,86.818
2026-04-10 01:00:00,2026-04-10 01:00:00,86.817
2026-04-10 01:15:00,2026-04-10 01:15:00,86.825
2026-04-10 01:30:00,2026-04-10 01:30:00,86.822
2026-04-10 01:45:00,2026-04-10 01:45:00,86.822
2026-04-10 02:00:00,2026-04-10 02:00:00,86.816
2026-04-10 02:15:00,2026-04-10 02:15:00,86.819
2026-04-10 02:30:00,2026-04-10 02:30:00,86.821
2026-04-10 02:45:00,2026-04-10 02:45:00,86.812
2026-04-10 03:00:00,2026-04-10 03:00:00,86.811
2026-04-10 03:15:00,2026-04-10 03:15:00,86.825
2026-04-10 03:30:00,2026-04-10 03:30:00,86.816
2026-04-10 03:45:00,2026-04-10 03:45:00,86.808
2026-04-10 04:00:00,2026-04-10 04:00:00,86.813
2026-04-10 04:15:00,2026-04-10 04:15:00,86.819
2026-04-10 04:30:00,2026-04-10 04:30:00,86.82
2026-04-10 04:45:00,2026-04-10 04:45:00,86.826
2026-04-10 05:00:00,2026-04-10 05:00:00,86.822
2026-04-10 05:15:00,2026-04-10 05:15:00,86.805
2026-04-10 05:30:00,2026-04-10 05:30:00,86.808
2026-04-10 05:45:00,2026-04-10 05:45:00,86.805
2026-04-10 06:00:00,2026-04-10 06:00:00,86.804
2026-04-10 06:15:00,2026-04-10 06:15:00,86.817
2026-04-10 06:30:00,2026-04-10 06:30:00,86.825
2026-04-10 06:45:00,2026-04-10 06:45:00,86.817
2026-04-10 07:00:00,2026-04-10 07:00:00,86.809
2026-04-10 07:15:00,2026-04-10 07:15:00,86.812
2026-04-10 07:30:00,2026-04-10 07:30:00,86.814
2026-04-10 07:45:00,2026-04-10 07:45:00,86.797
2026-04-10 08:00:00,2026-04-10 08:00:00,86.793
2026-04-10 08:15:00,2026-04-10 08:15:00,86.805
2026-04-10 08:30:00,2026-04-10 08:30:00,86.804
2026-04-10 08:45:00,2026-04-10 08:45:00,86.794
2026-04-10 09:00:00,2026-04-10 09:00:00,86.797
2026-04-10 09:15:00,2026-04-10 09:15:00,86.805
2026-04-10 09:30:00,2026-04-10 09:30:00,86.805
2026-04-10 09:45:00,2026-04-10 09:45:00,86.791
2026-04-10 10:00:00,2026-04-10 10:00:00,86.79
2026-04-10 10:15:00,2026-04-10 10:15:00,86.779
2026-04-10 10:30:00,2026-04-10 10:30:00,86.776
2026-04-10 10:45:00,2026-04-10 10:45:00,86.79
2026-04-10 11:00:00,2026-04-10 11:00:00,86.788
2026-04-10 11:15:00,2026-04-10 11:15:00,86.787
2026-04-10 11:30:00,2026-04-10 11:30:00,86.781
2026-04-10 11:45:00,2026-04-10 11:45:00,86.778
2026-04-10 12:00:00,2026-04-10 12:00:00,86.769
2026-04-10 12:15:00,2026-04-10 12:15:00,86.781
2026-04-10 12:30:00,2026-04-10 12:30:00,86.783
2026-04-10 12:45:00,2026-04-10 12:45:00,86.779
2026-04-10 13:00:00,2026-04-10 13:00:00,86.778
2026-04-10 13:15:00,2026-04-10 13:15:00,86.775
2026-04-10 13:30:00,2026-04-10 13:30:00,86.767
2026-04-10 13:45:00,2026-04-10 13:45:00,86.777
2026-04-10 14:00:00,2026-04-10 14:00:00,86.778
2026-04-10 14:15:00,2026-04-10 14:15:00,86.773
2026-04-10 14:30:00,2026-04-10 14:30:00,86.776
2026-04-10 14:45:00,2026-04-10 14:45:00,86.779
2026-04-10 15:00:00,2026-04-10 15:00:00,86.783
2026-04-10 15:15:00,2026-04-10 15:15:00,86.779
2026-04-10 15:30:00,2026-04-10 15:30:00,86.774
2026-04-10 15:45:00,2026-04-10 15:45:00,86.781
2026-04-10 16:00:00,2026-04-10 16:00:00,86.772
2026-04-10 16:15:00,2026-04-10 16:15:00,86.77
2026-04-10 16:30:00,2026-04-10 16:30:00,86.772
2026-04-10 16:45:00,2026-04-10 16:45:00,86.765
2026-04-10 17:00:00,2026-04-10 17:00:00,86.76
2026-04-10 17:15:00,2026-04-10 17:15:00,86.767
2026-04-10 17:30:00,2026-04-10 17:30:00,86.77
2026-04-10 17:45:00,2026-04-10 17:45:00,86.766
2026-04-10 18:00:00,2026-04-10 18:00:00,86.761
2026-04-10 18:15:00,2026-04-10 18:15:00,86.759
2026-04-10 18:30:00,2026-04-10 18:30:00,86.759
2026-04-10 18:45:00,2026-04-10 18:45:00,86.766
2026-04-10 19:00:00,2026-04-10 19:00:00,86.768
2026-04-10 19:15:00,2026-04-10 19:15:00,86.761
2026-04-10 19:30:00,2026-04-10 19:30:00,86.765
2026-04-10 19:45:00,2026-04-10 19:45:00,86.766
2026-04-10 20:00:00,2026-04-10 20:00:00,86.771
2026-04-10 20:15:00,2026-04-10 20:15:00,86.759
2026-04-10 20:30:00,2026-04-10 20:30:00,86.76
2026-04-10 20:45:00,2026-04-10 20:45:00,86.761
2026-04-10 21:00:00,2026-04-10 21:00:00,86.765
2026-04-10 21:15:00,2026-04-10 21:15:00,86.768
2026-04-10 21:30:00,2026-04-10 21:30:00,86.77
2026-04-10 21:45:00,2026-04-10 21:45:00,86.767
2026-04-10 22:00:00,2026-04-10 22:00:00,86.764
2026-04-10 22:15:00,2026-04-10 22:15:00,86.761
2026-04-10 22:30:00,2026-04-10 22:30:00,86.767
2026-04-10 22:45:00,2026-04-10 22:45:00,86.765
2026-04-10 23:00:00,2026-04-10 23:00:00,86.766
2026-04-10 23:15:00,2026-04-10 23:15:00,86.768
2026-04-10 23:30:00,2026-04-10 23:30:00,86.769
2026-04-10 23:45:00,2026-04-10 23:45:00,86.758
2026-04-11 00:00:00,2026-04-11 00:00:00,86.755
2026-04-11 00:15:00,2026-04-11 00:15:00,86.756
2026-04-11 00:30:00,2026-04-11 00:30:00,86.754
2026-04-11 00:45:00,2026-04-11 00:45:00,86.758
2026-04-11 01:00:00,2026-04-11 01:00:00,86.763
2026-04-11 01:15:00,2026-04-11 01:15:00,86.76
2026-04-11 01:30:00,2026-04-11 01:30:00,86.766
2026-04-11 01:45:00,2026-04-11 01:45:00,86.756
2026-04-11 02:00:00,2026-04-11 02:00:00,86.755
2026-04-11 02:15:00,2026-04-11 02:15:00,86.762
2026-04-11 02:30:00,2026-04-11 02:30:00,86.764
2026-04-11 02:45:00,2026-04-11 02:45:00,86.754
2026-04-11 03:00:00,2026-04-11 03:00:00,86.751
2026-04-11 03:15:00,2026-04-11 03:15:00,86.759
2026-04-11 03:30:00,2026-04-11 03:30:00,86.762
2026-04-11 03:45:00,2026-04-11 03:45:00,86.754
2026-04-11 04:00:00,2026-04-11 04:00:00,86.756
2026-04-11 04:15:00,2026-04-11 04:15:00,86.755
2026-04-11 04:30:00,2026-04-11 04:30:00,86.751
2026-04-11 04:45:00,2026-04-11 04:45:00,86.751
2026-04-11 05:00:00,2026-04-11 05:00:00,86.753
2026-04-11 05:15:00,2026-04-11 05:15:00,86.755
2026-04-11 05:30:00,2026-04-11 05:30:00,86.761
2026-04-11 05:45:00,2026-04-11 05:45:00,86.757
2026-04-11 06:00:00,2026-04-11 06:00:00,86.763
2026-04-11 06:15:00,2026-04-11 06:15:00,86.766
2026-04-11 06:30:00,2026-04-11 06:30:00,86.762
2026-04-11 06:45:00,2026-04-11 06:45:00,86.756
2026-04-11 07:00:00,2026-04-11 07:00:00,86.753
2026-04-11 07:15:00,2026-04-11 07:15:00,86.749
2026-04-11 07:30:00,2026-04-11 07:30:00,86.749
2026-04-11 07:45:00,2026-04-11 07:45:00,86.749
2026-04-11 08:00:00,2026-04-11 08:00:00,86.743
2026-04-11 08:15:00,2026-04-11 08:15:00,86.751
2026-04-11 08:30:00,2026-04-11 08:30:00,86.746
2026-04-11 08:45:00,2026-04-11 08:45:00,86.747
2026-04-11 09:00:00,2026-04-11 09:00:00,86.736
2026-04-11 09:15:00,2026-04-11 09:15:00,86.743
2026-04-11 09:30:00,2026-04-11 09:30:00,86.75
2026-04-11 09:45:00,2026-04-11 09:45:00,86.738
2026-04-11 10:00:00,2026-04-11 10:00:00,86.748
2026-04-11 10:15:00,2026-04-11 10:15:00,86.752
2026-04-11 10:30:00,2026-04-11 10:30:00,86.754
2026-04-11 10:45:00,2026-04-11 10:45:00,86.753
2026-04-11 11:00:00,2026-04-11 11:00:00,86.752
2026-04-11 11:15:00,2026-04-11 11:15:00,86.747
2026-04-11 11:30:00,2026-04-11 11:30:00,86.752
2026-04-11 11:45:00,2026-04-11 11:45:00,86.752
2026-04-11 12:00:00,2026-04-11 12:00:00,86.75
2026-04-11 12:15:00,2026-04-11 12:15:00,86.741
2026-04-11 12:30:00,2026-04-11 12:30:00,86.736
2026-04-11 12:45:00,2026-04-11 12:45:00,86.74
2026-04-11 13:00:00,2026-04-11 13:00:00,86.737
2026-04-11 13:15:00,2026-04-11 13:15:00,86.73
2026-04-11 13:30:00,2026-04-11 13:30:00,86.732
2026-04-11 13:45:00,2026-04-11 13:45:00,86.742
2026-04-11 14:00:00,2026-04-11 14:00:00,86.746
2026-04-11 14:15:00,2026-04-11 14:15:00,86.74
2026-04-11 14:30:00,2026-04-11 14:30:00,86.74
2026-04-11 14:45:00,2026-04-11 14:45:00,86.742
2026-04-11 15:00:00,2026-04-11 15:00:00,86.738
2026-04-11 15:15:00,2026-04-11 15:15:00,86.734
2026-04-11 15:30:00,2026-04-11 15:30:00,86.744
2026-04-11 15:45:00,2026-04-11 15:45:00,86.743
2026-04-11 16:00:00,2026-04-11 16:00:00,86.737
2026-04-11 16:15:00,2026-04-11 16:15:00,86.738
2026-04-11 16:30:00,2026-04-11 16:30:00,86.733
2026-04-11 16:45:00,2026-04-11 16:45:00,86.729
2026-04-11 17:00:00,2026-04-11 17:00:00,86.731
2026-04-11 17:15:00,2026-04-11 17:15:00,86.724
2026-04-11 17:30:00,2026-04-11 17:30:00,86.725
2026-04-11 17:45:00,2026-04-11 17:45:00,86.729
2026-04-11 18:00:00,2026-04-11 18:00:00,86.731
2026-04-11 18:15:00,2026-04-11 18:15:00,86.729
2026-04-11 18:30:00,2026-04-11 18:30:00,86.725
2026-04-11 18:45:00,2026-04-11 18:45:00,86.723
2026-04-11 19:00:00,2026-04-11 19:00:00,86.722
2026-04-11 19:15:00,2026-04-11 19:15:00,86.719
2026-04-11 19:30:00,2026-04-11 19:30:00,86.72
2026-04-11 19:45:00,2026-04-11 19:45:00,86.723
2026-04-11 20:00:00,2026-04-11 20:00:00,86.725
2026-04-11 20:15:00,2026-04-11 20:15:00,86.724
2026-04-11 20:30:00,2026-04-11 20:30:00,86.728
2026-04-11 20:45:00,2026-04-11 20:45:00,86.72
2026-04-11 21:00:00,2026-04-11 21:00:00,86.722
2026-04-11 21:15:00,2026-04-11 21:15:00,86.716
2026-04-11 21:30:00,2026-04-11 21:30:00,86.722
2026-04-11 21:45:00,2026-04-11 21:45:00,86.721
2026-04-11 22:00:00,2026-04-11 22:00:00,86.721
2026-04-11 22:15:00,2026-04-11 22:15:00,86.723
2026-04-11 22:30:00,2026-04-11 22:30:00,86.719
2026-04-11 22:45:00,2026-04-11 22:45:00,86.715
2026-04-11 23:00:00,2026-04-11 23:00:00,86.713
2026-04-11 23:15:00,2026-04-11 23:15:00,86.721
2026-04-11 23:30:00,2026-04-11 23:30:00,86.72
2026-04-11 23:45:00,2026-04-11 23:45:00,86.727
2026-04-12 00:00:00,2026-04-12 00:00:00,86.724
2026-04-12 00:15:00,2026-04-12 00:15:00,86.715
2026-04-12 00:30:00,2026-04-12 00:30:00,86.718
2026-04-12 00:45:00,2026-04-12 00:45:00,86.723
2026-04-12 01:00:00,2026-04-12 01:00:00,86.722
2026-04-12 01:15:00,2026-04-12 01:15:00,86.715
2026-04-12 01:30:00,2026-04-12 01:30:00,86.719
2026-04-12 01:45:00,2026-04-12 01:45:00,86.718
2026-04-12 02:00:00,2026-04-12 02:00:00,86.722
2026-04-12 02:15:00,2026-04-12 02:15:00,86.722
2026-04-12 02:30:00,2026-04-12 02:30:00,86.726
2026-04-12 02:45:00,2026-04-12 02:45:00,86.719
2026-04-12 03:00:00,2026-04-12 03:00:00,86.718
2026-04-12 03:15:00,2026-04-12 03:15:00,86.72
2026-04-12 03:30:00,2026-04-12 03:30:00,86.718
2026-04-12 03:45:00,2026-04-12 03:45:00,86.72
2026-04-12 04:00:00,2026-04-12 04:00:00,86.719
2026-04-12 04:15:00,2026-04-12 04:15:00,86.71
2026-04-12 04:30:00,2026-04-12 04:30:00,86.705
2026-04-12 04:45:00,2026-04-12 04:45:00,86.719
2026-04-12 05:00:00,2026-04-12 05:00:00,86.724
2026-04-12 05:15:00,2026-04-12 05:15:00,86.714
2026-04-12 05:30:00,2026-04-12 05:30:00,86.711
2026-04-12 05:45:00,2026-04-12 05:45:00,86.702
2026-04-12 06:00:00,2026-04-12 06:00:00,86.704
2026-04-12 06:15:00,2026-04-12 06:15:00,86.707
2026-04-12 06:30:00,2026-04-12 06:30:00,86.716
2026-04-12 06:45:00,2026-04-12 06:45:00,86.71
2026-04-12 07:00:00,2026-04-12 07:00:00,86.713
2026-04-12 07:15:00,2026-04-12 07:15:00,86.709
2026-04-12 07:30:00,2026-04-12 07:30:00,86.713
2026-04-12 07:45:00,2026-04-12 07:45:00,86.701
2026-04-12 08:00:00,2026-04-12 08:00:00,86.696
2026-04-12 08:15:00,2026-04-12 08:15:00,86.709
2026-04-12 08:30:00,2026-04-12 08:30:00,86.714
2026-04-12 08:45:00,2026-04-12 08:45:00,86.71
2026-04-12 09:00:00,2026-04-12 09:00:00,86.704
2026-04-12 09:15:00,2026-04-12 09:15:00,86.69
2026-04-12 09:30:00,2026-04-12 09:30:00,86.683
2026-04-12 09:45:00,2026-04-12 09:45:00,86.702
2026-04-12 10:00:00,2026-04-12 10:00:00,86.702
2026-04-12 10:15:00,2026-04-12 10:15:00,86.7
2026-04-12 10:30:00,2026-04-12 10:30:00,86.701
2026-04-12 10:45:00,2026-04-12 10:45:00,86.691
2026-04-12 11:00:00,2026-04-12 11:00:00,86.683
2026-04-12 11:15:00,2026-04-12 11:15:00,86.685
2026-04-12 11:30:00,2026-04-12 11:30:00,86.685
2026-04-12 11:45:00,2026-04-12 11:45:00,86.716
2026-04-12 12:00:00,2026-04-12 12:00:00,86.681
2026-04-12 12:15:00,2026-04-12 12:15:00,86.687
2026-04-12 12:30:00,2026-04-12 12:30:00,86.689
2026-04-12 12:45:00,2026-04-12 12:45:00,86.691
2026-04-12 13:00:00,2026-04-12 13:00:00,86.691
2026-04-12 13:15:00,2026-04-12 13:15:00,86.676
2026-04-12 13:30:00,2026-04-12 13:30:00,86.673
2026-04-12 13:45:00,2026-04-12 13:45:00,86.676
2026-04-12 14:00:00,2026-04-12 14:00:00,86.681
2026-04-12 14:15:00,2026-04-12 14:15:00,86.674
2026-04-12 14:30:00,2026-04-12 14:30:00,86.683
2026-04-12 14:45:00,2026-04-12 14:45:00,86.69
2026-04-12 15:00:00,2026-04-12 15:00:00,86.683
2026-04-12 15:15:00,2026-04-12 15:15:00,86.686
2026-04-12 15:30:00,2026-04-12 15:30:00,86.681
2026-04-12 15:45:00,2026-04-12 15:45:00,86.678
2026-04-12 16:00:00,2026-04-12 16:00:00,86.677
2026-04-12 16:15:00,2026-04-12 16:15:00,86.687
2026-04-12 16:30:00,2026-04-12 16:30:00,86.681
2026-04-12 16:45:00,2026-04-12 16:45:00,86.673
2026-04-12 17:00:00,2026-04-12 17:00:00,86.672
2026-04-12 17:15:00,2026-04-12 17:15:00,86.666
2026-04-12 17:30:00,2026-04-12 17:30:00,86.667
2026-04-12 17:45:00,2026-04-12 17:45:00,86.666
2026-04-12 18:00:00,2026-04-12 18:00:00,86.672
2026-04-12 18:15:00,2026-04-12 18:15:00,86.663
2026-04-12 18:30:00,2026-04-12 18:30:00,86.667
2026-04-12 18:45:00,2026-04-12 18:45:00,86.67
2026-04-12 19:00:00,2026-04-12 19:00:00,86.669
2026-04-12 19:15:00,2026-04-12 19:15:00,86.675
2026-04-12 19:30:00,2026-04-12 19:30:00,86.673
2026-04-12 19:45:00,2026-04-12 19:45:00,86.662
2026-04-12 20:00:00,2026-04-12 20:00:00,86.664
2026-04-12 20:15:00,2026-04-12 20:15:00,86.671
2026-04-12 20:30:00,2026-04-12 20:30:00,86.673
2026-04-12 20:45:00,2026-04-12 20:45:00,86.67
2026-04-12 21:00:00,2026-04-12 21:00:00,86.67
2026-04-12 21:15:00,2026-04-12 21:15:00,86.663
2026-04-12 21:30:00,2026-04-12 21:30:00,86.656
2026-04-12 21:45:00,2026-04-12 21:45:00,86.652
2026-04-12 22:00:00,2026-04-12 22:00:00,86.658
2026-04-12 22:15:00,2026-04-12 22:15:00,86.667
2026-04-12 22:30:00,2026-04-12 22:30:00,86.664
2026-04-12 22:45:00,2026-04-12 22:45:00,86.663
2026-04-12 23:00:00,2026-04-12 23:00:00,86.66
2026-04-12 23:15:00,2026-04-12 23:15:00,86.656
2026-04-12 23:30:00,2026-04-12 23:30:00,86.657
2026-04-12 23:45:00,2026-04-12 23:45:00,86.653
2026-04-13 00:00:00,2026-04-13 00:00:00,86.648
2026-04-13 00:15:00,2026-04-13 00:15:00,86.655
2026-04-13 00:30:00,2026-04-13 00:30:00,86.656
2026-04-13 00:45:00,2026-04-13 00:45:00,86.654
2026-04-13 01:00:00,2026-04-13 01:00:00,86.653
2026-04-13 01:15:00,2026-04-13 01:15:00,86.667
2026-04-13 01:30:00,2026-04-13 01:30:00,86.662
2026-04-13 01:45:00,2026-04-13 01:45:00,86.655
2026-04-13 02:00:00,2026-04-13 02:00:00,86.654
2026-04-13 02:15:00,2026-04-13 02:15:00,86.652
2026-04-13 02:30:00,2026-04-13 02:30:00,86.655
2026-04-13 02:45:00,2026-04-13 02:45:00,86.662
2026-04-13 03:00:00,2026-04-13 03:00:00,86.668
2026-04-13 03:15:00,2026-04-13 03:15:00,86.666
2026-04-13 03:30:00,2026-04-13 03:30:00,86.665
2026-04-13 03:45:00,2026-04-13 03:45:00,86.65
2026-04-13 04:00:00,2026-04-13 04:00:00,86.653
2026-04-13 04:15:00,2026-04-13 04:15:00,86.662
2026-04-13 04:30:00,2026-04-13 04:30:00,86.658
2026-04-13 04:45:00,2026-04-13 04:45:00,86.66
2026-04-13 05:00:00,2026-04-13 05:00:00,86.659
2026-04-13 05:15:00,2026-04-13 05:15:00,86.651
2026-04-13 05:30:00,2026-04-13 05:30:00,86.657
2026-04-13 05:45:00,2026-04-13 05:45:00,86.663
2026-04-13 06:00:00,2026-04-13 06:00:00,86.662
2026-04-13 06:15:00,2026-04-13 06:15:00,86.657
2026-04-13 06:30:00,2026-04-13 06:30:00,86.655
2026-04-13 06:45:00,2026-04-13 06:45:00,86.645
2026-04-13 07:00:00,2026-04-13 07:00:00,86.647
2026-04-13 07:15:00,2026-04-13 07:15:00,86.648
2026-04-13 07:30:00,2026-04-13 07:30:00,86.648
2026-04-13 07:45:00,2026-04-13 07:45:00,86.653
2026-04-13 08:00:00,2026-04-13 08:00:00,86.654
2026-04-13 08:15:00,2026-04-13 08:15:00,86.635
2026-04-13 08:30:00,2026-04-13 08:30:00,86.636
2026-04-13 08:45:00,2026-04-13 08:45:00,86.641
2026-04-13 09:00:00,2026-04-13 09:00:00,86.643
2026-04-13 09:15:00,2026-04-13 09:15:00,86.65
2026-04-13 09:30:00,2026-04-13 09:30:00,86.652
2026-04-13 09:45:00,2026-04-13 09:45:00,86.645
2026-04-13 10:00:00,2026-04-13 10:00:00,86.643
2026-04-13 10:15:00,2026-04-13 10:15:00,86.632
2026-04-13 10:30:00,2026-04-13 10:30:00,86.636
2026-04-13 10:45:00,2026-04-13 10:45:00,86.632
2026-04-13 11:00:00,2026-04-13 11:00:00,86.634
2026-04-13 11:15:00,2026-04-13 11:15:00,86.63
2026-04-13 11:30:00,2026-04-13 11:30:00,86.626
2026-04-13 11:45:00,2026-04-13 11:45:00,86.624
2026-04-13 12:00:00,2026-04-13 12:00:00,86.63
2026-04-13 12:15:00,2026-04-13 12:15:00,86.627
2026-04-13 12:30:00,2026-04-13 12:30:00,86.631
2026-04-13 12:45:00,2026-04-13 12:45:00,86.619
2026-04-13 13:00:00,2026-04-13 13:00:00,86.619
2026-04-13 13:15:00,2026-04-13 13:15:00,86.617
2026-04-13 13:30:00,2026-04-13 13:30:00,86.619
2026-04-13 13:45:00,2026-04-13 13:45:00,86.619
2026-04-13 14:00:00,2026-04-13 14:00:00,86.624
2026-04-13 14:15:00,2026-04-13 14:15:00,86.62
2026-04-13 14:30:00,2026-04-13 14:30:00,86.613
2026-04-13 14:45:00,2026-04-13 14:45:00,86.618
2026-04-13 15:00:00,2026-04-13 15:00:00,86.619
2026-04-13 15:15:00,2026-04-13 15:15:00,86.617
2026-04-13 15:30:00,2026-04-13 15:30:00,86.611
2026-04-13 15:45:00,2026-04-13 15:45:00,86.616
2026-04-13 16:00:00,2026-04-13 16:00:00,86.611
2026-04-13 16:15:00,2026-04-13 16:15:00,86.608
2026-04-13 16:30:00,2026-04-13 16:30:00,86.602
2026-04-13 16:45:00,2026-04-13 16:45:00,86.608
2026-04-13 17:00:00,2026-04-13 17:00:00,86.606
2026-04-13 17:15:00,2026-04-13 17:15:00,86.607
2026-04-13 17:30:00,2026-04-13 17:30:00,86.606
2026-04-13 17:45:00,2026-04-13 17:45:00,86.608
2026-04-13 18:00:00,2026-04-13 18:00:00,86.607
2026-04-13 18:15:00,2026-04-13 18:15:00,86.609
2026-04-13 18:30:00,2026-04-13 18:30:00,86.61
2026-04-13 18:45:00,2026-04-13 18:45:00,86.605
2026-04-13 19:00:00,2026-04-13 19:00:00,86.606
2026-04-13 19:15:00,2026-04-13 19:15:00,86.608
2026-04-13 19:30:00,2026-04-13 19:30:00,86.609
2026-04-13 19:45:00,2026-04-13 19:45:00,86.604
2026-04-13 20:00:00,2026-04-13 20:00:00,86.608
2026-04-13 20:15:00,2026-04-13 20:15:00,86.618
2026-04-13 20:30:00,2026-04-13 20:30:00,86.615
2026-04-13 20:45:00,2026-04-13 20:45:00,86.605
2026-04-13 21:00:00,2026-04-13 21:00:00,86.604
2026-04-13 21:15:00,2026-04-13 21:15:00,86.603
2026-04-13 21:30:00,2026-04-13 21:30:00,86.6
2026-04-13 21:45:00,2026-04-13 21:45:00,86.609
2026-04-13 22:00:00,2026-04-13 22:00:00,86.615
2026-04-13 22:15:00,2026-04-13 22:15:00,86.606
2026-04-13 22:30:00,2026-04-13 22:30:00,86.607
2026-04-13 22:45:00,2026-04-13 22:45:00,86.605
2026-04-13 23:00:00,2026-04-13 23:00:00,86.602
2026-04-13 23:15:00,2026-04-13 23:15:00,86.6
2026-04-13 23:30:00,2026-04-13 23:30:00,86.599
2026-04-13 23:45:00,2026-04-13 23:45:00,86.601
2026-04-14 00:00:00,2026-04-14 00:00:00,86.595
2026-04-14 00:15:00,2026-04-14 00:15:00,86.599
2026-04-14 00:30:00,2026-04-14 00:30:00,86.598
2026-04-14 00:45:00,2026-04-14 00:45:00,86.591
2026-04-14 01:00:00,2026-04-14 01:00:00,86.591
2026-04-14 01:15:00,2026-04-14 01:15:00,86.596
2026-04-14 01:30:00,2026-04-14 01:30:00,86.601
2026-04-14 01:45:00,2026-04-14 01:45:00,86.591
2026-04-14 02:00:00,2026-04-14 02:00:00,86.59
2026-04-14 02:15:00,2026-04-14 02:15:00,86.599
2026-04-14 02:30:00,2026-04-14 02:30:00,86.601
2026-04-14 02:45:00,2026-04-14 02:45:00,86.611
2026-04-14 03:00:00,2026-04-14 03:00:00,86.613
2026-04-14 03:15:00,2026-04-14 03:15:00,86.601
2026-04-14 03:30:00,2026-04-14 03:30:00,86.598
2026-04-14 03:45:00,2026-04-14 03:45:00,86.605
2026-04-14 04:00:00,2026-04-14 04:00:00,86.604
2026-04-14 04:15:00,2026-04-14 04:15:00,86.599
2026-04-14 04:30:00,2026-04-14 04:30:00,86.6
2026-04-14 04:45:00,2026-04-14 04:45:00,86.592
2026-04-14 05:00:00,2026-04-14 05:00:00,86.592
2026-04-14 05:15:00,2026-04-14 05:15:00,86.591
2026-04-14 05:30:00,2026-04-14 05:30:00,86.593
2026-04-14 05:45:00,2026-04-14 05:45:00,86.598
2026-04-14 06:00:00,2026-04-14 06:00:00,86.598
2026-04-14 06:15:00,2026-04-14 06:15:00,86.598
2026-04-14 06:30:00,2026-04-14 06:30:00,86.587
2026-04-14 06:45:00,2026-04-14 06:45:00,86.596
2026-04-14 07:00:00,2026-04-14 07:00:00,86.588
2026-04-14 07:15:00,2026-04-14 07:15:00,86.592
2026-04-14 07:30:00,2026-04-14 07:30:00,86.588
2026-04-14 07:45:00,2026-04-14 07:45:00,86.582
2026-04-14 08:00:00,2026-04-14 08:00:00,86.583
2026-04-14 08:15:00,2026-04-14 08:15:00,86.592
2026-04-14 08:30:00,2026-04-14 08:30:00,86.591
2026-04-14 08:45:00,2026-04-14 08:45:00,86.582
2026-04-14 09:00:00,2026-04-14 09:00:00,86.582
2026-04-14 09:15:00,2026-04-14 09:15:00,86.587
2026-04-14 09:30:00,2026-04-14 09:30:00,86.576
2026-04-14 09:45:00,2026-04-14 09:45:00,86.576
2026-04-14 10:00:00,2026-04-14 10:00:00,86.576
2026-04-14 10:15:00,2026-04-14 10:15:00,86.576
2026-04-14 10:30:00,2026-04-14 10:30:00,86.579
2026-04-14 10:45:00,2026-04-14 10:45:00,86.578
2026-04-14 11:00:00,2026-04-14 11:00:00,86.568
2026-04-14 11:15:00,2026-04-14 11:15:00,86.568
2026-04-14 11:30:00,2026-04-14 11:30:00,86.563
2026-04-14 11:45:00,2026-04-14 11:45:00,86.57
2026-04-14 12:00:00,2026-04-14 12:00:00,86.568
2026-04-14 12:15:00,2026-04-14 12:15:00,86.556
2026-04-14 12:30:00,2026-04-14 12:30:00,86.548
2026-04-14 12:45:00,2026-04-14 12:45:00,86.55
2026-04-14 13:00:00,2026-04-14 13:00:00,86.548
2026-04-14 13:15:00,2026-04-14 13:15:00,86.555
2026-04-14 13:30:00,2026-04-14 13:30:00,86.554
2026-04-14 13:45:00,2026-04-14 13:45:00,86.547
2026-04-14 14:00:00,2026-04-14 14:00:00,86.544
2026-04-14 14:15:00,2026-04-14 14:15:00,86.544
2026-04-14 14:30:00,2026-04-14 14:30:00,86.546
2026-04-14 14:45:00,2026-04-14 14:45:00,86.547
2026-04-14 15:00:00,2026-04-14 15:00:00,86.554
2026-04-14 15:15:00,2026-04-14 15:15:00,86.557
2026-04-14 15:30:00,2026-04-14 15:30:00,86.553
2026-04-14 15:45:00,2026-04-14 15:45:00,86.546
2026-04-14 16:00:00,2026-04-14 16:00:00,86.55
2026-04-14 16:15:00,2026-04-14 16:15:00,86.55
2026-04-14 16:30:00,2026-04-14 16:30:00,86.55
2026-04-14 16:45:00,2026-04-14 16:45:00,86.55
2026-04-14 17:00:00,2026-04-14 17:00:00,86.552
2026-04-14 17:15:00,2026-04-14 17:15:00,86.547
2026-04-14 17:30:00,2026-04-14 17:30:00,86.552
2026-04-14 17:45:00,2026-04-14 17:45:00,86.539
2026-04-14 18:00:00,2026-04-14 18:00:00,86.539
2026-04-14 18:15:00,2026-04-14 18:15:00,86.534
2026-04-14 18:30:00,2026-04-14 18:30:00,86.541
2026-04-14 18:45:00,2026-04-14 18:45:00,86.548
2026-04-14 19:00:00,2026-04-14 19:00:00,86.55
2026-04-14 19:15:00,2026-04-14 19:15:00,86.545
2026-04-14 19:30:00,2026-04-14 19:30:00,86.542
2026-04-14 19:45:00,2026-04-14 19:45:00,86.544
2026-04-14 20:00:00,2026-04-14 20:00:00,86.55
2026-04-14 20:15:00,2026-04-14 20:15:00,86.549
2026-04-14 20:30:00,2026-04-14 20:30:00,86.545
2026-04-14 20:45:00,2026-04-14 20:45:00,86.535
2026-04-14 21:00:00,2026-04-14 21:00:00,86.536
2026-04-14 21:15:00,2026-04-14 21:15:00,86.54
2026-04-14 21:30:00,2026-04-14 21:30:00,86.543
2026-04-14 21:45:00,2026-04-14 21:45:00,86.554
2026-04-14 22:00:00,2026-04-14 22:00:00,86.555
2026-04-14 22:15:00,2026-04-14 22:15:00,86.546
2026-04-14 22:30:00,2026-04-14 22:30:00,86.541
2026-04-14 22:45:00,2026-04-14 22:45:00,86.546
2026-04-14 23:00:00,2026-04-14 23:00:00,86.544
2026-04-14 23:15:00,2026-04-14 23:15:00,86.55
2026-04-14 23:30:00,2026-04-14 23:30:00,86.551
2026-04-14 23:45:00,2026-04-14 23:45:00,86.548
2026-04-15 00:00:00,2026-04-15 00:00:00,86.548
2026-04-15 00:15:00,2026-04-15 00:15:00,86.552
2026-04-15 00:30:00,2026-04-15 00:30:00,86.551
2026-04-15 00:45:00,2026-04-15 00:45:00,86.545
2026-04-15 01:00:00,2026-04-15 01:00:00,86.549
2026-04-15 01:15:00,2026-04-15 01:15:00,86.54
2026-04-15 01:30:00,2026-04-15 01:30:00,86.542
2026-04-15 01:45:00,2026-04-15 01:45:00,86.539
2026-04-15 02:00:00,2026-04-15 02:00:00,86.543
2026-04-15 02:15:00,2026-04-15 02:15:00,86.551
2026-04-15 02:30:00,2026-04-15 02:30:00,86.553
2026-04-15 02:45:00,2026-04-15 02:45:00,86.552
2026-04-15 03:00:00,2026-04-15 03:00:00,86.554
2026-04-15 03:15:00,2026-04-15 03:15:00,86.549
2026-04-15 03:30:00,2026-04-15 03:30:00,86.551
2026-04-15 03:45:00,2026-04-15 03:45:00,86.555
2026-04-15 04:00:00,2026-04-15 04:00:00,86.545
2026-04-15 04:15:00,2026-04-15 04:15:00,86.553
2026-04-15 04:30:00,2026-04-15 04:30:00,86.547
2026-04-15 04:45:00,2026-04-15 04:45:00,86.538
2026-04-15 05:00:00,2026-04-15 05:00:00,86.535
2026-04-15 05:15:00,2026-04-15 05:15:00,86.543
2026-04-15 05:30:00,2026-04-15 05:30:00,86.542
2026-04-15 05:45:00,2026-04-15 05:45:00,86.539
2026-04-15 06:00:00,2026-04-15 06:00:00,86.538
2026-04-15 06:15:00,2026-04-15 06:15:00,86.539
2026-04-15 06:30:00,2026-04-15 06:30:00,86.538
2026-04-15 06:45:00,2026-04-15 06:45:00,86.542
2026-04-15 07:00:00,2026-04-15 07:00:00,86.538
2026-04-15 07:15:00,2026-04-15 07:15:00,86.532
2026-04-15 07:30:00,2026-04-15 07:30:00,86.534
2026-04-15 07:45:00,2026-04-15 07:45:00,86.533
2026-04-15 08:00:00,2026-04-15 08:00:00,86.524
2026-04-15 08:15:00,2026-04-15 08:15:00,86.54
2026-04-15 08:30:00,2026-04-15 08:30:00,86.536
2026-04-15 08:45:00,2026-04-15 08:45:00,86.53
2026-04-15 09:00:00,2026-04-15 09:00:00,86.532
2026-04-15 09:15:00,2026-04-15 09:15:00,86.525
2026-04-15 09:30:00,2026-04-15 09:30:00,86.518
2026-04-15 09:45:00,2026-04-15 09:45:00,86.528
2026-04-15 10:00:00,2026-04-15 10:00:00,86.521
2026-04-15 10:15:00,2026-04-15 10:15:00,86.52
2026-04-15 10:30:00,2026-04-15 10:30:00,86.513
2026-04-15 10:45:00,2026-04-15 10:45:00,86.517
2026-04-15 11:00:00,2026-04-15 11:00:00,86.509
2026-04-15 11:15:00,2026-04-15 11:15:00,86.519
2026-04-15 11:30:00,2026-04-15 11:30:00,86.519
2026-04-15 11:45:00,2026-04-15 11:45:00,86.518
2026-04-15 12:00:00,2026-04-15 12:00:00,86.509
2026-04-15 12:15:00,2026-04-15 12:15:00,86.501
2026-04-15 12:30:00,2026-04-15 12:30:00,86.502
2026-04-15 12:45:00,2026-04-15 12:45:00,86.496
2026-04-15 13:00:00,2026-04-15 13:00:00,86.499
2026-04-15 13:15:00,2026-04-15 13:15:00,86.504
2026-04-15 13:30:00,2026-04-15 13:30:00,86.508
2026-04-15 13:45:00,2026-04-15 13:45:00,86.507
2026-04-15 14:00:00,2026-04-15 14:00:00,86.502
2026-04-15 14:15:00,2026-04-15 14:15:00,86.505
2026-04-15 14:30:00,2026-04-15 14:30:00,86.502
2026-04-15 14:45:00,2026-04-15 14:45:00,86.504
2026-04-15 15:00:00,2026-04-15 15:00:00,86.505
2026-04-15 15:15:00,2026-04-15 15:15:00,86.496
2026-04-15 15:30:00,2026-04-15 15:30:00,86.501
2026-04-15 15:45:00,2026-04-15 15:45:00,86.499
2026-04-15 16:00:00,2026-04-15 16:00:00,86.493
2026-04-15 16:15:00,2026-04-15 16:15:00,86.489
2026-04-15 16:30:00,2026-04-15 16:30:00,86.486
2026-04-15 16:45:00,2026-04-15 16:45:00,86.491
2026-04-15 17:00:00,2026-04-15 17:00:00,86.49
2026-04-15 17:15:00,2026-04-15 17:15:00,86.487
2026-04-15 17:30:00,2026-04-15 17:30:00,86.487
2026-04-15 17:45:00,2026-04-15 17:45:00,86.486
2026-04-15 18:00:00,2026-04-15 18:00:00,86.491
2026-04-15 18:15:00,2026-04-15 18:15:00,86.487
2026-04-15 18:30:00,2026-04-15 18:30:00,86.487
2026-04-15 18:45:00,2026-04-15 18:45:00,86.49
2026-04-15 19:00:00,2026-04-15 19:00:00,86.492
2026-04-15 19:15:00,2026-04-15 19:15:00,86.493
2026-04-15 19:30:00,2026-04-15 19:30:00,86.497
2026-04-15 19:45:00,2026-04-15 19:45:00,86.49
2026-04-15 20:00:00,2026-04-15 20:00:00,86.486
2026-04-15 20:15:00,2026-04-15 20:15:00,86.489
2026-04-15 20:30:00,2026-04-15 20:30:00,86.492
2026-04-15 20:45:00,2026-04-15 20:45:00,86.489
2026-04-15 21:00:00,2026-04-15 21:00:00,86.482
2026-04-15 21:15:00,2026-04-15 21:15:00,86.481
2026-04-15 21:30:00,2026-04-15 21:30:00,86.476
2026-04-15 21:45:00,2026-04-15 21:45:00,86.483
2026-04-15 22:00:00,2026-04-15 22:00:00,86.48
2026-04-15 22:15:00,2026-04-15 22:15:00,86.492
2026-04-15 22:30:00,2026-04-15 22:30:00,86.496
2026-04-15 22:45:00,2026-04-15 22:45:00,86.484
2026-04-15 23:00:00,2026-04-15 23:00:00,86.48
2026-04-15 23:15:00,2026-04-15 23:15:00,86.489
2026-04-15 23:30:00,2026-04-15 23:30:00,86.487
2026-04-15 23:45:00,2026-04-15 23:45:00,86.49
2026-04-16 00:00:00,2026-04-16 00:00:00,86.479
2026-04-16 00:15:00,2026-04-16 00:15:00,86.478
2026-04-16 00:30:00,2026-04-16 00:30:00,86.482
2026-04-16 00:45:00,2026-04-16 00:45:00,86.473
2026-04-16 01:00:00,2026-04-16 01:00:00,86.475
2026-04-16 01:15:00,2026-04-16 01:15:00,86.477
2026-04-16 01:30:00,2026-04-16 01:30:00,86.48
2026-04-16 01:45:00,2026-04-16 01:45:00,86.482
2026-04-16 02:00:00,2026-04-16 02:00:00,86.484
2026-04-16 02:15:00,2026-04-16 02:15:00,86.489
2026-04-16 02:30:00,2026-04-16 02:30:00,86.486
2026-04-16 02:45:00,2026-04-16 02:45:00,86.484
2026-04-16 03:00:00,2026-04-16 03:00:00,86.484
2026-04-16 03:15:00,2026-04-16 03:15:00,86.484
2026-04-16 03:30:00,2026-04-16 03:30:00,86.482
2026-04-16 03:45:00,2026-04-16 03:45:00,86.476
2026-04-16 04:00:00,2026-04-16 04:00:00,86.478
2026-04-16 04:15:00,2026-04-16 04:15:00,86.482
2026-04-16 04:30:00,2026-04-16 04:30:00,86.475
2026-04-16 04:45:00,2026-04-16 04:45:00,86.476
2026-04-16 05:00:00,2026-04-16 05:00:00,86.479
2026-04-16 05:15:00,2026-04-16 05:15:00,86.472
2026-04-16 05:30:00,2026-04-16 05:30:00,86.474
2026-04-16 05:45:00,2026-04-16 05:45:00,86.466
2026-04-16 06:00:00,2026-04-16 06:00:00,86.469
2026-04-16 06:15:00,2026-04-16 06:15:00,86.479
2026-04-16 06:30:00,2026-04-16 06:30:00,86.478
2026-04-16 06:45:00,2026-04-16 06:45:00,86.467
2026-04-16 07:00:00,2026-04-16 07:00:00,86.469
2026-04-16 07:15:00,2026-04-16 07:15:00,86.467
2026-04-16 07:30:00,2026-04-16 07:30:00,86.47
2026-04-16 07:45:00,2026-04-16 07:45:00,86.469
2026-04-16 08:00:00,2026-04-16 08:00:00,86.48
2026-04-16 08:15:00,2026-04-16 08:15:00,86.475
2026-04-16 08:30:00,2026-04-16 08:30:00,86.478
2026-04-16 08:45:00,2026-04-16 08:45:00,86.471
2026-04-16 09:00:00,2026-04-16 09:00:00,86.464
2026-04-16 09:15:00,2026-04-16 09:15:00,86.461
2026-04-16 09:30:00,2026-04-16 09:30:00,86.459
2026-04-16 09:45:00,2026-04-16 09:45:00,86.473
2026-04-16 10:00:00,2026-04-16 10:00:00,86.474
2026-04-16 10:15:00,2026-04-16 10:15:00,86.469
2026-04-16 10:30:00,2026-04-16 10:30:00,86.468
2026-04-16 10:45:00,2026-04-16 10:45:00,86.469
2026-04-16 11:00:00,2026-04-16 11:00:00,86.463
2026-04-16 11:15:00,2026-04-16 11:15:00,86.457
2026-04-16 11:30:00,2026-04-16 11:30:00,86.457
2026-04-16 11:45:00,2026-04-16 11:45:00,86.458
2026-04-16 12:00:00,2026-04-16 12:00:00,86.457
2026-04-16 12:15:00,2026-04-16 12:15:00,86.447
2026-04-16 12:30:00,2026-04-16 12:30:00,86.445
2026-04-16 12:45:00,2026-04-16 12:45:00,86.454
2026-04-16 13:00:00,2026-04-16 13:00:00,86.446
2026-04-16 13:15:00,2026-04-16 13:15:00,86.441
2026-04-16 13:30:00,2026-04-16 13:30:00,86.439
2026-04-16 13:45:00,2026-04-16 13:45:00,86.449
2026-04-16 14:00:00,2026-04-16 14:00:00,86.438
2026-04-16 14:15:00,2026-04-16 14:15:00,86.44
2026-04-16 14:30:00,2026-04-16 14:30:00,86.439
2026-04-16 14:45:00,2026-04-16 14:45:00,86.431
2026-04-16 15:00:00,2026-04-16 15:00:00,86.432
2026-04-16 15:15:00,2026-04-16 15:15:00,86.436
2026-04-16 15:30:00,2026-04-16 15:30:00,86.434
2026-04-16 15:45:00,2026-04-16 15:45:00,86.442
2026-04-16 16:00:00,2026-04-16 16:00:00,86.447
2026-04-16 16:15:00,2026-04-16 16:15:00,86.439
2026-04-16 16:30:00,2026-04-16 16:30:00,86.437
2026-04-16 16:45:00,2026-04-16 16:45:00,86.428
2026-04-16 17:00:00,2026-04-16 17:00:00,86.432
2026-04-16 17:15:00,2026-04-16 17:15:00,86.437
2026-04-16 17:30:00,2026-04-16 17:30:00,86.434
2026-04-16 17:45:00,2026-04-16 17:45:00,86.435
2026-04-16 18:00:00,2026-04-16 18:00:00,86.43
2026-04-16 18:15:00,2026-04-16 18:15:00,86.425
2026-04-16 18:30:00,2026-04-16 18:30:00,86.428
2026-04-16 18:45:00,2026-04-16 18:45:00,86.436
2026-04-16 19:00:00,2026-04-16 19:00:00,86.437
2026-04-16 19:15:00,2026-04-16 19:15:00,86.432
2026-04-16 19:30:00,2026-04-16 19:30:00,86.431
2026-04-16 19:45:00,2026-04-16 19:45:00,86.437
2026-04-16 20:00:00,2026-04-16 20:00:00,86.439
2026-04-16 20:15:00,2026-04-16 20:15:00,86.441
2026-04-16 20:30:00,2026-04-16 20:30:00,86.442
2026-04-16 20:45:00,2026-04-16 20:45:00,86.438
2026-04-16 21:00:00,2026-04-16 21:00:00,86.437
2026-04-16 21:15:00,2026-04-16 21:15:00,86.443
2026-04-16 21:30:00,2026-04-16 21:30:00,86.448
2026-04-16 21:45:00,2026-04-16 21:45:00,86.446
2026-04-16 22:00:00,2026-04-16 22:00:00,86.442
2026-04-16 22:15:00,2026-04-16 22:15:00,86.441
2026-04-16 22:30:00,2026-04-16 22:30:00,86.44
2026-04-16 22:45:00,2026-04-16 22:45:00,86.444
2026-04-16 23:00:00,2026-04-16 23:00:00,86.449
2026-04-16 23:15:00,2026-04-16 23:15:00,86.449
2026-04-16 23:30:00,2026-04-16 23:30:00,86.444
2026-04-16 23:45:00,2026-04-16 23:45:00,86.436
2026-04-17 00:00:00,2026-04-17 00:00:00,86.44
2026-04-17 00:15:00,2026-04-17 00:15:00,86.446
2026-04-17 00:30:00,2026-04-17 00:30:00,86.445
2026-04-17 00:45:00,2026-04-17 00:45:00,86.446
2026-04-17 01:00:00,2026-04-17 01:00:00,86.448
2026-04-17 01:15:00,2026-04-17 01:15:00,86.439
2026-04-17 01:30:00,2026-04-17 01:30:00,86.439
2026-04-17 01:45:00,2026-04-17 01:45:00,86.441
2026-04-17 02:00:00,2026-04-17 02:00:00,86.439
2026-04-17 02:15:00,2026-04-17 02:15:00,86.434
2026-04-17 02:30:00,2026-04-17 02:30:00,86.43
2026-04-17 02:45:00,2026-04-17 02:45:00,86.431
2026-04-17 03:00:00,2026-04-17 03:00:00,86.432
2026-04-17 03:15:00,2026-04-17 03:15:00,86.441
2026-04-17 03:30:00,2026-04-17 03:30:00,86.447
2026-04-17 03:45:00,2026-04-17 03:45:00,86.443
2026-04-17 04:00:00,2026-04-17 04:00:00,86.447
2026-04-17 04:15:00,2026-04-17 04:15:00,86.433
2026-04-17 04:30:00,2026-04-17 04:30:00,86.433
2026-04-17 04:45:00,2026-04-17 04:45:00,86.436
2026-04-17 05:00:00,2026-04-17 05:00:00,86.438
2026-04-17 05:15:00,2026-04-17 05:15:00,86.441
2026-04-17 05:30:00,2026-04-17 05:30:00,86.441
2026-04-17 05:45:00,2026-04-17 05:45:00,86.428
2026-04-17 06:00:00,2026-04-17 06:00:00,86.429
2026-04-17 06:15:00,2026-04-17 06:15:00,86.425
2026-04-17 06:30:00,2026-04-17 06:30:00,86.43
2026-04-17 06:45:00,2026-04-17 06:45:00,86.424
2026-04-17 07:00:00,2026-04-17 07:00:00,86.425
2026-04-17 07:15:00,2026-04-17 07:15:00,86.43
2026-04-17 07:30:00,2026-04-17 07:30:00,86.433
2026-04-17 07:45:00,2026-04-17 07:45:00,86.417
2026-04-17 08:00:00,2026-04-17 08:00:00,86.418
2026-04-17 08:15:00,2026-04-17 08:15:00,86.413
2026-04-17 08:30:00,2026-04-17 08:30:00,86.41
2026-04-17 08:45:00,2026-04-17 08:45:00,86.421
2026-04-17 09:00:00,2026-04-17 09:00:00,86.418
2026-04-17 09:15:00,2026-04-17 09:15:00,86.405
2026-04-17 09:30:00,2026-04-17 09:30:00,86.407
2026-04-17 09:45:00,2026-04-17 09:45:00,86.42
2026-04-17 10:00:00,2026-04-17 10:00:00,86.426
2026-04-17 10:15:00,2026-04-17 10:15:00,86.415
2026-04-17 10:30:00,2026-04-17 10:30:00,86.412
2026-04-17 10:45:00,2026-04-17 10:45:00,86.399
2026-04-17 11:00:00,2026-04-17 11:00:00,86.406
2026-04-17 11:15:00,2026-04-17 11:15:00,86.401
2026-04-17 11:30:00,2026-04-17 11:30:00,86.409
2026-04-17 11:45:00,2026-04-17 11:45:00,86.396
2026-04-17 12:00:00,2026-04-17 12:00:00,86.395
2026-04-17 12:15:00,2026-04-17 12:15:00,86.379
2026-04-17 12:30:00,2026-04-17 12:30:00,86.385
2026-04-17 12:45:00,2026-04-17 12:45:00,86.397
2026-04-17 13:00:00,2026-04-17 13:00:00,86.396
2026-04-17 13:15:00,2026-04-17 13:15:00,86.396
2026-04-17 13:30:00,2026-04-17 13:30:00,86.393
2026-04-17 13:45:00,2026-04-17 13:45:00,86.384
2026-04-17 14:00:00,2026-04-17 14:00:00,86.381
2026-04-17 14:15:00,2026-04-17 14:15:00,86.393
2026-04-17 14:30:00,2026-04-17 14:30:00,86.393
2026-04-17 14:45:00,2026-04-17 14:45:00,86.385
2026-04-17 15:00:00,2026-04-17 15:00:00,86.388
2026-04-17 15:15:00,2026-04-17 15:15:00,86.383
2026-04-17 15:30:00,2026-04-17 15:30:00,86.381
2026-04-17 15:45:00,2026-04-17 15:45:00,86.391
2026-04-17 16:00:00,2026-04-17 16:00:00,86.383
2026-04-17 16:15:00,2026-04-17 16:15:00,86.373
2026-04-17 16:30:00,2026-04-17 16:30:00,86.368
2026-04-17 16:45:00,2026-04-17 16:45:00,86.372
2026-04-17 17:00:00,2026-04-17 17:00:00,86.37
2026-04-17 17:15:00,2026-04-17 17:15:00,86.375
2026-04-17 17:30:00,2026-04-17 17:30:00,86.378
2026-04-17 17:45:00,2026-04-17 17:45:00,86.369
2026-04-17 18:00:00,2026-04-17 18:00:00,86.369
2026-04-17 18:15:00,2026-04-17 18:15:00,86.369
2026-04-17 18:30:00,2026-04-17 18:30:00,86.373
2026-04-17 18:45:00,2026-04-17 18:45:00,86.372
2026-04-17 19:00:00,2026-04-17 19:00:00,86.374
2026-04-17 19:15:00,2026-04-17 19:15:00,86.372
2026-04-17 19:30:00,2026-04-17 19:30:00,86.374
2026-04-17 19:45:00,2026-04-17 19:45:00,86.388
2026-04-17 20:00:00,2026-04-17 20:00:00,86.388
2026-04-17 20:15:00,2026-04-17 20:15:00,86.375
2026-04-17 20:30:00,2026-04-17 20:30:00,86.371
2026-04-17 20:45:00,2026-04-17 20:45:00,86.368
2026-04-17 21:00:00,2026-04-17 21:00:00,86.37
2026-04-17 21:15:00,2026-04-17 21:15:00,86.375
2026-04-17 21:30:00,2026-04-17 21:30:00,86.381
2026-04-17 21:45:00,2026-04-17 21:45:00,86.383
2026-04-17 22:00:00,2026-04-17 22:00:00,86.38
2026-04-17 22:15:00,2026-04-17 22:15:00,86.382
2026-04-17 22:30:00,2026-04-17 22:30:00,86.38
2026-04-17 22:45:00,2026-04-17 22:45:00,86.379
2026-04-17 23:00:00,2026-04-17 23:00:00,86.375
2026-04-17 23:15:00,2026-04-17 23:15:00,86.377
2026-04-17 23:30:00,2026-04-17 23:30:00,86.372
2026-04-17 23:45:00,2026-04-17 23:45:00,86.379
2026-04-18 00:00:00,2026-04-18 00:00:00,86.375
2026-04-18 00:15:00,2026-04-18 00:15:00,86.372
2026-04-18 00:30:00,2026-04-18 00:30:00,86.375
2026-04-18 00:45:00,2026-04-18 00:45:00,86.372
2026-04-18 01:00:00,2026-04-18 01:00:00,86.375
2026-04-18 01:15:00,2026-04-18 01:15:00,86.373
2026-04-18 01:30:00,2026-04-18 01:30:00,86.379
2026-04-18 01:45:00,2026-04-18 01:45:00,86.382
2026-04-18 02:00:00,2026-04-18 02:00:00,86.383
2026-04-18 02:15:00,2026-04-18 02:15:00,86.372
2026-04-18 02:30:00,2026-04-18 02:30:00,86.372
2026-04-18 02:45:00,2026-04-18 02:45:00,86.371
2026-04-18 03:00:00,2026-04-18 03:00:00,86.375
2026-04-18 03:15:00,2026-04-18 03:15:00,86.376
2026-04-18 03:30:00,2026-04-18 03:30:00,86.38
2026-04-18 03:45:00,2026-04-18 03:45:00,86.379
2026-04-18 04:00:00,2026-04-18 04:00:00,86.376
2026-04-18 04:15:00,2026-04-18 04:15:00,86.377
2026-04-18 04:30:00,2026-04-18 04:30:00,86.376
2026-04-18 04:45:00,2026-04-18 04:45:00,86.362
2026-04-18 05:00:00,2026-04-18 05:00:00,86.366
2026-04-18 05:15:00,2026-04-18 05:15:00,86.361
2026-04-18 05:30:00,2026-04-18 05:30:00,86.367
2026-04-18 05:45:00,2026-04-18 05:45:00,86.376
2026-04-18 06:00:00,2026-04-18 06:00:00,86.372
2026-04-18 06:15:00,2026-04-18 06:15:00,86.369
2026-04-18 06:30:00,2026-04-18 06:30:00,86.373
2026-04-18 06:45:00,2026-04-18 06:45:00,86.365
2026-04-18 07:00:00,2026-04-18 07:00:00,86.364
2026-04-18 07:15:00,2026-04-18 07:15:00,86.364
2026-04-18 07:30:00,2026-04-18 07:30:00,86.366
2026-04-18 07:45:00,2026-04-18 07:45:00,86.365
2026-04-18 08:00:00,2026-04-18 08:00:00,86.37
2026-04-18 08:15:00,2026-04-18 08:15:00,86.366
2026-04-18 08:30:00,2026-04-18 08:30:00,86.368
2026-04-18 08:45:00,2026-04-18 08:45:00,86.363
2026-04-18 09:00:00,2026-04-18 09:00:00,86.359
2026-04-18 09:15:00,2026-04-18 09:15:00,86.356
2026-04-18 09:30:00,2026-04-18 09:30:00,86.348
2026-04-18 09:45:00,2026-04-18 09:45:00,86.348
2026-04-18 10:00:00,2026-04-18 10:00:00,86.347
2026-04-18 10:15:00,2026-04-18 10:15:00,86.353
2026-04-18 10:30:00,2026-04-18 10:30:00,86.35
2026-04-18 10:45:00,2026-04-18 10:45:00,86.328
2026-04-18 11:00:00,2026-04-18 11:00:00,86.325
2026-04-18 11:15:00,2026-04-18 11:15:00,86.325
2026-04-18 11:30:00,2026-04-18 11:30:00,86.33
2026-04-18 11:45:00,2026-04-18 11:45:00,86.347
2026-04-18 12:00:00,2026-04-18 12:00:00,86.343
2026-04-18 12:15:00,2026-04-18 12:15:00,86.349
2026-04-18 12:30:00,2026-04-18 12:30:00,86.331
2026-04-18 12:45:00,2026-04-18 12:45:00,86.337
2026-04-18 13:00:00,2026-04-18 13:00:00,86.334
2026-04-18 13:15:00,2026-04-18 13:15:00,86.332
2026-04-18 13:30:00,2026-04-18 13:30:00,86.333
2026-04-18 13:45:00,2026-04-18 13:45:00,86.327
2026-04-18 14:00:00,2026-04-18 14:00:00,86.321
2026-04-18 14:15:00,2026-04-18 14:15:00,86.315
2026-04-18 14:30:00,2026-04-18 14:30:00,86.324
2026-04-18 14:45:00,2026-04-18 14:45:00,86.313
2026-04-18 15:00:00,2026-04-18 15:00:00,86.316
2026-04-18 15:15:00,2026-04-18 15:15:00,86.325
2026-04-18 15:30:00,2026-04-18 15:30:00,86.323
2026-04-18 15:45:00,2026-04-18 15:45:00,86.32
2026-04-18 16:00:00,2026-04-18 16:00:00,86.321
2026-04-18 16:15:00,2026-04-18 16:15:00,86.311
2026-04-18 16:30:00,2026-04-18 16:30:00,86.311
2026-04-18 16:45:00,2026-04-18 16:45:00,86.315
2026-04-18 17:00:00,2026-04-18 17:00:00,86.309
2026-04-18 17:15:00,2026-04-18 17:15:00,86.321
2026-04-18 17:30:00,2026-04-18 17:30:00,86.32
2026-04-18 17:45:00,2026-04-18 17:45:00,86.322
2026-04-18 18:00:00,2026-04-18 18:00:00,86.316
2026-04-18 18:15:00,2026-04-18 18:15:00,86.309
2026-04-18 18:30:00,2026-04-18 18:30:00,86.313
2026-04-18 18:45:00,2026-04-18 18:45:00,86.318
2026-04-18 19:00:00,2026-04-18 19:00:00,86.313
2026-04-18 19:15:00,2026-04-18 19:15:00,86.319
2026-04-18 19:30:00,2026-04-18 19:30:00,86.321
2026-04-18 19:45:00,2026-04-18 19:45:00,86.312
2026-04-18 20:00:00,2026-04-18 20:00:00,86.315
2026-04-18 20:15:00,2026-04-18 20:15:00,86.319
2026-04-18 20:30:00,2026-04-18 20:30:00,86.316
2026-04-18 20:45:00,2026-04-18 20:45:00,86.32
2026-04-18 21:00:00,2026-04-18 21:00:00,86.32
2026-04-18 21:15:00,2026-04-18 21:15:00,86.308
2026-04-18 21:30:00,2026-04-18 21:30:00,86.311
2026-04-18 21:45:00,2026-04-18 21:45:00,86.31
2026-04-18 22:00:00,2026-04-18 22:00:00,86.315
2026-04-18 22:15:00,2026-04-18 22:15:00,86.315
2026-04-18 22:30:00,2026-04-18 22:30:00,86.317
2026-04-18 22:45:00,2026-04-18 22:45:00,86.318
2026-04-18 23:00:00,2026-04-18 23:00:00,86.317
2026-04-18 23:15:00,2026-04-18 23:15:00,86.321
2026-04-18 23:30:00,2026-04-18 23:30:00,86.319
2026-04-18 23:45:00,2026-04-18 23:45:00,86.313
2026-04-19 00:00:00,2026-04-19 00:00:00,86.313
2026-04-19 00:15:00,2026-04-19 00:15:00,86.317
2026-04-19 00:30:00,2026-04-19 00:30:00,86.31
2026-04-19 00:45:00,2026-04-19 00:45:00,86.317
2026-04-19 01:00:00,2026-04-19 01:00:00,86.317
2026-04-19 01:15:00,2026-04-19 01:15:00,86.314
2026-04-19 01:30:00,2026-04-19 01:30:00,86.312
2026-04-19 01:45:00,2026-04-19 01:45:00,86.309
2026-04-19 02:00:00,2026-04-19 02:00:00,86.308
2026-04-19 02:15:00,2026-04-19 02:15:00,86.307
2026-04-19 02:30:00,2026-04-19 02:30:00,86.306
2026-04-19 02:45:00,2026-04-19 02:45:00,86.309
2026-04-19 03:00:00,2026-04-19 03:00:00,86.309
2026-04-19 03:15:00,2026-04-19 03:15:00,86.3
2026-04-19 03:30:00,2026-04-19 03:30:00,86.305
2026-04-19 03:45:00,2026-04-19 03:45:00,86.308
2026-04-19 04:00:00,2026-04-19 04:00:00,86.31
2026-04-19 04:15:00,2026-04-19 04:15:00,86.307
2026-04-19 04:30:00,2026-04-19 04:30:00,86.301
2026-04-19 04:45:00,2026-04-19 04:45:00,86.304
2026-04-19 05:00:00,2026-04-19 05:00:00,86.302
2026-04-19 05:15:00,2026-04-19 05:15:00,86.303
2026-04-19 05:30:00,2026-04-19 05:30:00,86.303
2026-04-19 05:45:00,2026-04-19 05:45:00,86.303
2026-04-19 06:00:00,2026-04-19 06:00:00,86.303
2026-04-19 06:15:00,2026-04-19 06:15:00,86.306
2026-04-19 06:30:00,2026-04-19 06:30:00,86.295
2026-04-19 06:45:00,2026-04-19 06:45:00,86.284
2026-04-19 07:00:00,2026-04-19 07:00:00,86.29
2026-04-19 07:15:00,2026-04-19 07:15:00,86.298
2026-04-19 07:30:00,2026-04-19 07:30:00,86.292
2026-04-19 07:45:00,2026-04-19 07:45:00,86.296
2026-04-19 08:00:00,2026-04-19 08:00:00,86.292
2026-04-19 08:15:00,2026-04-19 08:15:00,86.285
2026-04-19 08:30:00,2026-04-19 08:30:00,86.283
2026-04-19 08:45:00,2026-04-19 08:45:00,86.292
2026-04-19 09:00:00,2026-04-19 09:00:00,86.29
2026-04-19 09:15:00,2026-04-19 09:15:00,86.291
2026-04-19 09:30:00,2026-04-19 09:30:00,86.29
2026-04-19 09:45:00,2026-04-19 09:45:00,86.285
2026-04-19 10:00:00,2026-04-19 10:00:00,86.286
2026-04-19 10:15:00,2026-04-19 10:15:00,86.281
2026-04-19 10:30:00,2026-04-19 10:30:00,86.287
2026-04-19 10:45:00,2026-04-19 10:45:00,86.286
2026-04-19 11:00:00,2026-04-19 11:00:00,86.277
2026-04-19 11:15:00,2026-04-19 11:15:00,86.267
2026-04-19 11:30:00,2026-04-19 11:30:00,86.266
2026-04-19 11:45:00,2026-04-19 11:45:00,86.267
2026-04-19 12:00:00,2026-04-19 12:00:00,86.271
2026-04-19 12:15:00,2026-04-19 12:15:00,86.273
2026-04-19 12:30:00,2026-04-19 12:30:00,86.273
2026-04-19 12:45:00,2026-04-19 12:45:00,86.269
2026-04-19 13:00:00,2026-04-19 13:00:00,86.263
2026-04-19 13:15:00,2026-04-19 13:15:00,86.252
2026-04-19 13:30:00,2026-04-19 13:30:00,86.254
2026-04-19 13:45:00,2026-04-19 13:45:00,86.258
2026-04-19 14:00:00,2026-04-19 14:00:00,86.258
2026-04-19 14:15:00,2026-04-19 14:15:00,86.265
2026-04-19 14:30:00,2026-04-19 14:30:00,86.262
2026-04-19 14:45:00,2026-04-19 14:45:00,86.251
2026-04-19 15:00:00,2026-04-19 15:00:00,86.253
2026-04-19 15:15:00,2026-04-19 15:15:00,86.246
2026-04-19 15:30:00,2026-04-19 15:30:00,86.244
2026-04-19 15:45:00,2026-04-19 15:45:00,86.254
2026-04-19 16:00:00,2026-04-19 16:00:00,86.258
2026-04-19 16:15:00,2026-04-19 16:15:00,86.251
2026-04-19 16:30:00,2026-04-19 16:30:00,86.248
2026-04-19 16:45:00,2026-04-19 16:45:00,86.252
2026-04-19 17:00:00,2026-04-19 17:00:00,86.251
2026-04-19 17:15:00,2026-04-19 17:15:00,86.255
2026-04-19 17:30:00,2026-04-19 17:30:00,86.26
2026-04-19 17:45:00,2026-04-19 17:45:00,86.246
2026-04-19 18:00:00,2026-04-19 18:00:00,86.24
2026-04-19 18:15:00,2026-04-19 18:15:00,86.246
2026-04-19 18:30:00,2026-04-19 18:30:00,86.247
2026-04-19 18:45:00,2026-04-19 18:45:00,86.251
2026-04-19 19:00:00,2026-04-19 19:00:00,86.252
2026-04-19 19:15:00,2026-04-19 19:15:00,86.237
2026-04-19 19:30:00,2026-04-19 19:30:00,86.24
2026-04-19 19:45:00,2026-04-19 19:45:00,86.244
2026-04-19 20:00:00,2026-04-19 20:00:00,86.25
2026-04-19 20:15:00,2026-04-19 20:15:00,86.244
2026-04-19 20:30:00,2026-04-19 20:30:00,86.245
2026-04-19 20:45:00,2026-04-19 20:45:00,86.248
2026-04-19 21:00:00,2026-04-19 21:00:00,86.256
2026-04-19 21:15:00,2026-04-19 21:15:00,86.252
2026-04-19 21:30:00,2026-04-19 21:30:00,86.247
2026-04-19 21:45:00,2026-04-19 21:45:00,86.241
2026-04-19 22:00:00,2026-04-19 22:00:00,86.243
2026-04-19 22:15:00,2026-04-19 22:15:00,86.246
2026-04-19 22:30:00,2026-04-19 22:30:00,86.251
2026-04-19 22:45:00,2026-04-19 22:45:00,86.253
2026-04-19 23:00:00,2026-04-19 23:00:00,86.256
2026-04-19 23:15:00,2026-04-19 23:15:00,86.244
2026-04-19 23:30:00,2026-04-19 23:30:00,86.242
2026-04-19 23:45:00,2026-04-19 23:45:00,86.25
2026-04-20 00:00:00,2026-04-20 00:00:00,86.245
2026-04-20 00:15:00,2026-04-20 00:15:00,86.25
2026-04-20 00:30:00,2026-04-20 00:30:00,86.251
2026-04-20 00:45:00,2026-04-20 00:45:00,86.254
2026-04-20 01:00:00,2026-04-20 01:00:00,86.25
2026-04-20 01:15:00,2026-04-20 01:15:00,86.244
2026-04-20 01:30:00,2026-04-20 01:30:00,86.242
2026-04-20 01:45:00,2026-04-20 01:45:00,86.242
2026-04-20 02:00:00,2026-04-20 02:00:00,86.244
2026-04-20 02:15:00,2026-04-20 02:15:00,86.244
2026-04-20 02:30:00,2026-04-20 02:30:00,86.245
2026-04-20 02:45:00,2026-04-20 02:45:00,86.249
2026-04-20 03:00:00,2026-04-20 03:00:00,86.249
2026-04-20 03:15:00,2026-04-20 03:15:00,86.243
2026-04-20 03:30:00,2026-04-20 03:30:00,86.245
2026-04-20 03:45:00,2026-04-20 03:45:00,86.238
2026-04-20 04:00:00,2026-04-20 04:00:00,86.241
2026-04-20 04:15:00,2026-04-20 04:15:00,86.244
2026-04-20 04:30:00,2026-04-20 04:30:00,86.246
2026-04-20 04:45:00,2026-04-20 04:45:00,86.243
2026-04-20 05:00:00,2026-04-20 05:00:00,86.246
2026-04-20 05:15:00,2026-04-20 05:15:00,86.244
2026-04-20 05:30:00,2026-04-20 05:30:00,86.242
2026-04-20 05:45:00,2026-04-20 05:45:00,86.238
2026-04-20 06:00:00,2026-04-20 06:00:00,86.263
2026-04-20 06:15:00,2026-04-20 06:15:00,86.232
2026-04-20 06:30:00,2026-04-20 06:30:00,86.237
2026-04-20 06:45:00,2026-04-20 06:45:00,86.233
2026-04-20 07:00:00,2026-04-20 07:00:00,86.235
2026-04-20 07:15:00,2026-04-20 07:15:00,86.24
2026-04-20 07:30:00,2026-04-20 07:30:00,86.233
2026-04-20 07:45:00,2026-04-20 07:45:00,86.226
2026-04-20 08:00:00,2026-04-20 08:00:00,86.215
2026-04-20 08:15:00,2026-04-20 08:15:00,86.233
2026-04-20 08:30:00,2026-04-20 08:30:00,86.242
2026-04-20 08:45:00,2026-04-20 08:45:00,86.233
2026-04-20 09:00:00,2026-04-20 09:00:00,86.233
2026-04-20 09:15:00,2026-04-20 09:15:00,86.226
2026-04-20 09:30:00,2026-04-20 09:30:00,86.226
2026-04-20 09:45:00,2026-04-20 09:45:00,86.228
2026-04-20 10:00:00,2026-04-20 10:00:00,86.228
2026-04-20 10:15:00,2026-04-20 10:15:00,86.231
2026-04-20 10:30:00,2026-04-20 10:30:00,86.23
2026-04-20 10:45:00,2026-04-20 10:45:00,86.214
2026-04-20 11:00:00,2026-04-20 11:00:00,86.2
2026-04-20 11:15:00,2026-04-20 11:15:00,86.201
2026-04-20 11:30:00,2026-04-20 11:30:00,86.205
2026-04-20 11:45:00,2026-04-20 11:45:00,86.22
2026-04-20 12:00:00,2026-04-20 12:00:00,86.216
2026-04-20 12:15:00,2026-04-20 12:15:00,86.213
2026-04-20 12:30:00,2026-04-20 12:30:00,86.201
2026-04-20 12:45:00,2026-04-20 12:45:00,86.191
2026-04-20 13:00:00,2026-04-20 13:00:00,86.187
2026-04-20 13:15:00,2026-04-20 13:15:00,86.206
2026-04-20 13:30:00,2026-04-20 13:30:00,86.204
2026-04-20 13:45:00,2026-04-20 13:45:00,86.204
2026-04-20 14:00:00,2026-04-20 14:00:00,86.198
2026-04-20 14:15:00,2026-04-20 14:15:00,86.207
2026-04-20 14:30:00,2026-04-20 14:30:00,86.208
2026-04-20 14:45:00,2026-04-20 14:45:00,86.187
2026-04-20 15:00:00,2026-04-20 15:00:00,86.196
2026-04-20 15:15:00,2026-04-20 15:15:00,86.206
2026-04-20 15:30:00,2026-04-20 15:30:00,86.2
2026-04-20 15:45:00,2026-04-20 15:45:00,86.195
2026-04-20 16:00:00,2026-04-20 16:00:00,86.197
2026-04-20 16:15:00,2026-04-20 16:15:00,86.187
2026-04-20 16:30:00,2026-04-20 16:30:00,86.19
2026-04-20 16:45:00,2026-04-20 16:45:00,86.199
2026-04-20 17:00:00,2026-04-20 17:00:00,86.194
2026-04-20 17:15:00,2026-04-20 17:15:00,86.185
2026-04-20 17:30:00,2026-04-20 17:30:00,86.185
2026-04-20 17:45:00,2026-04-20 17:45:00,86.183
2026-04-20 18:00:00,2026-04-20 18:00:00,86.183
2026-04-20 18:15:00,2026-04-20 18:15:00,86.201
2026-04-20 18:30:00,2026-04-20 18:30:00,86.204
2026-04-20 18:45:00,2026-04-20 18:45:00,86.194
2026-04-20 19:00:00,2026-04-20 19:00:00,86.188
2026-04-20 19:15:00,2026-04-20 19:15:00,86.177
2026-04-20 19:30:00,2026-04-20 19:30:00,86.177
2026-04-20 19:45:00,2026-04-20 19:45:00,86.186
2026-04-20 20:00:00,2026-04-20 20:00:00,86.19
2026-04-20 20:15:00,2026-04-20 20:15:00,86.188
2026-04-20 20:30:00,2026-04-20 20:30:00,86.186
2026-04-20 20:45:00,2026-04-20 20:45:00,86.186
2026-04-20 21:00:00,2026-04-20 21:00:00,86.178
2026-04-20 21:15:00,2026-04-20 21:15:00,86.182
2026-04-20 21:30:00,2026-04-20 21:30:00,86.184
2026-04-20 21:45:00,2026-04-20 21:45:00,86.19
2026-04-20 22:00:00,2026-04-20 22:00:00,86.191
2026-04-20 22:15:00,2026-04-20 22:15:00,86.19
2026-04-20 22:30:00,2026-04-20 22:30:00,86.192
2026-04-20 22:45:00,2026-04-20 22:45:00,86.187
2026-04-20 23:00:00,2026-04-20 23:00:00,86.185
2026-04-20 23:15:00,2026-04-20 23:15:00,86.187
2026-04-20 23:30:00,2026-04-20 23:30:00,86.181
2026-04-20 23:45:00,2026-04-20 23:45:00,86.184
2026-04-21 00:00:00,2026-04-21 00:00:00,86.181
2026-04-21 00:15:00,2026-04-21 00:15:00,86.19
2026-04-21 00:30:00,2026-04-21 00:30:00,86.191
2026-04-21 00:45:00,2026-04-21 00:45:00,86.19
2026-04-21 01:00:00,2026-04-21 01:00:00,86.19
2026-04-21 01:15:00,2026-04-21 01:15:00,86.181
2026-04-21 01:30:00,2026-04-21 01:30:00,86.182
2026-04-21 01:45:00,2026-04-21 01:45:00,86.186
2026-04-21 02:00:00,2026-04-21 02:00:00,86.189
2026-04-21 02:15:00,2026-04-21 02:15:00,86.181
2026-04-21 02:30:00,2026-04-21 02:30:00,86.184
2026-04-21 02:45:00,2026-04-21 02:45:00,86.186
2026-04-21 03:00:00,2026-04-21 03:00:00,86.186
2026-04-21 03:15:00,2026-04-21 03:15:00,86.183
2026-04-21 03:30:00,2026-04-21 03:30:00,86.187
2026-04-21 03:45:00,2026-04-21 03:45:00,86.181
2026-04-21 04:00:00,2026-04-21 04:00:00,86.186
2026-04-21 04:15:00,2026-04-21 04:15:00,86.181
2026-04-21 04:30:00,2026-04-21 04:30:00,86.179
2026-04-21 04:45:00,2026-04-21 04:45:00,86.184
2026-04-21 05:00:00,2026-04-21 05:00:00,86.179
2026-04-21 05:15:00,2026-04-21 05:15:00,86.18
2026-04-21 05:30:00,2026-04-21 05:30:00,86.178
2026-04-21 05:45:00,2026-04-21 05:45:00,86.177
2026-04-21 06:00:00,2026-04-21 06:00:00,86.171
2026-04-21 06:15:00,2026-04-21 06:15:00,86.174
2026-04-21 06:30:00,2026-04-21 06:30:00,86.179
2026-04-21 06:45:00,2026-04-21 06:45:00,86.177
2026-04-21 07:00:00,2026-04-21 07:00:00,86.178
2026-04-21 07:15:00,2026-04-21 07:15:00,86.173
2026-04-21 07:30:00,2026-04-21 07:30:00,86.171
2026-04-21 07:45:00,2026-04-21 07:45:00,86.164
2026-04-21 08:00:00,2026-04-21 08:00:00,86.165
2026-04-21 08:15:00,2026-04-21 08:15:00,86.174
2026-04-21 08:30:00,2026-04-21 08:30:00,86.175
2026-04-21 08:45:00,2026-04-21 08:45:00,86.176
2026-04-21 09:00:00,2026-04-21 09:00:00,86.175
2026-04-21 09:15:00,2026-04-21 09:15:00,86.153
2026-04-21 09:30:00,2026-04-21 09:30:00,86.153
2026-04-21 09:45:00,2026-04-21 09:45:00,86.165
2026-04-21 10:00:00,2026-04-21 10:00:00,86.167
2026-04-21 10:15:00,2026-04-21 10:15:00,86.166
2026-04-21 10:30:00,2026-04-21 10:30:00,86.165
2026-04-21 10:45:00,2026-04-21 10:45:00,86.16
2026-04-21 11:00:00,2026-04-21 11:00:00,86.155
2026-04-21 11:15:00,2026-04-21 11:15:00,86.154
2026-04-21 11:30:00,2026-04-21 11:30:00,86.158
2026-04-21 11:45:00,2026-04-21 11:45:00,86.145
2026-04-21 12:00:00,2026-04-21 12:00:00,86.148
2026-04-21 12:15:00,2026-04-21 12:15:00,86.146
2026-04-21 12:30:00,2026-04-21 12:30:00,86.152
2026-04-21 12:45:00,2026-04-21 12:45:00,86.139
2026-04-21 13:00:00,2026-04-21 13:00:00,86.144
2026-04-21 13:15:00,2026-04-21 13:15:00,86.148
2026-04-21 13:30:00,2026-04-21 13:30:00,86.156
2026-04-21 13:45:00,2026-04-21 13:45:00,86.148
2026-04-21 14:00:00,2026-04-21 14:00:00,86.138
2026-04-21 14:15:00,2026-04-21 14:15:00,86.137
2026-04-21 14:30:00,2026-04-21 14:30:00,86.132
2026-04-21 14:45:00,2026-04-21 14:45:00,86.137
2026-04-21 15:00:00,2026-04-21 15:00:00,86.132
2026-04-21 15:15:00,2026-04-21 15:15:00,86.134
2026-04-21 15:30:00,2026-04-21 15:30:00,86.122
2026-04-21 15:45:00,2026-04-21 15:45:00,86.132
2026-04-21 16:00:00,2026-04-21 16:00:00,86.132
2026-04-21 16:15:00,2026-04-21 16:15:00,86.129
2026-04-21 16:30:00,2026-04-21 16:30:00,86.13
2026-04-21 16:45:00,2026-04-21 16:45:00,86.132
2026-04-21 17:00:00,2026-04-21 17:00:00,86.129
2026-04-21 17:15:00,2026-04-21 17:15:00,86.133
2026-04-21 17:30:00,2026-04-21 17:30:00,86.127
2026-04-21 17:45:00,2026-04-21 17:45:00,86.127
2026-04-21 18:00:00,2026-04-21 18:00:00,86.124
2026-04-21 18:15:00,2026-04-21 18:15:00,86.124
2026-04-21 18:30:00,2026-04-21 18:30:00,86.124
2026-04-21 18:45:00,2026-04-21 18:45:00,86.115
2026-04-21 19:00:00,2026-04-21 19:00:00,86.12
2026-04-21 19:15:00,2026-04-21 19:15:00,86.124
2026-04-21 19:30:00,2026-04-21 19:30:00,86.13
2026-04-21 19:45:00,2026-04-21 19:45:00,86.125
2026-04-21 20:00:00,2026-04-21 20:00:00,86.125
2026-04-21 20:15:00,2026-04-21 20:15:00,86.125
2026-04-21 20:30:00,2026-04-21 20:30:00,86.119
2026-04-21 20:45:00,2026-04-21 20:45:00,86.122
2026-04-21 21:00:00,2026-04-21 21:00:00,86.122
2026-04-21 21:15:00,2026-04-21 21:15:00,86.126
2026-04-21 21:30:00,2026-04-21 21:30:00,86.129
2026-04-21 21:45:00,2026-04-21 21:45:00,86.136
2026-04-21 22:00:00,2026-04-21 22:00:00,86.133
2026-04-21 22:15:00,2026-04-21 22:15:00,86.123
2026-04-21 22:30:00,2026-04-21 22:30:00,86.118
2026-04-21 22:45:00,2026-04-21 22:45:00,86.121
2026-04-21 23:00:00,2026-04-21 23:00:00,86.12
2026-04-21 23:15:00,2026-04-21 23:15:00,86.128
2026-04-21 23:30:00,2026-04-21 23:30:00,86.129
2026-04-21 23:45:00,2026-04-21 23:45:00,86.13
2026-04-22 00:00:00,2026-04-22 00:00:00,86.129
2026-04-22 00:15:00,2026-04-22 00:15:00,86.127
2026-04-22 00:30:00,2026-04-22 00:30:00,86.122
2026-04-22 00:45:00,2026-04-22 00:45:00,86.124
2026-04-22 01:00:00,2026-04-22 01:00:00,86.125
2026-04-22 01:15:00,2026-04-22 01:15:00,86.119
2026-04-22 01:30:00,2026-04-22 01:30:00,86.126
2026-04-22 01:45:00,2026-04-22 01:45:00,86.131
2026-04-22 02:00:00,2026-04-22 02:00:00,86.13
2026-04-22 02:15:00,2026-04-22 02:15:00,86.119
2026-04-22 02:30:00,2026-04-22 02:30:00,86.121
2026-04-22 02:45:00,2026-04-22 02:45:00,86.116
2026-04-22 03:00:00,2026-04-22 03:00:00,86.114
2026-04-22 03:15:00,2026-04-22 03:15:00,86.119
2026-04-22 03:30:00,2026-04-22 03:30:00,86.12
2026-04-22 03:45:00,2026-04-22 03:45:00,86.13
2026-04-22 04:00:00,2026-04-22 04:00:00,86.13
2026-04-22 04:15:00,2026-04-22 04:15:00,86.118
2026-04-22 04:30:00,2026-04-22 04:30:00,86.113
2026-04-22 04:45:00,2026-04-22 04:45:00,86.108
2026-04-22 05:00:00,2026-04-22 05:00:00,86.107
2026-04-22 05:15:00,2026-04-22 05:15:00,86.125
2026-04-22 05:30:00,2026-04-22 05:30:00,86.131
2026-04-22 05:45:00,2026-04-22 05:45:00,86.121
2026-04-22 06:00:00,2026-04-22 06:00:00,86.12
2026-04-22 06:15:00,2026-04-22 06:15:00,86.11
2026-04-22 06:30:00,2026-04-22 06:30:00,86.106
2026-04-22 06:45:00,2026-04-22 06:45:00,86.097
2026-04-22 07:00:00,2026-04-22 07:00:00,86.102
2026-04-22 07:15:00,2026-04-22 07:15:00,86.113
2026-04-22 07:30:00,2026-04-22 07:30:00,86.123
2026-04-22 07:45:00,2026-04-22 07:45:00,86.11
2026-04-22 08:00:00,2026-04-22 08:00:00,86.108
2026-04-22 08:15:00,2026-04-22 08:15:00,86.101
2026-04-22 08:30:00,2026-04-22 08:30:00,86.092
2026-04-22 08:45:00,2026-04-22 08:45:00,86.091
2026-04-22 09:00:00,2026-04-22 09:00:00,86.096
2026-04-22 09:15:00,2026-04-22 09:15:00,86.106
2026-04-22 09:30:00,2026-04-22 09:30:00,86.099
2026-04-22 09:45:00,2026-04-22 09:45:00,86.09
2026-04-22 10:00:00,2026-04-22 10:00:00,86.086
2026-04-22 10:15:00,2026-04-22 10:15:00,86.09
2026-04-22 10:30:00,2026-04-22 10:30:00,86.094
2026-04-22 10:45:00,2026-04-22 10:45:00,86.099
2026-04-22 11:00:00,2026-04-22 11:00:00,86.101
2026-04-22 11:15:00,2026-04-22 11:15:00,86.084
2026-04-22 11:30:00,2026-04-22 11:30:00,86.087
2026-04-22 11:45:00,2026-04-22 11:45:00,86.089
2026-04-22 12:00:00,2026-04-22 12:00:00,86.099
2026-04-22 12:15:00,2026-04-22 12:15:00,86.092
2026-04-22 12:30:00,2026-04-22 12:30:00,86.095
2026-04-22 12:45:00,2026-04-22 12:45:00,86.095
2026-04-22 13:00:00,2026-04-22 13:00:00,86.095
2026-04-22 13:15:00,2026-04-22 13:15:00,86.079
2026-04-22 13:30:00,2026-04-22 13:30:00,86.082
2026-04-22 13:45:00,2026-04-22 13:45:00,86.088
2026-04-22 14:00:00,2026-04-22 14:00:00,86.097
2026-04-22 14:15:00,2026-04-22 14:15:00,86.091
2026-04-22 14:30:00,2026-04-22 14:30:00,86.09
2026-04-22 14:45:00,2026-04-22 14:45:00,86.088
2026-04-22 15:00:00,2026-04-22 15:00:00,86.088
2026-04-22 15:15:00,2026-04-22 15:15:00,86.088
2026-04-22 15:30:00,2026-04-22 15:30:00,86.084
2026-04-22 15:45:00,2026-04-22 15:45:00,86.085
2026-04-22 16:00:00,2026-04-22 16:00:00,86.089
2026-04-22 16:15:00,2026-04-22 16:15:00,86.089
2026-04-22 16:30:00,2026-04-22 16:30:00,86.085
2026-04-22 16:45:00,2026-04-22 16:45:00,86.087
2026-04-22 17:00:00,2026-04-22 17:00:00,86.088
2026-04-22 17:15:00,2026-04-22 17:15:00,86.096
2026-04-22 17:30:00,2026-04-22 17:30:00,86.098
2026-04-22 17:45:00,2026-04-22 17:45:00,86.099
2026-04-22 18:00:00,2026-04-22 18:00:00,86.094
2026-04-22 18:15:00,2026-04-22 18:15:00,86.089
2026-04-22 18:30:00,2026-04-22 18:30:00,86.089
2026-04-22 18:45:00,2026-04-22 18:45:00,86.091
2026-04-22 19:00:00,2026-04-22 19:00:00,86.094
2026-04-22 19:15:00,2026-04-22 19:15:00,86.093
2026-04-22 19:30:00,2026-04-22 19:30:00,86.098
2026-04-22 19:45:00,2026-04-22 19:45:00,86.097
2026-04-22 20:00:00,2026-04-22 20:00:00,86.094
2026-04-22 20:15:00,2026-04-22 20:15:00,86.095
2026-04-22 20:30:00,2026-04-22 20:30:00,86.09
2026-04-22 20:45:00,2026-04-22 20:45:00,86.094
2026-04-22 21:00:00,2026-04-22 21:00:00,86.089
2026-04-22 21:15:00,2026-04-22 21:15:00,86.091
2026-04-22 21:30:00,2026-04-22 21:30:00,86.09
2026-04-22 21:45:00,2026-04-22 21:45:00,86.086
2026-04-22 22:00:00,2026-04-22 22:00:00,86.09
2026-04-22 22:15:00,2026-04-22 22:15:00,86.088
2026-04-22 22:30:00,2026-04-22 22:30:00,86.089
2026-04-22 22:45:00,2026-04-22 22:45:00,86.094
2026-04-22 23:00:00,2026-04-22 23:00:00,86.093
2026-04-22 23:15:00,2026-04-22 23:15:00,86.094
2026-04-22 23:30:00,2026-04-22 23:30:00,86.09
2026-04-22 23:45:00,2026-04-22 23:45:00,86.092
2026-04-23 00:00:00,2026-04-23 00:00:00,86.087
2026-04-23 00:15:00,2026-04-23 00:15:00,86.091
2026-04-23 00:30:00,2026-04-23 00:30:00,86.089
2026-04-23 00:45:00,2026-04-23 00:45:00,86.09
2026-04-23 01:00:00,2026-04-23 01:00:00,86.095
2026-04-23 01:15:00,2026-04-23 01:15:00,86.096
2026-04-23 01:30:00,2026-04-23 01:30:00,86.093
2026-04-23 01:45:00,2026-04-23 01:45:00,86.093
2026-04-23 02:00:00,2026-04-23 02:00:00,86.088
2026-04-23 02:15:00,2026-04-23 02:15:00,86.089
2026-04-23 02:30:00,2026-04-23 02:30:00,86.084
2026-04-23 02:45:00,2026-04-23 02:45:00,86.084
2026-04-23 03:00:00,2026-04-23 03:00:00,86.087
2026-04-23 03:15:00,2026-04-23 03:15:00,86.082
2026-04-23 03:30:00,2026-04-23 03:30:00,86.088
2026-04-23 03:45:00,2026-04-23 03:45:00,86.096
2026-04-23 04:00:00,2026-04-23 04:00:00,86.095
2026-04-23 04:15:00,2026-04-23 04:15:00,86.09
2026-04-23 04:30:00,2026-04-23 04:30:00,86.089
2026-04-23 04:45:00,2026-04-23 04:45:00,86.071
2026-04-23 05:00:00,2026-04-23 05:00:00,86.075
2026-04-23 05:15:00,2026-04-23 05:15:00,86.082
2026-04-23 05:30:00,2026-04-23 05:30:00,86.083
2026-04-23 05:45:00,2026-04-23 05:45:00,86.077
2026-04-23 06:00:00,2026-04-23 06:00:00,86.08
2026-04-23 06:15:00,2026-04-23 06:15:00,86.075
2026-04-23 06:30:00,2026-04-23 06:30:00,86.074
2026-04-23 06:45:00,2026-04-23 06:45:00,86.063
2026-04-23 07:00:00,2026-04-23 07:00:00,86.066
2026-04-23 07:15:00,2026-04-23 07:15:00,86.07
2026-04-23 07:30:00,2026-04-23 07:30:00,86.068
2026-04-23 07:45:00,2026-04-23 07:45:00,86.07
2026-04-23 08:00:00,2026-04-23 08:00:00,86.068
2026-04-23 08:15:00,2026-04-23 08:15:00,86.067
2026-04-23 08:30:00,2026-04-23 08:30:00,86.066
2026-04-23 08:45:00,2026-04-23 08:45:00,86.071
2026-04-23 09:00:00,2026-04-23 09:00:00,86.066
2026-04-23 09:15:00,2026-04-23 09:15:00,86.064
2026-04-23 09:30:00,2026-04-23 09:30:00,86.061
2026-04-23 09:45:00,2026-04-23 09:45:00,86.061
2026-04-23 10:00:00,2026-04-23 10:00:00,86.06
2026-04-23 10:15:00,2026-04-23 10:15:00,86.071
2026-04-23 10:30:00,2026-04-23 10:30:00,86.072
2026-04-23 10:45:00,2026-04-23 10:45:00,86.063
2026-04-23 11:00:00,2026-04-23 11:00:00,86.062
2026-04-23 11:15:00,2026-04-23 11:15:00,86.057
2026-04-23 11:30:00,2026-04-23 11:30:00,86.058
2026-04-23 11:45:00,2026-04-23 11:45:00,86.059
2026-04-23 12:00:00,2026-04-23 12:00:00,86.062
2026-04-23 12:15:00,2026-04-23 12:15:00,86.06
2026-04-23 12:30:00,2026-04-23 12:30:00,86.058
2026-04-23 12:45:00,2026-04-23 12:45:00,86.046
2026-04-23 13:00:00,2026-04-23 13:00:00,86.048
2026-04-23 13:15:00,2026-04-23 13:15:00,86.055
2026-04-23 13:30:00,2026-04-23 13:30:00,86.056
2026-04-23 13:45:00,2026-04-23 13:45:00,86.06
2026-04-23 14:00:00,2026-04-23 14:00:00,86.055
2026-04-23 14:15:00,2026-04-23 14:15:00,86.039
2026-04-23 14:30:00,2026-04-23 14:30:00,86.038
2026-04-23 14:45:00,2026-04-23 14:45:00,86.045
2026-04-23 15:00:00,2026-04-23 15:00:00,86.046
2026-04-23 15:15:00,2026-04-23 15:15:00,86.049
2026-04-23 15:30:00,2026-04-23 15:30:00,86.057
2026-04-23 15:45:00,2026-04-23 15:45:00,86.053
2026-04-23 16:00:00,2026-04-23 16:00:00,86.055
2026-04-23 16:15:00,2026-04-23 16:15:00,86.055
2026-04-23 16:30:00,2026-04-23 16:30:00,86.059
2026-04-23 16:45:00,2026-04-23 16:45:00,86.05
2026-04-23 17:00:00,2026-04-23 17:00:00,86.043
2026-04-23 17:15:00,2026-04-23 17:15:00,86.051
2026-04-23 17:30:00,2026-04-23 17:30:00,86.041
2026-04-23 17:45:00,2026-04-23 17:45:00,86.039
2026-04-23 18:00:00,2026-04-23 18:00:00,86.036
2026-04-23 18:15:00,2026-04-23 18:15:00,86.044
2026-04-23 18:30:00,2026-04-23 18:30:00,86.044
2026-04-23 18:45:00,2026-04-23 18:45:00,86.035
2026-04-23 19:00:00,2026-04-23 19:00:00,86.031
2026-04-23 19:15:00,2026-04-23 19:15:00,86.026
2026-04-23 19:30:00,2026-04-23 19:30:00,86.023
2026-04-23 19:45:00,2026-04-23 19:45:00,86.041
2026-04-23 20:00:00,2026-04-23 20:00:00,86.043
2026-04-23 20:15:00,2026-04-23 20:15:00,86.035
2026-04-23 20:30:00,2026-04-23 20:30:00,86.031
2026-04-23 20:45:00,2026-04-23 20:45:00,86.025
2026-04-23 21:00:00,2026-04-23 21:00:00,86.023
2026-04-23 21:15:00,2026-04-23 21:15:00,86.039
2026-04-23 21:30:00,2026-04-23 21:30:00,86.033
2026-04-23 21:45:00,2026-04-23 21:45:00,86.033
2026-04-23 22:00:00,2026-04-23 22:00:00,86.03
2026-04-23 22:15:00,2026-04-23 22:15:00,86.034
2026-04-23 22:30:00,2026-04-23 22:30:00,86.035
2026-04-23 22:45:00,2026-04-23 22:45:00,86.045
2026-04-23 23:00:00,2026-04-23 23:00:00,86.046
2026-04-23 23:15:00,2026-04-23 23:15:00,86.038
2026-04-23 23:30:00,2026-04-23 23:30:00,86.037
2026-04-23 23:45:00,2026-04-23 23:45:00,86.032
2026-04-24 00:00:00,2026-04-24 00:00:00,86.031
2026-04-24 00:15:00,2026-04-24 00:15:00,86.037
2026-04-24 00:30:00,2026-04-24 00:30:00,86.041
2026-04-24 00:45:00,2026-04-24 00:45:00,86.036
2026-04-24 01:00:00,2026-04-24 01:00:00,86.035
2026-04-24 01:15:00,2026-04-24 01:15:00,86.037
2026-04-24 01:30:00,2026-04-24 01:30:00,86.032
2026-04-24 01:45:00,2026-04-24 01:45:00,86.037
2026-04-24 02:00:00,2026-04-24 02:00:00,86.035
2026-04-24 02:15:00,2026-04-24 02:15:00,86.036
2026-04-24 02:30:00,2026-04-24 02:30:00,86.036
2026-04-24 02:45:00,2026-04-24 02:45:00,86.038
2026-04-24 03:00:00,2026-04-24 03:00:00,86.043
2026-04-24 03:15:00,2026-04-24 03:15:00,86.037
2026-04-24 03:30:00,2026-04-24 03:30:00,86.038
2026-04-24 03:45:00,2026-04-24 03:45:00,86.041
2026-04-24 04:00:00,2026-04-24 04:00:00,86.038
2026-04-24 04:15:00,2026-04-24 04:15:00,86.03
2026-04-24 04:30:00,2026-04-24 04:30:00,86.033
2026-04-24 04:45:00,2026-04-24 04:45:00,86.041
2026-04-24 05:00:00,2026-04-24 05:00:00,86.04
2026-04-24 05:15:00,2026-04-24 05:15:00,86.021
2026-04-24 05:30:00,2026-04-24 05:30:00,86.026
2026-04-24 05:45:00,2026-04-24 05:45:00,86.021
2026-04-24 06:00:00,2026-04-24 06:00:00,86.022
2026-04-24 06:15:00,2026-04-24 06:15:00,86.035
2026-04-24 06:30:00,2026-04-24 06:30:00,86.036
2026-04-24 06:45:00,2026-04-24 06:45:00,86.034
2026-04-24 07:00:00,2026-04-24 07:00:00,86.027
2026-04-24 07:15:00,2026-04-24 07:15:00,86.022
2026-04-24 07:30:00,2026-04-24 07:30:00,86.015
2026-04-24 07:45:00,2026-04-24 07:45:00,86.025
2026-04-24 08:00:00,2026-04-24 08:00:00,86.032
2026-04-24 08:15:00,2026-04-24 08:15:00,86.026
2026-04-24 08:30:00,2026-04-24 08:30:00,86.026
2026-04-24 08:45:00,2026-04-24 08:45:00,86.028
2026-04-24 09:00:00,2026-04-24 09:00:00,86.026
2026-04-24 09:15:00,2026-04-24 09:15:00,86.024
2026-04-24 09:30:00,2026-04-24 09:30:00,86.022
2026-04-24 09:45:00,2026-04-24 09:45:00,86.02
2026-04-24 10:00:00,2026-04-24 10:00:00,86.012
2026-04-24 10:15:00,2026-04-24 10:15:00,86.01
2026-04-24 10:30:00,2026-04-24 10:30:00,86.008
2026-04-24 10:45:00,2026-04-24 10:45:00,86.009
2026-04-24 11:00:00,2026-04-24 11:00:00,86.01
2026-04-24 11:15:00,2026-04-24 11:15:00,86.013
2026-04-24 11:30:00,2026-04-24 11:30:00,86.009
2026-04-24 11:45:00,2026-04-24 11:45:00,86.017
2026-04-24 12:00:00,2026-04-24 12:00:00,86.012
2026-04-24 12:15:00,2026-04-24 12:15:00,86.003
2026-04-24 12:30:00,2026-04-24 12:30:00,86.001
2026-04-24 12:45:00,2026-04-24 12:45:00,86.002
2026-04-24 13:00:00,2026-04-24 13:00:00,85.999
2026-04-24 13:15:00,2026-04-24 13:15:00,86.005
2026-04-24 13:30:00,2026-04-24 13:30:00,86.003
2026-04-24 13:45:00,2026-04-24 13:45:00,86.003
2026-04-24 14:00:00,2026-04-24 14:00:00,86.014
2026-04-24 14:15:00,2026-04-24 14:15:00,86.01
2026-04-24 14:30:00,2026-04-24 14:30:00,86.005
2026-04-24 14:45:00,2026-04-24 14:45:00,86.009
2026-04-24 15:00:00,2026-04-24 15:00:00,86.009
2026-04-24 15:15:00,2026-04-24 15:15:00,86.003
2026-04-24 15:30:00,2026-04-24 15:30:00,86.006
2026-04-24 15:45:00,2026-04-24 15:45:00,86.008
2026-04-24 16:00:00,2026-04-24 16:00:00,86.005
2026-04-24 16:15:00,2026-04-24 16:15:00,86.009
2026-04-24 16:30:00,2026-04-24 16:30:00,86.007
2026-04-24 16:45:00,2026-04-24 16:45:00,85.995
2026-04-24 17:00:00,2026-04-24 17:00:00,85.988
2026-04-24 17:15:00,2026-04-24 17:15:00,85.996
2026-04-24 17:30:00,2026-04-24 17:30:00,85.999
2026-04-24 17:45:00,2026-04-24 17:45:00,86.002
2026-04-24 18:00:00,2026-04-24 18:00:00,85.999
2026-04-24 18:15:00,2026-04-24 18:15:00,86.006
2026-04-24 18:30:00,2026-04-24 18:30:00,86.0
2026-04-24 18:45:00,2026-04-24 18:45:00,85.998
2026-04-24 19:00:00,2026-04-24 19:00:00,85.99
2026-04-24 19:15:00,2026-04-24 19:15:00,86.0
2026-04-24 19:30:00,2026-04-24 19:30:00,85.998
2026-04-24 19:45:00,2026-04-24 19:45:00,85.994
2026-04-24 20:00:00,2026-04-24 20:00:00,85.995
2026-04-24 20:15:00,2026-04-24 20:15:00,85.994
2026-04-24 20:30:00,2026-04-24 20:30:00,85.995
2026-04-24 20:45:00,2026-04-24 20:45:00,86.001
2026-04-24 21:00:00,2026-04-24 21:00:00,85.998
2026-04-24 21:15:00,2026-04-24 21:15:00,85.99
2026-04-24 21:30:00,2026-04-24 21:30:00,85.989
2026-04-24 21:45:00,2026-04-24 21:45:00,85.989
2026-04-24 22:00:00,2026-04-24 22:00:00,85.997
2026-04-24 22:15:00,2026-04-24 22:15:00,86.003
2026-04-24 22:30:00,2026-04-24 22:30:00,86.003
2026-04-24 22:45:00,2026-04-24 22:45:00,86.003
2026-04-24 23:00:00,2026-04-24 23:00:00,85.999
2026-04-24 23:15:00,2026-04-24 23:15:00,85.994
2026-04-24 23:30:00,2026-04-24 23:30:00,85.993
2026-04-24 23:45:00,2026-04-24 23:45:00,85.996
2026-04-25 00:00:00,2026-04-25 00:00:00,85.998
2026-04-25 00:15:00,2026-04-25 00:15:00,86.001
2026-04-25 00:30:00,2026-04-25 00:30:00,86.002
2026-04-25 00:45:00,2026-04-25 00:45:00,86.001
2026-04-25 01:00:00,2026-04-25 01:00:00,85.997
2026-04-25 01:15:00,2026-04-25 01:15:00,85.998
2026-04-25 01:30:00,2026-04-25 01:30:00,85.999
2026-04-25 01:45:00,2026-04-25 01:45:00,85.998
2026-04-25 02:00:00,2026-04-25 02:00:00,85.993
2026-04-25 02:15:00,2026-04-25 02:15:00,85.998
2026-04-25 02:30:00,2026-04-25 02:30:00,85.999
2026-04-25 02:45:00,2026-04-25 02:45:00,85.997
2026-04-25 03:00:00,2026-04-25 03:00:00,85.993
2026-04-25 03:15:00,2026-04-25 03:15:00,85.984
2026-04-25 03:30:00,2026-04-25 03:30:00,85.989
2026-04-25 03:45:00,2026-04-25 03:45:00,85.994
2026-04-25 04:00:00,2026-04-25 04:00:00,85.997
2026-04-25 04:15:00,2026-04-25 04:15:00,86.002
2026-04-25 04:30:00,2026-04-25 04:30:00,86.005
2026-04-25 04:45:00,2026-04-25 04:45:00,85.991
2026-04-25 05:00:00,2026-04-25 05:00:00,85.983
2026-04-25 05:15:00,2026-04-25 05:15:00,85.987
2026-04-25 05:30:00,2026-04-25 05:30:00,85.985
2026-04-25 05:45:00,2026-04-25 05:45:00,85.986
2026-04-25 06:00:00,2026-04-25 06:00:00,85.992
2026-04-25 06:15:00,2026-04-25 06:15:00,85.988
2026-04-25 06:30:00,2026-04-25 06:30:00,85.992
2026-04-25 06:45:00,2026-04-25 06:45:00,85.988
2026-04-25 07:00:00,2026-04-25 07:00:00,85.984
2026-04-25 07:15:00,2026-04-25 07:15:00,85.986
2026-04-25 07:30:00,2026-04-25 07:30:00,85.995
2026-04-25 07:45:00,2026-04-25 07:45:00,85.987
2026-04-25 08:00:00,2026-04-25 08:00:00,85.988
2026-04-25 08:15:00,2026-04-25 08:15:00,85.977
2026-04-25 08:30:00,2026-04-25 08:30:00,85.97
2026-04-25 08:45:00,2026-04-25 08:45:00,85.97
2026-04-25 09:00:00,2026-04-25 09:00:00,85.97
2026-04-25 09:15:00,2026-04-25 09:15:00,85.981
2026-04-25 09:30:00,2026-04-25 09:30:00,85.978
2026-04-25 09:45:00,2026-04-25 09:45:00,85.979
2026-04-25 10:00:00,2026-04-25 10:00:00,85.979
2026-04-25 10:15:00,2026-04-25 10:15:00,85.968
2026-04-25 10:30:00,2026-04-25 10:30:00,85.969
2026-04-25 10:45:00,2026-04-25 10:45:00,85.977
2026-04-25 11:00:00,2026-04-25 11:00:00,85.978
2026-04-25 11:15:00,2026-04-25 11:15:00,85.957
2026-04-25 11:30:00,2026-04-25 11:30:00,85.961
2026-04-25 11:45:00,2026-04-25 11:45:00,85.958
2026-04-25 12:00:00,2026-04-25 12:00:00,85.972
2026-04-25 12:15:00,2026-04-25 12:15:00,85.965
2026-04-25 12:30:00,2026-04-25 12:30:00,85.976
2026-04-25 12:45:00,2026-04-25 12:45:00,85.954
2026-04-25 13:00:00,2026-04-25 13:00:00,85.961
2026-04-25 13:15:00,2026-04-25 13:15:00,85.95
2026-04-25 13:30:00,2026-04-25 13:30:00,85.961
2026-04-25 13:45:00,2026-04-25 13:45:00,85.963
2026-04-25 14:00:00,2026-04-25 14:00:00,85.971
2026-04-25 14:15:00,2026-04-25 14:15:00,85.964
2026-04-25 14:30:00,2026-04-25 14:30:00,85.965
2026-04-25 14:45:00,2026-04-25 14:45:00,85.957
2026-04-25 15:00:00,2026-04-25 15:00:00,85.95
2026-04-25 15:15:00,2026-04-25 15:15:00,85.969
2026-04-25 15:30:00,2026-04-25 15:30:00,85.969
2026-04-25 15:45:00,2026-04-25 15:45:00,85.967
2026-04-25 16:00:00,2026-04-25 16:00:00,85.967
2026-04-25 16:15:00,2026-04-25 16:15:00,85.959
2026-04-25 16:30:00,2026-04-25 16:30:00,85.959
2026-04-25 16:45:00,2026-04-25 16:45:00,85.952
2026-04-25 17:00:00,2026-04-25 17:00:00,85.957
2026-04-25 17:15:00,2026-04-25 17:15:00,85.944
2026-04-25 17:30:00,2026-04-25 17:30:00,85.944
2026-04-25 17:45:00,2026-04-25 17:45:00,85.955
2026-04-25 18:00:00,2026-04-25 18:00:00,85.956
2026-04-25 18:15:00,2026-04-25 18:15:00,85.959
2026-04-25 18:30:00,2026-04-25 18:30:00,85.958
2026-04-25 18:45:00,2026-04-25 18:45:00,85.951
2026-04-25 19:00:00,2026-04-25 19:00:00,85.946
2026-04-25 19:15:00,2026-04-25 19:15:00,85.951
2026-04-25 19:30:00,2026-04-25 19:30:00,85.947
2026-04-25 19:45:00,2026-04-25 19:45:00,85.949
2026-04-25 20:00:00,2026-04-25 20:00:00,85.95
2026-04-25 20:15:00,2026-04-25 20:15:00,85.945
2026-04-25 20:30:00,2026-04-25 20:30:00,85.947
2026-04-25 20:45:00,2026-04-25 20:45:00,85.948
2026-04-25 21:00:00,2026-04-25 21:00:00,85.948
2026-04-25 21:15:00,2026-04-25 21:15:00,85.949
2026-04-25 21:30:00,2026-04-25 21:30:00,85.948
2026-04-25 21:45:00,2026-04-25 21:45:00,85.945
2026-04-25 22:00:00,2026-04-25 22:00:00,85.943
2026-04-25 22:15:00,2026-04-25 22:15:00,85.951
2026-04-25 22:30:00,2026-04-25 22:30:00,85.953
2026-04-25 22:45:00,2026-04-25 22:45:00,85.955
2026-04-25 23:00:00,2026-04-25 23:00:00,85.955
2026-04-25 23:15:00,2026-04-25 23:15:00,85.95
2026-04-25 23:30:00,2026-04-25 23:30:00,85.949
2026-04-25 23:45:00,2026-04-25 23:45:00,85.952
2026-04-26 00:00:00,2026-04-26 00:00:00,85.951
2026-04-26 00:15:00,2026-04-26 00:15:00,85.949
2026-04-26 00:30:00,2026-04-26 00:30:00,85.951
2026-04-26 00:45:00,2026-04-26 00:45:00,85.95
2026-04-26 01:00:00,2026-04-26 01:00:00,85.947
2026-04-26 01:15:00,2026-04-26 01:15:00,85.945
2026-04-26 01:30:00,2026-04-26 01:30:00,85.945
2026-04-26 01:45:00,2026-04-26 01:45:00,85.941
2026-04-26 02:00:00,2026-04-26 02:00:00,85.939
2026-04-26 02:15:00,2026-04-26 02:15:00,85.949
2026-04-26 02:30:00,2026-04-26 02:30:00,85.947
2026-04-26 02:45:00,2026-04-26 02:45:00,85.949
2026-04-26 03:00:00,2026-04-26 03:00:00,85.945
2026-04-26 03:15:00,2026-04-26 03:15:00,85.951
2026-04-26 03:30:00,2026-04-26 03:30:00,85.949
2026-04-26 03:45:00,2026-04-26 03:45:00,85.945
2026-04-26 04:00:00,2026-04-26 04:00:00,85.948
2026-04-26 04:15:00,2026-04-26 04:15:00,85.948
2026-04-26 04:30:00,2026-04-26 04:30:00,85.947
2026-04-26 04:45:00,2026-04-26 04:45:00,85.94
2026-04-26 05:00:00,2026-04-26 05:00:00,85.937
2026-04-26 05:15:00,2026-04-26 05:15:00,85.947
2026-04-26 05:30:00,2026-04-26 05:30:00,85.948
2026-04-26 05:45:00,2026-04-26 05:45:00,85.944
2026-04-26 06:00:00,2026-04-26 06:00:00,85.943
2026-04-26 06:15:00,2026-04-26 06:15:00,85.942
2026-04-26 06:30:00,2026-04-26 06:30:00,85.939
2026-04-26 06:45:00,2026-04-26 06:45:00,85.928
2026-04-26 07:00:00,2026-04-26 07:00:00,85.931
2026-04-26 07:15:00,2026-04-26 07:15:00,85.94
2026-04-26 07:30:00,2026-04-26 07:30:00,85.944
2026-04-26 07:45:00,2026-04-26 07:45:00,85.939
2026-04-26 08:00:00,2026-04-26 08:00:00,85.936
2026-04-26 08:15:00,2026-04-26 08:15:00,85.93
2026-04-26 08:30:00,2026-04-26 08:30:00,85.929
2026-04-26 08:45:00,2026-04-26 08:45:00,85.941
2026-04-26 09:00:00,2026-04-26 09:00:00,85.943
2026-04-26 09:15:00,2026-04-26 09:15:00,85.932
2026-04-26 09:30:00,2026-04-26 09:30:00,85.925
2026-04-26 09:45:00,2026-04-26 09:45:00,85.917
2026-04-26 10:00:00,2026-04-26 10:00:00,85.925
2026-04-26 10:15:00,2026-04-26 10:15:00,85.929
2026-04-26 10:30:00,2026-04-26 10:30:00,85.931
2026-04-26 10:45:00,2026-04-26 10:45:00,85.922
2026-04-26 11:00:00,2026-04-26 11:00:00,85.915
2026-04-26 11:15:00,2026-04-26 11:15:00,85.909
2026-04-26 11:30:00,2026-04-26 11:30:00,85.911
2026-04-26 11:45:00,2026-04-26 11:45:00,85.924
2026-04-26 12:00:00,2026-04-26 12:00:00,85.925
2026-04-26 12:15:00,2026-04-26 12:15:00,85.922
2026-04-26 12:30:00,2026-04-26 12:30:00,85.914
2026-04-26 12:45:00,2026-04-26 12:45:00,85.905
2026-04-26 13:00:00,2026-04-26 13:00:00,85.906
2026-04-26 13:15:00,2026-04-26 13:15:00,85.912
2026-04-26 13:30:00,2026-04-26 13:30:00,85.916
2026-04-26 13:45:00,2026-04-26 13:45:00,85.907
2026-04-26 14:00:00,2026-04-26 14:00:00,85.909
2026-04-26 14:15:00,2026-04-26 14:15:00,85.908
2026-04-26 14:30:00,2026-04-26 14:30:00,85.91
2026-04-26 14:45:00,2026-04-26 14:45:00,85.916
2026-04-26 15:00:00,2026-04-26 15:00:00,85.915
2026-04-26 15:15:00,2026-04-26 15:15:00,85.914
2026-04-26 15:30:00,2026-04-26 15:30:00,85.914
2026-04-26 15:45:00,2026-04-26 15:45:00,85.916
2026-04-26 16:00:00,2026-04-26 16:00:00,85.925
2026-04-26 16:15:00,2026-04-26 16:15:00,85.922
2026-04-26 16:30:00,2026-04-26 16:30:00,85.919
2026-04-26 16:45:00,2026-04-26 16:45:00,85.922
2026-04-26 17:00:00,2026-04-26 17:00:00,85.921
2026-04-26 17:15:00,2026-04-26 17:15:00,85.917
2026-04-26 17:30:00,2026-04-26 17:30:00,85.914
2026-04-26 17:45:00,2026-04-26 17:45:00,85.916
2026-04-26 18:00:00,2026-04-26 18:00:00,85.924
2026-04-26 18:15:00,2026-04-26 18:15:00,85.912
2026-04-26 18:30:00,2026-04-26 18:30:00,85.909
2026-04-26 18:45:00,2026-04-26 18:45:00,85.911
2026-04-26 19:00:00,2026-04-26 19:00:00,85.907
2026-04-26 19:15:00,2026-04-26 19:15:00,85.902
2026-04-26 19:30:00,2026-04-26 19:30:00,85.895
2026-04-26 19:45:00,2026-04-26 19:45:00,85.893
2026-04-26 20:00:00,2026-04-26 20:00:00,85.894
2026-04-26 20:15:00,2026-04-26 20:15:00,85.908
2026-04-26 20:30:00,2026-04-26 20:30:00,85.903
2026-04-26 20:45:00,2026-04-26 20:45:00,85.901
2026-04-26 21:00:00,2026-04-26 21:00:00,85.904
2026-04-26 21:15:00,2026-04-26 21:15:00,85.899
2026-04-26 21:30:00,2026-04-26 21:30:00,85.903
2026-04-26 21:45:00,2026-04-26 21:45:00,85.902
2026-04-26 22:00:00,2026-04-26 22:00:00,85.903
2026-04-26 22:15:00,2026-04-26 22:15:00,85.902
2026-04-26 22:30:00,2026-04-26 22:30:00,85.904
2026-04-26 22:45:00,2026-04-26 22:45:00,85.906
2026-04-26 23:00:00,2026-04-26 23:00:00,85.907
2026-04-26 23:15:00,2026-04-26 23:15:00,85.904
2026-04-26 23:30:00,2026-04-26 23:30:00,85.903
2026-04-26 23:45:00,2026-04-26 23:45:00,85.899
2026-04-27 00:00:00,2026-04-27 00:00:00,85.903
2026-04-27 00:15:00,2026-04-27 00:15:00,85.899
2026-04-27 00:30:00,2026-04-27 00:30:00,85.901
2026-04-27 00:45:00,2026-04-27 00:45:00,85.905
2026-04-27 01:00:00,2026-04-27 01:00:00,85.904
2026-04-27 01:15:00,2026-04-27 01:15:00,85.898
2026-04-27 01:30:00,2026-04-27 01:30:00,85.897
2026-04-27 01:45:00,2026-04-27 01:45:00,85.905
2026-04-27 02:00:00,2026-04-27 02:00:00,85.902
2026-04-27 02:15:00,2026-04-27 02:15:00,85.903
2026-04-27 02:30:00,2026-04-27 02:30:00,85.9
2026-04-27 02:45:00,2026-04-27 02:45:00,85.904
2026-04-27 03:00:00,2026-04-27 03:00:00,85.902
2026-04-27 03:15:00,2026-04-27 03:15:00,85.906
2026-04-27 03:30:00,2026-04-27 03:30:00,85.904
2026-04-27 03:45:00,2026-04-27 03:45:00,85.908
2026-04-27 04:00:00,2026-04-27 04:00:00,85.907
2026-04-27 04:15:00,2026-04-27 04:15:00,85.907
2026-04-27 04:30:00,2026-04-27 04:30:00,85.907
2026-04-27 04:45:00,2026-04-27 04:45:00,85.903
2026-04-27 05:00:00,2026-04-27 05:00:00,85.903
2026-04-27 05:15:00,2026-04-27 05:15:00,85.903
2026-04-27 05:30:00,2026-04-27 05:30:00,85.902
2026-04-27 05:45:00,2026-04-27 05:45:00,85.898
2026-04-27 06:00:00,2026-04-27 06:00:00,85.902
2026-04-27 06:15:00,2026-04-27 06:15:00,85.892
2026-04-27 06:30:00,2026-04-27 06:30:00,85.888
2026-04-27 06:45:00,2026-04-27 06:45:00,85.897
2026-04-27 07:00:00,2026-04-27 07:00:00,85.902
2026-04-27 07:15:00,2026-04-27 07:15:00,85.896
2026-04-27 07:30:00,2026-04-27 07:30:00,85.895
2026-04-27 07:45:00,2026-04-27 07:45:00,85.896
2026-04-27 08:00:00,2026-04-27 08:00:00,85.892
2026-04-27 08:15:00,2026-04-27 08:15:00,85.894
2026-04-27 08:30:00,2026-04-27 08:30:00,85.898
2026-04-27 08:45:00,2026-04-27 08:45:00,85.884
2026-04-27 09:00:00,2026-04-27 09:00:00,85.884
2026-04-27 09:15:00,2026-04-27 09:15:00,85.89
2026-04-27 09:30:00,2026-04-27 09:30:00,85.892
2026-04-27 09:45:00,2026-04-27 09:45:00,85.887
2026-04-27 10:00:00,2026-04-27 10:00:00,85.886
2026-04-27 10:15:00,2026-04-27 10:15:00,85.882
2026-04-27 10:30:00,2026-04-27 10:30:00,85.883
2026-04-27 10:45:00,2026-04-27 10:45:00,85.88
2026-04-27 11:00:00,2026-04-27 11:00:00,85.876
2026-04-27 11:15:00,2026-04-27 11:15:00,85.876
2026-04-27 11:30:00,2026-04-27 11:30:00,85.868
2026-04-27 11:45:00,2026-04-27 11:45:00,85.869
2026-04-27 12:00:00,2026-04-27 12:00:00,85.873
2026-04-27 12:15:00,2026-04-27 12:15:00,85.875
2026-04-27 12:30:00,2026-04-27 12:30:00,85.87
2026-04-27 12:45:00,2026-04-27 12:45:00,85.868
2026-04-27 13:00:00,2026-04-27 13:00:00,85.868
2026-04-27 13:15:00,2026-04-27 13:15:00,85.859
2026-04-27 13:30:00,2026-04-27 13:30:00,85.863
2026-04-27 13:45:00,2026-04-27 13:45:00,85.877
2026-04-27 14:00:00,2026-04-27 14:00:00,85.865
2026-04-27 14:15:00,2026-04-27 14:15:00,85.863
2026-04-27 14:30:00,2026-04-27 14:30:00,85.855
2026-04-27 14:45:00,2026-04-27 14:45:00,85.856
2026-04-27 15:00:00,2026-04-27 15:00:00,85.856
2026-04-27 15:15:00,2026-04-27 15:15:00,85.856
2026-04-27 15:30:00,2026-04-27 15:30:00,85.85
2026-04-27 15:45:00,2026-04-27 15:45:00,85.862
2026-04-27 16:00:00,2026-04-27 16:00:00,85.861
2026-04-27 16:15:00,2026-04-27 16:15:00,85.856
2026-04-27 16:30:00,2026-04-27 16:30:00,85.847
2026-04-27 16:45:00,2026-04-27 16:45:00,85.846
2026-04-27 17:00:00,2026-04-27 17:00:00,85.848
2026-04-27 17:15:00,2026-04-27 17:15:00,85.858
2026-04-27 17:30:00,2026-04-27 17:30:00,85.859
2026-04-27 17:45:00,2026-04-27 17:45:00,85.845
2026-04-27 18:00:00,2026-04-27 18:00:00,85.848
2026-04-27 18:15:00,2026-04-27 18:15:00,85.852
2026-04-27 18:30:00,2026-04-27 18:30:00,85.85
2026-04-27 18:45:00,2026-04-27 18:45:00,85.854
2026-04-27 19:00:00,2026-04-27 19:00:00,85.854
2026-04-27 19:15:00,2026-04-27 19:15:00,85.852
2026-04-27 19:30:00,2026-04-27 19:30:00,85.855
2026-04-27 19:45:00,2026-04-27 19:45:00,85.857
2026-04-27 20:00:00,2026-04-27 20:00:00,85.855
2026-04-27 20:15:00,2026-04-27 20:15:00,85.85
2026-04-27 20:30:00,2026-04-27 20:30:00,85.851
2026-04-27 20:45:00,2026-04-27 20:45:00,85.858
2026-04-27 21:00:00,2026-04-27 21:00:00,85.857
2026-04-27 21:15:00,2026-04-27 21:15:00,85.855
2026-04-27 21:30:00,2026-04-27 21:30:00,85.856
2026-04-27 21:45:00,2026-04-27 21:45:00,85.853
2026-04-27 22:00:00,2026-04-27 22:00:00,85.86
2026-04-27 22:15:00,2026-04-27 22:15:00,85.858
2026-04-27 22:30:00,2026-04-27 22:30:00,85.858
2026-04-27 22:45:00,2026-04-27 22:45:00,85.851
2026-04-27 23:00:00,2026-04-27 23:00:00,85.855
2026-04-27 23:15:00,2026-04-27 23:15:00,85.855
2026-04-27 23:30:00,2026-04-27 23:30:00,85.856
2026-04-27 23:45:00,2026-04-27 23:45:00,85.851
2026-04-28 00:00:00,2026-04-28 00:00:00,85.851
2026-04-28 00:15:00,2026-04-28 00:15:00,85.846
2026-04-28 00:30:00,2026-04-28 00:30:00,85.85
2026-04-28 00:45:00,2026-04-28 00:45:00,85.855
2026-04-28 01:00:00,2026-04-28 01:00:00,85.85
2026-04-28 01:15:00,2026-04-28 01:15:00,85.855
2026-04-28 01:30:00,2026-04-28 01:30:00,85.85
2026-04-28 01:45:00,2026-04-28 01:45:00,85.856
2026-04-28 02:00:00,2026-04-28 02:00:00,85.851
2026-04-28 02:15:00,2026-04-28 02:15:00,85.847
2026-04-28 02:30:00,2026-04-28 02:30:00,85.849
2026-04-28 02:45:00,2026-04-28 02:45:00,85.849
2026-04-28 03:00:00,2026-04-28 03:00:00,85.853
2026-04-28 03:15:00,2026-04-28 03:15:00,85.846
2026-04-28 03:30:00,2026-04-28 03:30:00,85.847
2026-04-28 03:45:00,2026-04-28 03:45:00,85.845
2026-04-28 04:00:00,2026-04-28 04:00:00,85.848
2026-04-28 04:15:00,2026-04-28 04:15:00,85.861
2026-04-28 04:30:00,2026-04-28 04:30:00,85.866
2026-04-28 04:45:00,2026-04-28 04:45:00,85.852
2026-04-28 05:00:00,2026-04-28 05:00:00,85.844
2026-04-28 05:15:00,2026-04-28 05:15:00,85.841
2026-04-28 05:30:00,2026-04-28 05:30:00,85.846
2026-04-28 05:45:00,2026-04-28 05:45:00,85.843
2026-04-28 06:00:00,2026-04-28 06:00:00,85.84
2026-04-28 06:15:00,2026-04-28 06:15:00,85.833
2026-04-28 06:30:00,2026-04-28 06:30:00,85.835
2026-04-28 06:45:00,2026-04-28 06:45:00,85.843
2026-04-28 07:00:00,2026-04-28 07:00:00,85.843
2026-04-28 07:15:00,2026-04-28 07:15:00,85.831
2026-04-28 07:30:00,2026-04-28 07:30:00,85.832
2026-04-28 07:45:00,2026-04-28 07:45:00,85.831
2026-04-28 08:00:00,2026-04-28 08:00:00,85.827
2026-04-28 08:15:00,2026-04-28 08:15:00,85.833
2026-04-28 08:30:00,2026-04-28 08:30:00,85.835
2026-04-28 08:45:00,2026-04-28 08:45:00,85.833
2026-04-28 09:00:00,2026-04-28 09:00:00,85.829
2026-04-28 09:15:00,2026-04-28 09:15:00,85.827
2026-04-28 09:30:00,2026-04-28 09:30:00,85.829
2026-04-28 09:45:00,2026-04-28 09:45:00,85.815
2026-04-28 10:00:00,2026-04-28 10:00:00,85.818
2026-04-28 10:15:00,2026-04-28 10:15:00,85.818
2026-04-28 10:30:00,2026-04-28 10:30:00,85.819
2026-04-28 10:45:00,2026-04-28 10:45:00,85.81
2026-04-28 11:00:00,2026-04-28 11:00:00,85.807
2026-04-28 11:15:00,2026-04-28 11:15:00,85.807
2026-04-28 11:30:00,2026-04-28 11:30:00,85.802
2026-04-28 11:45:00,2026-04-28 11:45:00,85.792
2026-04-28 12:00:00,2026-04-28 12:00:00,85.792
2026-04-28 12:15:00,2026-04-28 12:15:00,85.802
2026-04-28 12:30:00,2026-04-28 12:30:00,85.809
2026-04-28 12:45:00,2026-04-28 12:45:00,85.799
2026-04-28 13:00:00,2026-04-28 13:00:00,85.795
2026-04-28 13:15:00,2026-04-28 13:15:00,85.797
2026-04-28 13:30:00,2026-04-28 13:30:00,85.793
2026-04-28 13:45:00,2026-04-28 13:45:00,85.801
2026-04-28 14:00:00,2026-04-28 14:00:00,85.796
2026-04-28 14:15:00,2026-04-28 14:15:00,85.817
2026-04-28 14:30:00,2026-04-28 14:30:00,85.786
2026-04-28 14:45:00,2026-04-28 14:45:00,85.795
2026-04-28 15:00:00,2026-04-28 15:00:00,85.797
2026-04-28 15:15:00,2026-04-28 15:15:00,85.792
2026-04-28 15:30:00,2026-04-28 15:30:00,85.795
2026-04-28 15:45:00,2026-04-28 15:45:00,85.795
2026-04-28 16:00:00,2026-04-28 16:00:00,85.793
2026-04-28 16:15:00,2026-04-28 16:15:00,85.791
2026-04-28 16:30:00,2026-04-28 16:30:00,85.793
2026-04-28 16:45:00,2026-04-28 16:45:00,85.785
2026-04-28 17:00:00,2026-04-28 17:00:00,85.786
2026-04-28 17:15:00,2026-04-28 17:15:00,85.781
2026-04-28 17:30:00,2026-04-28 17:30:00,85.793
2026-04-28 17:45:00,2026-04-28 17:45:00,85.781
2026-04-28 18:00:00,2026-04-28 18:00:00,85.778
2026-04-28 18:15:00,2026-04-28 18:15:00,85.785
2026-04-28 18:30:00,2026-04-28 18:30:00,85.776
2026-04-28 18:45:00,2026-04-28 18:45:00,85.787
2026-04-28 19:00:00,2026-04-28 19:00:00,85.79
2026-04-28 19:15:00,2026-04-28 19:15:00,85.783
2026-04-28 19:30:00,2026-04-28 19:30:00,85.785
2026-04-28 19:45:00,2026-04-28 19:45:00,85.774
2026-04-28 20:00:00,2026-04-28 20:00:00,85.771
2026-04-28 20:15:00,2026-04-28 20:15:00,85.782
2026-04-28 20:30:00,2026-04-28 20:30:00,85.785
2026-04-28 20:45:00,2026-04-28 20:45:00,85.786
2026-04-28 21:00:00,2026-04-28 21:00:00,85.79
2026-04-28 21:15:00,2026-04-28 21:15:00,85.783
2026-04-28 21:30:00,2026-04-28 21:30:00,85.775
2026-04-28 21:45:00,2026-04-28 21:45:00,85.785
2026-04-28 22:00:00,2026-04-28 22:00:00,85.785
2026-04-28 22:15:00,2026-04-28 22:15:00,85.784
2026-04-28 22:30:00,2026-04-28 22:30:00,85.784
2026-04-28 22:45:00,2026-04-28 22:45:00,85.793
2026-04-28 23:00:00,2026-04-28 23:00:00,85.791
2026-04-28 23:15:00,2026-04-28 23:15:00,85.793
2026-04-28 23:30:00,2026-04-28 23:30:00,85.793
2026-04-28 23:45:00,2026-04-28 23:45:00,85.781
2026-04-29 00:00:00,2026-04-29 00:00:00,85.779
2026-04-29 00:15:00,2026-04-29 00:15:00,85.787
2026-04-29 00:30:00,2026-04-29 00:30:00,85.783
2026-04-29 00:45:00,2026-04-29 00:45:00,85.788
2026-04-29 01:00:00,2026-04-29 01:00:00,85.793
2026-04-29 01:15:00,2026-04-29 01:15:00,85.788
2026-04-29 01:30:00,2026-04-29 01:30:00,85.785
2026-04-29 01:45:00,2026-04-29 01:45:00,85.782
2026-04-29 02:00:00,2026-04-29 02:00:00,85.781
2026-04-29 02:15:00,2026-04-29 02:15:00,85.79
2026-04-29 02:30:00,2026-04-29 02:30:00,85.787
2026-04-29 02:45:00,2026-04-29 02:45:00,85.786
2026-04-29 03:00:00,2026-04-29 03:00:00,85.788
2026-04-29 03:15:00,2026-04-29 03:15:00,85.791
2026-04-29 03:30:00,2026-04-29 03:30:00,85.787
2026-04-29 03:45:00,2026-04-29 03:45:00,85.786
2026-04-29 04:00:00,2026-04-29 04:00:00,85.782
2026-04-29 04:15:00,2026-04-29 04:15:00,85.785
2026-04-29 04:30:00,2026-04-29 04:30:00,85.789
2026-04-29 04:45:00,2026-04-29 04:45:00,85.779
2026-04-29 05:00:00,2026-04-29 05:00:00,85.776
2026-04-29 05:15:00,2026-04-29 05:15:00,85.788
2026-04-29 05:30:00,2026-04-29 05:30:00,85.785
2026-04-29 05:45:00,2026-04-29 05:45:00,85.783
2026-04-29 06:00:00,2026-04-29 06:00:00,85.783
2026-04-29 06:15:00,2026-04-29 06:15:00,85.767
2026-04-29 06:30:00,2026-04-29 06:30:00,85.76
2026-04-29 06:45:00,2026-04-29 06:45:00,85.778
2026-04-29 07:00:00,2026-04-29 07:00:00,85.787
2026-04-29 07:15:00,2026-04-29 07:15:00,85.78
2026-04-29 07:30:00,2026-04-29 07:30:00,85.785
2026-04-29 07:45:00,2026-04-29 07:45:00,85.789
2026-04-29 08:00:00,2026-04-29 08:00:00,85.792
2026-04-29 08:15:00,2026-04-29 08:15:00,85.766
2026-04-29 08:30:00,2026-04-29 08:30:00,85.772
2026-04-29 08:45:00,2026-04-29 08:45:00,85.778
2026-04-29 09:00:00,2026-04-29 09:00:00,85.775
2026-04-29 09:15:00,2026-04-29 09:15:00,85.777
2026-04-29 09:30:00,2026-04-29 09:30:00,85.779
2026-04-29 09:45:00,2026-04-29 09:45:00,85.773
2026-04-29 10:00:00,2026-04-29 10:00:00,85.773
2026-04-29 10:15:00,2026-04-29 10:15:00,85.758
2026-04-29 10:30:00,2026-04-29 10:30:00,85.75
2026-04-29 10:45:00,2026-04-29 10:45:00,85.764
2026-04-29 11:00:00,2026-04-29 11:00:00,85.764
2026-04-29 11:15:00,2026-04-29 11:15:00,85.785
2026-04-29 11:30:00,2026-04-29 11:30:00,85.787
2026-04-29 11:45:00,2026-04-29 11:45:00,85.782
2026-04-29 12:00:00,2026-04-29 12:00:00,85.765
2026-04-29 12:15:00,2026-04-29 12:15:00,85.76
2026-04-29 12:30:00,2026-04-29 12:30:00,85.759
2026-04-29 12:45:00,2026-04-29 12:45:00,85.752
2026-04-29 13:00:00,2026-04-29 13:00:00,85.755
2026-04-29 13:15:00,2026-04-29 13:15:00,85.755
2026-04-29 13:30:00,2026-04-29 13:30:00,85.752
2026-04-29 13:45:00,2026-04-29 13:45:00,85.756
2026-04-29 14:00:00,2026-04-29 14:00:00,85.757
2026-04-29 14:15:00,2026-04-29 14:15:00,85.765
2026-04-29 14:30:00,2026-04-29 14:30:00,85.759
2026-04-29 14:45:00,2026-04-29 14:45:00,85.74
2026-04-29 15:00:00,2026-04-29 15:00:00,85.744
2026-04-29 15:15:00,2026-04-29 15:15:00,85.749
2026-04-29 15:30:00,2026-04-29 15:30:00,85.76
2026-04-29 15:45:00,2026-04-29 15:45:00,85.778
2026-04-29 16:00:00,2026-04-29 16:00:00,85.775
2026-04-29 16:15:00,2026-04-29 16:15:00,85.776
2026-04-29 16:30:00,2026-04-29 16:30:00,85.774
2026-04-29 16:45:00,2026-04-29 16:45:00,85.776
2026-04-29 17:00:00,2026-04-29 17:00:00,85.776
2026-04-29 17:15:00,2026-04-29 17:15:00,85.769
2026-04-29 17:30:00,2026-04-29 17:30:00,85.776
2026-04-29 17:45:00,2026-04-29 17:45:00,85.783
2026-04-29 18:00:00,2026-04-29 18:00:00,85.779
2026-04-29 18:15:00,2026-04-29 18:15:00,85.771
2026-04-29 18:30:00,2026-04-29 18:30:00,85.774
2026-04-29 18:45:00,2026-04-29 18:45:00,85.778
2026-04-29 19:00:00,2026-04-29 19:00:00,85.782
2026-04-29 19:15:00,2026-04-29 19:15:00,85.782
2026-04-29 19:30:00,2026-04-29 19:30:00,85.777
2026-04-29 19:45:00,2026-04-29 19:45:00,85.771
2026-04-29 20:00:00,2026-04-29 20:00:00,85.767
2026-04-29 20:15:00,2026-04-29 20:15:00,85.771
2026-04-29 20:30:00,2026-04-29 20:30:00,85.775
2026-04-29 20:45:00,2026-04-29 20:45:00,85.77
2026-04-29 21:00:00,2026-04-29 21:00:00,85.778
2026-04-29 21:15:00,2026-04-29 21:15:00,85.769
2026-04-29 21:30:00,2026-04-29 21:30:00,85.768
2026-04-29 21:45:00,2026-04-29 21:45:00,85.778
2026-04-29 22:00:00,2026-04-29 22:00:00,85.779
2026-04-29 22:15:00,2026-04-29 22:15:00,85.777
2026-04-29 22:30:00,2026-04-29 22:30:00,85.78
2026-04-29 22:45:00,2026-04-29 22:45:00,85.774
2026-04-29 23:00:00,2026-04-29 23:00:00,85.772
2026-04-29 23:15:00,2026-04-29 23:15:00,85.781
2026-04-29 23:30:00,2026-04-29 23:30:00,85.786
2026-04-29 23:45:00,2026-04-29 23:45:00,85.785
2026-04-30 00:00:00,2026-04-30 00:00:00,85.786
2026-04-30 00:15:00,2026-04-30 00:15:00,85.785
2026-04-30 00:30:00,2026-04-30 00:30:00,85.78
2026-04-30 00:45:00,2026-04-30 00:45:00,85.767
2026-04-30 01:00:00,2026-04-30 01:00:00,85.771
2026-04-30 01:15:00,2026-04-30 01:15:00,85.775
2026-04-30 01:30:00,2026-04-30 01:30:00,85.774
2026-04-30 01:45:00,2026-04-30 01:45:00,85.781
2026-04-30 02:00:00,2026-04-30 02:00:00,85.781
2026-04-30 02:15:00,2026-04-30 02:15:00,85.776
2026-04-30 02:30:00,2026-04-30 02:30:00,85.773
2026-04-30 02:45:00,2026-04-30 02:45:00,85.778
2026-04-30 03:00:00,2026-04-30 03:00:00,85.774
2026-04-30 03:15:00,2026-04-30 03:15:00,85.78
2026-04-30 03:30:00,2026-04-30 03:30:00,85.779
2026-04-30 03:45:00,2026-04-30 03:45:00,85.779
2026-04-30 04:00:00,2026-04-30 04:00:00,85.781
2026-04-30 04:15:00,2026-04-30 04:15:00,85.782
2026-04-30 04:30:00,2026-04-30 04:30:00,85.782
2026-04-30 04:45:00,2026-04-30 04:45:00,85.78
2026-04-30 05:00:00,2026-04-30 05:00:00,85.783
2026-04-30 05:15:00,2026-04-30 05:15:00,85.793
2026-04-30 05:30:00,2026-04-30 05:30:00,85.785
2026-04-30 05:45:00,2026-04-30 05:45:00,85.772
2026-04-30 06:00:00,2026-04-30 06:00:00,85.779
2026-04-30 06:15:00,2026-04-30 06:15:00,85.771
2026-04-30 06:30:00,2026-04-30 06:30:00,85.765
2026-04-30 06:45:00,2026-04-30 06:45:00,85.769
2026-04-30 07:00:00,2026-04-30 07:00:00,85.767
2026-04-30 07:15:00,2026-04-30 07:15:00,85.777
2026-04-30 07:30:00,2026-04-30 07:30:00,85.775
2026-04-30 07:45:00,2026-04-30 07:45:00,85.771
2026-04-30 08:00:00,2026-04-30 08:00:00,85.766
2026-04-30 08:15:00,2026-04-30 08:15:00,85.774
2026-04-30 08:30:00,2026-04-30 08:30:00,85.781
2026-04-30 08:45:00,2026-04-30 08:45:00,85.767
2026-04-30 09:00:00,2026-04-30 09:00:00,85.765
2026-04-30 09:15:00,2026-04-30 09:15:00,85.768
2026-04-30 09:30:00,2026-04-30 09:30:00,85.765
2026-04-30 09:45:00,2026-04-30 09:45:00,85.753
2026-04-30 10:00:00,2026-04-30 10:00:00,85.759
2026-04-30 10:15:00,2026-04-30 10:15:00,85.768
2026-04-30 10:30:00,2026-04-30 10:30:00,85.772
2026-04-30 10:45:00,2026-04-30 10:45:00,85.765
2026-04-30 11:00:00,2026-04-30 11:00:00,85.762
2026-04-30 11:15:00,2026-04-30 11:15:00,85.762
2026-04-30 11:30:00,2026-04-30 11:30:00,85.762
2026-04-30 11:45:00,2026-04-30 11:45:00,85.752
2026-04-30 12:00:00,2026-04-30 12:00:00,85.743
2026-04-30 12:15:00,2026-04-30 12:15:00,85.749
2026-04-30 12:30:00,2026-04-30 12:30:00,85.755
2026-04-30 12:45:00,2026-04-30 12:45:00,85.759
2026-04-30 13:00:00,2026-04-30 13:00:00,85.758
2026-04-30 13:15:00,2026-04-30 13:15:00,85.754
2026-04-30 13:30:00,2026-04-30 13:30:00,85.75
2026-04-30 13:45:00,2026-04-30 13:45:00,85.75
2026-04-30 14:00:00,2026-04-30 14:00:00,85.74
2026-04-30 14:15:00,2026-04-30 14:15:00,85.739
2026-04-30 14:30:00,2026-04-30 14:30:00,85.741
2026-04-30 14:45:00,2026-04-30 14:45:00,85.765
2026-04-30 15:00:00,2026-04-30 15:00:00,85.766
2026-04-30 15:15:00,2026-04-30 15:15:00,85.78
2026-04-30 15:30:00,2026-04-30 15:30:00,85.786
2026-04-30 15:45:00,2026-04-30 15:45:00,85.786
2026-04-30 16:00:00,2026-04-30 16:00:00,85.795
2026-04-30 16:15:00,2026-04-30 16:15:00,85.8
2026-04-30 16:30:00,2026-04-30 16:30:00,85.809
2026-04-30 16:45:00,2026-04-30 16:45:00,85.798
2026-04-30 17:00:00,2026-04-30 17:00:00,85.799
2026-04-30 17:15:00,2026-04-30 17:15:00,85.803
2026-04-30 17:30:00,2026-04-30 17:30:00,85.801
2026-04-30 17:45:00,2026-04-30 17:45:00,85.805
2026-04-30 18:00:00,2026-04-30 18:00:00,85.81
2026-04-30 18:15:00,2026-04-30 18:15:00,85.804
2026-04-30 18:30:00,2026-04-30 18:30:00,85.797
2026-04-30 18:45:00,2026-04-30 18:45:00,85.798
2026-04-30 19:00:00,2026-04-30 19:00:00,85.802
2026-04-30 19:15:00,2026-04-30 19:15:00,85.802
2026-04-30 19:30:00,2026-04-30 19:30:00,85.807
2026-04-30 19:45:00,2026-04-30 19:45:00,85.804
2026-04-30 20:00:00,2026-04-30 20:00:00,85.794
2026-04-30 20:15:00,2026-04-30 20:15:00,85.807
2026-04-30 20:30:00,2026-04-30 20:30:00,85.81
2026-04-30 20:45:00,2026-04-30 20:45:00,85.794
2026-04-30 21:00:00,2026-04-30 21:00:00,85.797
2026-04-30 21:15:00,2026-04-30 21:15:00,85.799
2026-04-30 21:30:00,2026-04-30 21:30:00,85.804
2026-04-30 21:45:00,2026-04-30 21:45:00,85.803
2026-04-30 22:00:00,2026-04-30 22:00:00,85.809
2026-04-30 22:15:00,2026-04-30 22:15:00,85.799
2026-04-30 22:30:00,2026-04-30 22:30:00,85.797
2026-04-30 22:45:00,2026-04-30 22:45:00,85.807
2026-04-30 23:00:00,2026-04-30 23:00:00,85.806
2026-04-30 23:15:00,2026-04-30 23:15:00,85.806
2026-04-30 23:30:00,2026-04-30 23:30:00,85.806
2026-04-30 23:45:00,2026-04-30 23:45:00,85.801
2026-05-01 00:00:00,2026-05-01 00:00:00,85.796
2026-05-01 00:15:00,2026-05-01 00:15:00,85.809
2026-05-01 00:30:00,2026-05-01 00:30:00,85.813
2026-05-01 00:45:00,2026-05-01 00:45:00,85.809
2026-05-01 01:00:00,2026-05-01 01:00:00,85.804
2026-05-01 01:15:00,2026-05-01 01:15:00,85.803
2026-05-01 01:30:00,2026-05-01 01:30:00,85.8
2026-05-01 01:45:00,2026-05-01 01:45:00,85.799
2026-05-01 02:00:00,2026-05-01 02:00:00,85.8
2026-05-01 02:15:00,2026-05-01 02:15:00,85.801
2026-05-01 02:30:00,2026-05-01 02:30:00,85.801
2026-05-01 02:45:00,2026-05-01 02:45:00,85.797
2026-05-01 03:00:00,2026-05-01 03:00:00,85.797
2026-05-01 03:15:00,2026-05-01 03:15:00,85.806
2026-05-01 03:30:00,2026-05-01 03:30:00,85.817
2026-05-01 03:45:00,2026-05-01 03:45:00,85.811
2026-05-01 04:00:00,2026-05-01 04:00:00,85.806
2026-05-01 04:15:00,2026-05-01 04:15:00,85.796
2026-05-01 04:30:00,2026-05-01 04:30:00,85.808
2026-05-01 04:45:00,2026-05-01 04:45:00,85.81
2026-05-01 05:00:00,2026-05-01 05:00:00,85.806
2026-05-01 05:15:00,2026-05-01 05:15:00,85.792
2026-05-01 05:30:00,2026-05-01 05:30:00,85.789
2026-05-01 05:45:00,2026-05-01 05:45:00,85.791
2026-05-01 06:00:00,2026-05-01 06:00:00,85.802
2026-05-01 06:15:00,2026-05-01 06:15:00,85.805
2026-05-01 06:30:00,2026-05-01 06:30:00,85.803
2026-05-01 06:45:00,2026-05-01 06:45:00,85.798
2026-05-01 07:00:00,2026-05-01 07:00:00,85.783
2026-05-01 07:15:00,2026-05-01 07:15:00,85.785
2026-05-01 07:30:00,2026-05-01 07:30:00,85.788
2026-05-01 07:45:00,2026-05-01 07:45:00,85.787
2026-05-01 08:00:00,2026-05-01 08:00:00,85.786
2026-05-01 08:15:00,2026-05-01 08:15:00,85.782
2026-05-01 08:30:00,2026-05-01 08:30:00,85.785
2026-05-01 08:45:00,2026-05-01 08:45:00,85.777
2026-05-01 09:00:00,2026-05-01 09:00:00,85.777
2026-05-01 09:15:00,2026-05-01 09:15:00,85.772
2026-05-01 09:30:00,2026-05-01 09:30:00,85.767
2026-05-01 09:45:00,2026-05-01 09:45:00,85.779
2026-05-01 10:00:00,2026-05-01 10:00:00,85.773
2026-05-01 10:15:00,2026-05-01 10:15:00,85.775
2026-05-01 10:30:00,2026-05-01 10:30:00,85.775
2026-05-01 10:45:00,2026-05-01 10:45:00,85.762
2026-05-01 11:00:00,2026-05-01 11:00:00,85.768
2026-05-01 11:15:00,2026-05-01 11:15:00,85.773
2026-05-01 11:30:00,2026-05-01 11:30:00,85.762
2026-05-01 11:45:00,2026-05-01 11:45:00,85.771
2026-05-01 12:00:00,2026-05-01 12:00:00,85.772
2026-05-01 12:15:00,2026-05-01 12:15:00,85.778
2026-05-01 12:30:00,2026-05-01 12:30:00,85.771
2026-05-01 12:45:00,2026-05-01 12:45:00,85.758
2026-05-01 13:00:00,2026-05-01 13:00:00,85.752
2026-05-01 13:15:00,2026-05-01 13:15:00,85.757
2026-05-01 13:30:00,2026-05-01 13:30:00,85.763
2026-05-01 13:45:00,2026-05-01 13:45:00,85.763
2026-05-01 14:00:00,2026-05-01 14:00:00,85.77
2026-05-01 14:15:00,2026-05-01 14:15:00,85.769
2026-05-01 14:30:00,2026-05-01 14:30:00,85.767
2026-05-01 14:45:00,2026-05-01 14:45:00,85.763
2026-05-01 15:00:00,2026-05-01 15:00:00,85.766
2026-05-01 15:15:00,2026-05-01 15:15:00,85.752
2026-05-01 15:30:00,2026-05-01 15:30:00,85.752
2026-05-01 15:45:00,2026-05-01 15:45:00,85.75
2026-05-01 16:00:00,2026-05-01 16:00:00,85.754
2026-05-01 16:15:00,2026-05-01 16:15:00,85.754
2026-05-01 16:30:00,2026-05-01 16:30:00,85.75
2026-05-01 16:45:00,2026-05-01 16:45:00,85.755
2026-05-01 17:00:00,2026-05-01 17:00:00,85.749
2026-05-01 17:15:00,2026-05-01 17:15:00,85.753
2026-05-01 17:30:00,2026-05-01 17:30:00,85.753
2026-05-01 17:45:00,2026-05-01 17:45:00,85.753
2026-05-01 18:00:00,2026-05-01 18:00:00,85.751
2026-05-01 18:15:00,2026-05-01 18:15:00,85.753
2026-05-01 18:30:00,2026-05-01 18:30:00,85.762
2026-05-01 18:45:00,2026-05-01 18:45:00,85.757
2026-05-01 19:00:00,2026-05-01 19:00:00,85.748
2026-05-01 19:15:00,2026-05-01 19:15:00,85.753
2026-05-01 19:30:00,2026-05-01 19:30:00,85.751
2026-05-01 19:45:00,2026-05-01 19:45:00,85.757
2026-05-01 20:00:00,2026-05-01 20:00:00,85.763
2026-05-01 20:15:00,2026-05-01 20:15:00,85.758
2026-05-01 20:30:00,2026-05-01 20:30:00,85.753
2026-05-01 20:45:00,2026-05-01 20:45:00,85.754
2026-05-01 21:00:00,2026-05-01 21:00:00,85.762
2026-05-01 21:15:00,2026-05-01 21:15:00,85.763
2026-05-01 21:30:00,2026-05-01 21:30:00,85.763
2026-05-01 21:45:00,2026-05-01 21:45:00,85.766
2026-05-01 22:00:00,2026-05-01 22:00:00,85.765
2026-05-01 22:15:00,2026-05-01 22:15:00,85.764
2026-05-01 22:30:00,2026-05-01 22:30:00,85.767
2026-05-01 22:45:00,2026-05-01 22:45:00,85.769
2026-05-01 23:00:00,2026-05-01 23:00:00,85.768
2026-05-01 23:15:00,2026-05-01 23:15:00,85.769
2026-05-01 23:30:00,2026-05-01 23:30:00,85.768
2026-05-01 23:45:00,2026-05-01 23:45:00,85.771
2026-05-02 00:00:00,2026-05-02 00:00:00,85.771
2026-05-02 00:15:00,2026-05-02 00:15:00,85.77
2026-05-02 00:30:00,2026-05-02 00:30:00,85.78
2026-05-02 00:45:00,2026-05-02 00:45:00,85.782
2026-05-02 01:00:00,2026-05-02 01:00:00,85.781
2026-05-02 01:15:00,2026-05-02 01:15:00,85.792
2026-05-02 01:30:00,2026-05-02 01:30:00,85.793
2026-05-02 01:45:00,2026-05-02 01:45:00,85.802
2026-05-02 02:00:00,2026-05-02 02:00:00,85.806
2026-05-02 02:15:00,2026-05-02 02:15:00,85.802
2026-05-02 02:30:00,2026-05-02 02:30:00,85.806
2026-05-02 02:45:00,2026-05-02 02:45:00,85.812
2026-05-02 03:00:00,2026-05-02 03:00:00,85.811
2026-05-02 03:15:00,2026-05-02 03:15:00,85.827
2026-05-02 03:30:00,2026-05-02 03:30:00,85.841
2026-05-02 03:45:00,2026-05-02 03:45:00,85.832
2026-05-02 04:00:00,2026-05-02 04:00:00,85.827
2026-05-02 04:15:00,2026-05-02 04:15:00,85.834
2026-05-02 04:30:00,2026-05-02 04:30:00,85.838
2026-05-02 04:45:00,2026-05-02 04:45:00,85.823
2026-05-02 05:00:00,2026-05-02 05:00:00,85.825
2026-05-02 05:15:00,2026-05-02 05:15:00,85.826
2026-05-02 05:30:00,2026-05-02 05:30:00,85.828
2026-05-02 05:45:00,2026-05-02 05:45:00,85.835
2026-05-02 06:00:00,2026-05-02 06:00:00,85.841
2026-05-02 06:15:00,2026-05-02 06:15:00,85.833
2026-05-02 06:30:00,2026-05-02 06:30:00,85.817
2026-05-02 06:45:00,2026-05-02 06:45:00,85.815
2026-05-02 07:00:00,2026-05-02 07:00:00,85.81
2026-05-02 07:15:00,2026-05-02 07:15:00,85.819
2026-05-02 07:30:00,2026-05-02 07:30:00,85.821
2026-05-02 07:45:00,2026-05-02 07:45:00,85.818
2026-05-02 08:00:00,2026-05-02 08:00:00,85.819
2026-05-02 08:15:00,2026-05-02 08:15:00,85.819
2026-05-02 08:30:00,2026-05-02 08:30:00,85.828
2026-05-02 08:45:00,2026-05-02 08:45:00,85.832
2026-05-02 09:00:00,2026-05-02 09:00:00,85.839
2026-05-02 09:15:00,2026-05-02 09:15:00,85.824
2026-05-02 09:30:00,2026-05-02 09:30:00,85.823
2026-05-02 09:45:00,2026-05-02 09:45:00,85.823
2026-05-02 10:00:00,2026-05-02 10:00:00,85.823
2026-05-02 10:15:00,2026-05-02 10:15:00,85.814
2026-05-02 10:30:00,2026-05-02 10:30:00,85.812
2026-05-02 10:45:00,2026-05-02 10:45:00,85.823
2026-05-02 11:00:00,2026-05-02 11:00:00,85.817
2026-05-02 11:15:00,2026-05-02 11:15:00,85.807
2026-05-02 11:30:00,2026-05-02 11:30:00,85.808
2026-05-02 11:45:00,2026-05-02 11:45:00,85.825
2026-05-02 12:00:00,2026-05-02 12:00:00,85.829
2026-05-02 12:15:00,2026-05-02 12:15:00,85.821
2026-05-02 12:30:00,2026-05-02 12:30:00,85.818
2026-05-02 12:45:00,2026-05-02 12:45:00,85.803
2026-05-02 13:00:00,2026-05-02 13:00:00,85.805
2026-05-02 13:15:00,2026-05-02 13:15:00,85.812
2026-05-02 13:30:00,2026-05-02 13:30:00,85.809
2026-05-02 13:45:00,2026-05-02 13:45:00,85.823
2026-05-02 14:00:00,2026-05-02 14:00:00,85.826
2026-05-02 14:15:00,2026-05-02 14:15:00,85.82
2026-05-02 14:30:00,2026-05-02 14:30:00,85.82
2026-05-02 14:45:00,2026-05-02 14:45:00,85.825
2026-05-02 15:00:00,2026-05-02 15:00:00,85.821
2026-05-02 15:15:00,2026-05-02 15:15:00,85.837
2026-05-02 15:30:00,2026-05-02 15:30:00,85.852
2026-05-02 15:45:00,2026-05-02 15:45:00,85.89
2026-05-02 16:00:00,2026-05-02 16:00:00,85.892
2026-05-02 16:15:00,2026-05-02 16:15:00,85.917
2026-05-02 16:30:00,2026-05-02 16:30:00,85.924
2026-05-02 16:45:00,2026-05-02 16:45:00,85.956
2026-05-02 17:00:00,2026-05-02 17:00:00,85.968
2026-05-02 17:15:00,2026-05-02 17:15:00,85.994
2026-05-02 17:30:00,2026-05-02 17:30:00,85.99
2026-05-02 17:45:00,2026-05-02 17:45:00,85.995
2026-05-02 18:00:00,2026-05-02 18:00:00,86.002
2026-05-02 18:15:00,2026-05-02 18:15:00,86.008
2026-05-02 18:30:00,2026-05-02 18:30:00,86.016
2026-05-02 18:45:00,2026-05-02 18:45:00,86.026
2026-05-02 19:00:00,2026-05-02 19:00:00,86.015
2026-05-02 19:15:00,2026-05-02 19:15:00,85.997
2026-05-02 19:30:00,2026-05-02 19:30:00,85.993
2026-05-02 19:45:00,2026-05-02 19:45:00,86.003
2026-05-02 20:00:00,2026-05-02 20:00:00,86.01
2026-05-02 20:15:00,2026-05-02 20:15:00,86.017
2026-05-02 20:30:00,2026-05-02 20:30:00,86.018
2026-05-02 20:45:00,2026-05-02 20:45:00,86.021
2026-05-02 21:00:00,2026-05-02 21:00:00,86.022
2026-05-02 21:15:00,2026-05-02 21:15:00,86.007
2026-05-02 21:30:00,2026-05-02 21:30:00,86.002
2026-05-02 21:45:00,2026-05-02 21:45:00,86.02
2026-05-02 22:00:00,2026-05-02 22:00:00,86.02
2026-05-02 22:15:00,2026-05-02 22:15:00,86.033
2026-05-02 22:30:00,2026-05-02 22:30:00,86.04
2026-05-02 22:45:00,2026-05-02 22:45:00,86.033
2026-05-02 23:00:00,2026-05-02 23:00:00,86.042
2026-05-02 23:15:00,2026-05-02 23:15:00,86.021
2026-05-02 23:30:00,2026-05-02 23:30:00,86.025
2026-05-02 23:45:00,2026-05-02 23:45:00,86.036
2026-05-03 00:00:00,2026-05-03 00:00:00,86.036
2026-05-03 00:15:00,2026-05-03 00:15:00,86.031
2026-05-03 00:30:00,2026-05-03 00:30:00,86.036
2026-05-03 00:45:00,2026-05-03 00:45:00,86.039
2026-05-03 01:00:00,2026-05-03 01:00:00,86.033
2026-05-03 01:15:00,2026-05-03 01:15:00,86.034
2026-05-03 01:30:00,2026-05-03 01:30:00,86.04
2026-05-03 01:45:00,2026-05-03 01:45:00,86.035
2026-05-03 02:00:00,2026-05-03 02:00:00,86.039
2026-05-03 02:15:00,2026-05-03 02:15:00,86.045
2026-05-03 02:30:00,2026-05-03 02:30:00,86.046
2026-05-03 02:45:00,2026-05-03 02:45:00,86.058
2026-05-03 03:00:00,2026-05-03 03:00:00,86.059
2026-05-03 03:15:00,2026-05-03 03:15:00,86.048
2026-05-03 03:30:00,2026-05-03 03:30:00,86.055
2026-05-03 03:45:00,2026-05-03 03:45:00,86.053
2026-05-03 04:00:00,2026-05-03 04:00:00,86.053
2026-05-03 04:15:00,2026-05-03 04:15:00,86.052
2026-05-03 04:30:00,2026-05-03 04:30:00,86.061
2026-05-03 04:45:00,2026-05-03 04:45:00,86.062
2026-05-03 05:00:00,2026-05-03 05:00:00,86.055
2026-05-03 05:15:00,2026-05-03 05:15:00,86.051
2026-05-03 05:30:00,2026-05-03 05:30:00,86.044
2026-05-03 05:45:00,2026-05-03 05:45:00,86.051
2026-05-03 06:00:00,2026-05-03 06:00:00,86.058
2026-05-03 06:15:00,2026-05-03 06:15:00,86.06
2026-05-03 06:30:00,2026-05-03 06:30:00,86.056
2026-05-03 06:45:00,2026-05-03 06:45:00,86.05
2026-05-03 07:00:00,2026-05-03 07:00:00,86.055
2026-05-03 07:15:00,2026-05-03 07:15:00,86.048
2026-05-03 07:30:00,2026-05-03 07:30:00,86.046
2026-05-03 07:45:00,2026-05-03 07:45:00,86.054
2026-05-03 08:00:00,2026-05-03 08:00:00,86.048
2026-05-03 08:15:00,2026-05-03 08:15:00,86.055
2026-05-03 08:30:00,2026-05-03 08:30:00,86.067
2026-05-03 08:45:00,2026-05-03 08:45:00,86.054
2026-05-03 09:00:00,2026-05-03 09:00:00,86.051
2026-05-03 09:15:00,2026-05-03 09:15:00,86.056
2026-05-03 09:30:00,2026-05-03 09:30:00,86.054
2026-05-03 09:45:00,2026-05-03 09:45:00,86.052
2026-05-03 10:00:00,2026-05-03 10:00:00,86.056
2026-05-03 10:15:00,2026-05-03 10:15:00,86.049
2026-05-03 10:30:00,2026-05-03 10:30:00,86.048
2026-05-03 10:45:00,2026-05-03 10:45:00,86.051
2026-05-03 11:00:00,2026-05-03 11:00:00,86.048
2026-05-03 11:15:00,2026-05-03 11:15:00,86.049
2026-05-03 11:30:00,2026-05-03 11:30:00,86.048
2026-05-03 11:45:00,2026-05-03 11:45:00,86.037
2026-05-03 12:00:00,2026-05-03 12:00:00,86.034
2026-05-03 12:15:00,2026-05-03 12:15:00,86.039
2026-05-03 12:30:00,2026-05-03 12:30:00,86.043
2026-05-03 12:45:00,2026-05-03 12:45:00,86.034
2026-05-03 13:00:00,2026-05-03 13:00:00,86.037
2026-05-03 13:15:00,2026-05-03 13:15:00,86.033
2026-05-03 13:30:00,2026-05-03 13:30:00,86.033
2026-05-03 13:45:00,2026-05-03 13:45:00,86.045
2026-05-03 14:00:00,2026-05-03 14:00:00,86.047
2026-05-03 14:15:00,2026-05-03 14:15:00,86.057
2026-05-03 14:30:00,2026-05-03 14:30:00,86.06
2026-05-03 14:45:00,2026-05-03 14:45:00,86.088
2026-05-03 15:00:00,2026-05-03 15:00:00,86.096
2026-05-03 15:15:00,2026-05-03 15:15:00,86.093
2026-05-03 15:30:00,2026-05-03 15:30:00,86.097
2026-05-03 15:45:00,2026-05-03 15:45:00,86.099
2026-05-03 16:00:00,2026-05-03 16:00:00,86.091
2026-05-03 16:15:00,2026-05-03 16:15:00,86.099
2026-05-03 16:30:00,2026-05-03 16:30:00,86.096
2026-05-03 16:45:00,2026-05-03 16:45:00,86.094
2026-05-03 17:00:00,2026-05-03 17:00:00,86.097
2026-05-03 17:15:00,2026-05-03 17:15:00,86.104
2026-05-03 17:30:00,2026-05-03 17:30:00,86.102
2026-05-03 17:45:00,2026-05-03 17:45:00,86.107
2026-05-03 18:00:00,2026-05-03 18:00:00,86.115
2026-05-03 18:15:00,2026-05-03 18:15:00,86.09
2026-05-03 18:30:00,2026-05-03 18:30:00,86.093
2026-05-03 18:45:00,2026-05-03 18:45:00,86.107
2026-05-03 19:00:00,2026-05-03 19:00:00,86.109
2026-05-03 19:15:00,2026-05-03 19:15:00,86.107
2026-05-03 19:30:00,2026-05-03 19:30:00,86.112
2026-05-03 19:45:00,2026-05-03 19:45:00,86.113
2026-05-03 20:00:00,2026-05-03 20:00:00,86.109
2026-05-03 20:15:00,2026-05-03 20:15:00,86.118
2026-05-03 20:30:00,2026-05-03 20:30:00,86.121
2026-05-03 20:45:00,2026-05-03 20:45:00,86.127
2026-05-03 21:00:00,2026-05-03 21:00:00,86.124
2026-05-03 21:15:00,2026-05-03 21:15:00,86.122
2026-05-03 21:30:00,2026-05-03 21:30:00,86.118
2026-05-03 21:45:00,2026-05-03 21:45:00,86.122
2026-05-03 22:00:00,2026-05-03 22:00:00,86.123
2026-05-03 22:15:00,2026-05-03 22:15:00,86.135
2026-05-03 22:30:00,2026-05-03 22:30:00,86.138
2026-05-03 22:45:00,2026-05-03 22:45:00,86.133
2026-05-03 23:00:00,2026-05-03 23:00:00,86.132
2026-05-03 23:15:00,2026-05-03 23:15:00,86.13
2026-05-03 23:30:00,2026-05-03 23:30:00,86.132
2026-05-03 23:45:00,2026-05-03 23:45:00,86.134
2026-05-04 00:00:00,2026-05-04 00:00:00,86.131
2026-05-04 00:15:00,2026-05-04 00:15:00,86.133
2026-05-04 00:30:00,2026-05-04 00:30:00,86.136
2026-05-04 00:45:00,2026-05-04 00:45:00,86.141
2026-05-04 01:00:00,2026-05-04 01:00:00,86.144
2026-05-04 01:15:00,2026-05-04 01:15:00,86.137
2026-05-04 01:30:00,2026-05-04 01:30:00,86.14
2026-05-04 01:45:00,2026-05-04 01:45:00,86.142
2026-05-04 02:00:00,2026-05-04 02:00:00,86.146
2026-05-04 02:15:00,2026-05-04 02:15:00,86.134
2026-05-04 02:30:00,2026-05-04 02:30:00,86.134
2026-05-04 02:45:00,2026-05-04 02:45:00,86.151
2026-05-04 03:00:00,2026-05-04 03:00:00,86.149
2026-05-04 03:15:00,2026-05-04 03:15:00,86.15
2026-05-04 03:30:00,2026-05-04 03:30:00,86.156
2026-05-04 03:45:00,2026-05-04 03:45:00,86.149
2026-05-04 04:00:00,2026-05-04 04:00:00,86.142
2026-05-04 04:15:00,2026-05-04 04:15:00,86.143
2026-05-04 04:30:00,2026-05-04 04:30:00,86.139
2026-05-04 04:45:00,2026-05-04 04:45:00,86.146
2026-05-04 05:00:00,2026-05-04 05:00:00,86.153
2026-05-04 05:15:00,2026-05-04 05:15:00,86.149
2026-05-04 05:30:00,2026-05-04 05:30:00,86.146
2026-05-04 05:45:00,2026-05-04 05:45:00,86.154
2026-05-04 06:00:00,2026-05-04 06:00:00,86.156
2026-05-04 06:15:00,2026-05-04 06:15:00,86.155
2026-05-04 06:30:00,2026-05-04 06:30:00,86.157
2026-05-04 06:45:00,2026-05-04 06:45:00,86.139
2026-05-04 07:00:00,2026-05-04 07:00:00,86.136
2026-05-04 07:15:00,2026-05-04 07:15:00,86.149
2026-05-04 07:30:00,2026-05-04 07:30:00,86.155
2026-05-04 07:45:00,2026-05-04 07:45:00,86.162
2026-05-04 08:00:00,2026-05-04 08:00:00,86.162
2026-05-04 08:15:00,2026-05-04 08:15:00,86.153
2026-05-04 08:30:00,2026-05-04 08:30:00,86.153
2026-05-04 08:45:00,2026-05-04 08:45:00,86.145
2026-05-04 09:00:00,2026-05-04 09:00:00,86.146
2026-05-04 09:15:00,2026-05-04 09:15:00,86.153
2026-05-04 09:30:00,2026-05-04 09:30:00,86.156
2026-05-04 09:45:00,2026-05-04 09:45:00,86.158
2026-05-04 10:00:00,2026-05-04 10:00:00,86.149
2026-05-04 10:15:00,2026-05-04 10:15:00,86.138
2026-05-04 10:30:00,2026-05-04 10:30:00,86.142
2026-05-04 10:45:00,2026-05-04 10:45:00,86.14
2026-05-04 11:00:00,2026-05-04 11:00:00,86.141
2026-05-04 11:15:00,2026-05-04 11:15:00,86.157
2026-05-04 11:30:00,2026-05-04 11:30:00,86.164
2026-05-04 11:45:00,2026-05-04 11:45:00,86.155
2026-05-04 12:00:00,2026-05-04 12:00:00,86.154
2026-05-04 12:15:00,2026-05-04 12:15:00,86.142
2026-05-04 12:30:00,2026-05-04 12:30:00,86.143
2026-05-04 12:45:00,2026-05-04 12:45:00,86.134
2026-05-04 13:00:00,2026-05-04 13:00:00,86.136
2026-05-04 13:15:00,2026-05-04 13:15:00,86.138
2026-05-04 13:30:00,2026-05-04 13:30:00,86.144
2026-05-04 13:45:00,2026-05-04 13:45:00,86.144
2026-05-04 14:00:00,2026-05-04 14:00:00,86.155
2026-05-04 14:15:00,2026-05-04 14:15:00,86.157
2026-05-04 14:30:00,2026-05-04 14:30:00,86.154
2026-05-04 14:45:00,2026-05-04 14:45:00,86.155
2026-05-04 15:00:00,2026-05-04 15:00:00,86.152
2026-05-04 15:15:00,2026-05-04 15:15:00,86.153
2026-05-04 15:30:00,2026-05-04 15:30:00,86.162
2026-05-04 15:45:00,2026-05-04 15:45:00,86.16
2026-05-04 16:00:00,2026-05-04 16:00:00,86.161
2026-05-04 16:15:00,2026-05-04 16:15:00,86.156
2026-05-04 16:30:00,2026-05-04 16:30:00,86.153
2026-05-04 16:45:00,2026-05-04 16:45:00,86.148
2026-05-04 17:00:00,2026-05-04 17:00:00,86.15
2026-05-04 17:15:00,2026-05-04 17:15:00,86.149
2026-05-04 17:30:00,2026-05-04 17:30:00,86.149
2026-05-04 17:45:00,2026-05-04 17:45:00,86.148
2026-05-04 18:00:00,2026-05-04 18:00:00,86.144
2026-05-04 18:15:00,2026-05-04 18:15:00,86.151
2026-05-04 18:30:00,2026-05-04 18:30:00,86.152
2026-05-04 18:45:00,2026-05-04 18:45:00,86.143
2026-05-04 19:00:00,2026-05-04 19:00:00,86.144
2026-05-04 19:15:00,2026-05-04 19:15:00,86.148
2026-05-04 19:30:00,2026-05-04 19:30:00,86.152
2026-05-04 19:45:00,2026-05-04 19:45:00,86.148
2026-05-04 20:00:00,2026-05-04 20:00:00,86.151
2026-05-04 20:15:00,2026-05-04 20:15:00,86.155
2026-05-04 20:30:00,2026-05-04 20:30:00,86.152
2026-05-04 20:45:00,2026-05-04 20:45:00,86.156
2026-05-04 21:00:00,2026-05-04 21:00:00,86.16
2026-05-04 21:15:00,2026-05-04 21:15:00,86.156
2026-05-04 21:30:00,2026-05-04 21:30:00,86.154
2026-05-04 21:45:00,2026-05-04 21:45:00,86.155
2026-05-04 22:00:00,2026-05-04 22:00:00,86.156
2026-05-04 22:15:00,2026-05-04 22:15:00,86.154
2026-05-04 22:30:00,2026-05-04 22:30:00,86.156
2026-05-04 22:45:00,2026-05-04 22:45:00,86.156
2026-05-04 23:00:00,2026-05-04 23:00:00,86.154
2026-05-04 23:15:00,2026-05-04 23:15:00,86.157
2026-05-04 23:30:00,2026-05-04 23:30:00,86.158
2026-05-04 23:45:00,2026-05-04 23:45:00,86.157
2026-05-05 00:00:00,2026-05-05 00:00:00,86.155
2026-05-05 00:15:00,2026-05-05 00:15:00,86.161
2026-05-05 00:30:00,2026-05-05 00:30:00,86.164
2026-05-05 00:45:00,2026-05-05 00:45:00,86.162
2026-05-05 01:00:00,2026-05-05 01:00:00,86.163
2026-05-05 01:15:00,2026-05-05 01:15:00,86.16
2026-05-05 01:30:00,2026-05-05 01:30:00,86.162
2026-05-05 01:45:00,2026-05-05 01:45:00,86.164
2026-05-05 02:00:00,2026-05-05 02:00:00,86.163
2026-05-05 02:15:00,2026-05-05 02:15:00,86.162
2026-05-05 02:30:00,2026-05-05 02:30:00,86.165
2026-05-05 02:45:00,2026-05-05 02:45:00,86.17
2026-05-05 03:00:00,2026-05-05 03:00:00,86.165
2026-05-05 03:15:00,2026-05-05 03:15:00,86.172
2026-05-05 03:30:00,2026-05-05 03:30:00,86.17
2026-05-05 03:45:00,2026-05-05 03:45:00,86.162
2026-05-05 04:00:00,2026-05-05 04:00:00,86.156
2026-05-05 04:15:00,2026-05-05 04:15:00,86.157
2026-05-05 04:30:00,2026-05-05 04:30:00,86.155
2026-05-05 04:45:00,2026-05-05 04:45:00,86.166
2026-05-05 05:00:00,2026-05-05 05:00:00,86.161
2026-05-05 05:15:00,2026-05-05 05:15:00,86.164
2026-05-05 05:30:00,2026-05-05 05:30:00,86.169
2026-05-05 05:45:00,2026-05-05 05:45:00,86.158
2026-05-05 06:00:00,2026-05-05 06:00:00,86.151
2026-05-05 06:15:00,2026-05-05 06:15:00,86.159
2026-05-05 06:30:00,2026-05-05 06:30:00,86.173
2026-05-05 06:45:00,2026-05-05 06:45:00,86.157
2026-05-05 07:00:00,2026-05-05 07:00:00,86.16
2026-05-05 07:15:00,2026-05-05 07:15:00,86.155
2026-05-05 07:30:00,2026-05-05 07:30:00,86.153
2026-05-05 07:45:00,2026-05-05 07:45:00,86.157
2026-05-05 08:00:00,2026-05-05 08:00:00,86.154
2026-05-05 08:15:00,2026-05-05 08:15:00,86.158
2026-05-05 08:30:00,2026-05-05 08:30:00,86.16
2026-05-05 08:45:00,2026-05-05 08:45:00,86.145
2026-05-05 09:00:00,2026-05-05 09:00:00,86.151
2026-05-05 09:15:00,2026-05-05 09:15:00,86.153
2026-05-05 09:30:00,2026-05-05 09:30:00,86.149
2026-05-05 09:45:00,2026-05-05 09:45:00,86.151
2026-05-05 10:00:00,2026-05-05 10:00:00,86.157
2026-05-05 10:15:00,2026-05-05 10:15:00,86.144
2026-05-05 10:30:00,2026-05-05 10:30:00,86.143
2026-05-05 10:45:00,2026-05-05 10:45:00,86.15
2026-05-05 11:00:00,2026-05-05 11:00:00,86.148
2026-05-05 11:15:00,2026-05-05 11:15:00,86.148
2026-05-05 11:30:00,2026-05-05 11:30:00,86.149
2026-05-05 11:45:00,2026-05-05 11:45:00,86.15
2026-05-05 12:00:00,2026-05-05 12:00:00,86.141
2026-05-05 12:15:00,2026-05-05 12:15:00,86.148
2026-05-05 12:30:00,2026-05-05 12:30:00,86.145
2026-05-05 12:45:00,2026-05-05 12:45:00,86.14
2026-05-05 13:00:00,2026-05-05 13:00:00,86.149
2026-05-05 13:15:00,2026-05-05 13:15:00,86.151
2026-05-05 13:30:00,2026-05-05 13:30:00,86.145
2026-05-05 13:45:00,2026-05-05 13:45:00,86.157
2026-05-05 14:00:00,2026-05-05 14:00:00,86.154
2026-05-05 14:15:00,2026-05-05 14:15:00,86.184
2026-05-05 14:30:00,2026-05-05 14:30:00,86.183
2026-05-05 14:45:00,2026-05-05 14:45:00,86.177
2026-05-05 15:00:00,2026-05-05 15:00:00,86.175
2026-05-05 15:15:00,2026-05-05 15:15:00,86.165
2026-05-05 15:30:00,2026-05-05 15:30:00,86.165
2026-05-05 15:45:00,2026-05-05 15:45:00,86.165
2026-05-05 16:00:00,2026-05-05 16:00:00,86.167
2026-05-05 16:15:00,2026-05-05 16:15:00,86.176
2026-05-05 16:30:00,2026-05-05 16:30:00,86.174
2026-05-05 16:45:00,2026-05-05 16:45:00,86.162
2026-05-05 17:00:00,2026-05-05 17:00:00,86.164
2026-05-05 17:15:00,2026-05-05 17:15:00,86.166
2026-05-05 17:30:00,2026-05-05 17:30:00,86.162
2026-05-05 17:45:00,2026-05-05 17:45:00,86.165
2026-05-05 18:00:00,2026-05-05 18:00:00,86.163
2026-05-05 18:15:00,2026-05-05 18:15:00,86.163
2026-05-05 18:30:00,2026-05-05 18:30:00,86.165
2026-05-05 18:45:00,2026-05-05 18:45:00,86.168
2026-05-05 19:00:00,2026-05-05 19:00:00,86.161
2026-05-05 19:15:00,2026-05-05 19:15:00,86.172
2026-05-05 19:30:00,2026-05-05 19:30:00,86.168
2026-05-05 19:45:00,2026-05-05 19:45:00,86.157
2026-05-05 20:00:00,2026-05-05 20:00:00,86.161
2026-05-05 20:15:00,2026-05-05 20:15:00,86.168
2026-05-05 20:30:00,2026-05-05 20:30:00,86.167
2026-05-05 20:45:00,2026-05-05 20:45:00,86.167
2026-05-05 21:00:00,2026-05-05 21:00:00,86.168
2026-05-05 21:15:00,2026-05-05 21:15:00,86.172
2026-05-05 21:30:00,2026-05-05 21:30:00,86.174
2026-05-05 21:45:00,2026-05-05 21:45:00,86.171
2026-05-05 22:00:00,2026-05-05 22:00:00,86.167
2026-05-05 22:15:00,2026-05-05 22:15:00,86.173
2026-05-05 22:30:00,2026-05-05 22:30:00,86.168
2026-05-05 22:45:00,2026-05-05 22:45:00,86.168
2026-05-05 23:00:00,2026-05-05 23:00:00,86.167
2026-05-05 23:15:00,2026-05-05 23:15:00,86.177
2026-05-05 23:30:00,2026-05-05 23:30:00,86.173
2026-05-05 23:45:00,2026-05-05 23:45:00,86.174
2026-05-06 00:00:00,2026-05-06 00:00:00,86.174
2026-05-06 00:15:00,2026-05-06 00:15:00,86.166
2026-05-06 00:30:00,2026-05-06 00:30:00,86.163
2026-05-06 00:45:00,2026-05-06 00:45:00,86.168
2026-05-06 01:00:00,2026-05-06 01:00:00,86.171
2026-05-06 01:15:00,2026-05-06 01:15:00,86.175
2026-05-06 01:30:00,2026-05-06 01:30:00,86.177
2026-05-06 01:45:00,2026-05-06 01:45:00,86.174
2026-05-06 02:00:00,2026-05-06 02:00:00,86.173
2026-05-06 02:15:00,2026-05-06 02:15:00,86.173
2026-05-06 02:30:00,2026-05-06 02:30:00,86.174
2026-05-06 02:45:00,2026-05-06 02:45:00,86.171
2026-05-06 03:00:00,2026-05-06 03:00:00,86.173
2026-05-06 03:15:00,2026-05-06 03:15:00,86.173
2026-05-06 03:30:00,2026-05-06 03:30:00,86.174
2026-05-06 03:45:00,2026-05-06 03:45:00,86.164
2026-05-06 04:00:00,2026-05-06 04:00:00,86.163
2026-05-06 04:15:00,2026-05-06 04:15:00,86.175
2026-05-06 04:30:00,2026-05-06 04:30:00,86.179
2026-05-06 04:45:00,2026-05-06 04:45:00,86.164
2026-05-06 05:00:00,2026-05-06 05:00:00,86.161
2026-05-06 05:15:00,2026-05-06 05:15:00,86.17
2026-05-06 05:30:00,2026-05-06 05:30:00,86.171
2026-05-06 05:45:00,2026-05-06 05:45:00,86.169
2026-05-06 06:00:00,2026-05-06 06:00:00,86.169
2026-05-06 06:15:00,2026-05-06 06:15:00,86.172
2026-05-06 06:30:00,2026-05-06 06:30:00,86.167
2026-05-06 06:45:00,2026-05-06 06:45:00,86.171
2026-05-06 07:00:00,2026-05-06 07:00:00,86.177
2026-05-06 07:15:00,2026-05-06 07:15:00,86.161
2026-05-06 07:30:00,2026-05-06 07:30:00,86.17
2026-05-06 07:45:00,2026-05-06 07:45:00,86.166
2026-05-06 08:00:00,2026-05-06 08:00:00,86.166
2026-05-06 08:15:00,2026-05-06 08:15:00,86.161
2026-05-06 08:30:00,2026-05-06 08:30:00,86.159
2026-05-06 08:45:00,2026-05-06 08:45:00,86.157
2026-05-06 09:00:00,2026-05-06 09:00:00,86.153
2026-05-06 09:15:00,2026-05-06 09:15:00,86.152
2026-05-06 09:30:00,2026-05-06 09:30:00,86.152
2026-05-06 09:45:00,2026-05-06 09:45:00,86.158
2026-05-06 10:00:00,2026-05-06 10:00:00,86.152
2026-05-06 10:15:00,2026-05-06 10:15:00,86.14
2026-05-06 10:30:00,2026-05-06 10:30:00,86.128
2026-05-06 10:45:00,2026-05-06 10:45:00,86.139
2026-05-06 11:00:00,2026-05-06 11:00:00,86.149
2026-05-06 11:15:00,2026-05-06 11:15:00,86.146
2026-05-06 11:30:00,2026-05-06 11:30:00,86.146
2026-05-06 11:45:00,2026-05-06 11:45:00,86.149
2026-05-06 12:00:00,2026-05-06 12:00:00,86.151
2026-05-06 12:15:00,2026-05-06 12:15:00,86.139
2026-05-06 12:30:00,2026-05-06 12:30:00,86.149
2026-05-06 12:45:00,2026-05-06 12:45:00,86.15
2026-05-06 13:00:00,2026-05-06 13:00:00,86.149
2026-05-06 13:15:00,2026-05-06 13:15:00,86.145
2026-05-06 13:30:00,2026-05-06 13:30:00,86.155
2026-05-06 13:45:00,2026-05-06 13:45:00,86.15
2026-05-06 14:00:00,2026-05-06 14:00:00,86.157
2026-05-06 14:15:00,2026-05-06 14:15:00,86.157
2026-05-06 14:30:00,2026-05-06 14:30:00,86.161
2026-05-06 14:45:00,2026-05-06 14:45:00,86.168
2026-05-06 15:00:00,2026-05-06 15:00:00,86.161
2026-05-06 15:15:00,2026-05-06 15:15:00,86.162
2026-05-06 15:30:00,2026-05-06 15:30:00,86.159
2026-05-06 15:45:00,2026-05-06 15:45:00,86.157
2026-05-06 16:00:00,2026-05-06 16:00:00,86.152
2026-05-06 16:15:00,2026-05-06 16:15:00,86.164
2026-05-06 16:30:00,2026-05-06 16:30:00,86.162
2026-05-06 16:45:00,2026-05-06 16:45:00,86.15
2026-05-06 17:00:00,2026-05-06 17:00:00,86.151
2026-05-06 17:15:00,2026-05-06 17:15:00,86.15
2026-05-06 17:30:00,2026-05-06 17:30:00,86.153
2026-05-06 17:45:00,2026-05-06 17:45:00,86.157
2026-05-06 18:00:00,2026-05-06 18:00:00,86.157
2026-05-06 18:15:00,2026-05-06 18:15:00,86.153
2026-05-06 18:30:00,2026-05-06 18:30:00,86.152
2026-05-06 18:45:00,2026-05-06 18:45:00,86.145
2026-05-06 19:00:00,2026-05-06 19:00:00,86.14
2026-05-06 19:15:00,2026-05-06 19:15:00,86.15
2026-05-06 19:30:00,2026-05-06 19:30:00,86.147
2026-05-06 19:45:00,2026-05-06 19:45:00,86.155
2026-05-06 20:00:00,2026-05-06 20:00:00,86.153
2026-05-06 20:15:00,2026-05-06 20:15:00,86.147
2026-05-06 20:30:00,2026-05-06 20:30:00,86.137
2026-05-06 20:45:00,2026-05-06 20:45:00,86.153
2026-05-06 21:00:00,2026-05-06 21:00:00,86.16
2026-05-06 21:15:00,2026-05-06 21:15:00,86.162
2026-05-06 21:30:00,2026-05-06 21:30:00,86.162
2026-05-06 21:45:00,2026-05-06 21:45:00,86.151
2026-05-06 22:00:00,2026-05-06 22:00:00,86.15
2026-05-06 22:15:00,2026-05-06 22:15:00,86.156
2026-05-06 22:30:00,2026-05-06 22:30:00,86.16
2026-05-06 22:45:00,2026-05-06 22:45:00,86.151
2026-05-06 23:00:00,2026-05-06 23:00:00,86.152
2026-05-06 23:15:00,2026-05-06 23:15:00,86.153
2026-05-06 23:30:00,2026-05-06 23:30:00,86.151
2026-05-06 23:45:00,2026-05-06 23:45:00,86.151
2026-05-07 00:00:00,2026-05-07 00:00:00,86.151
2026-05-07 00:15:00,2026-05-07 00:15:00,86.152
2026-05-07 00:30:00,2026-05-07 00:30:00,86.154
2026-05-07 00:45:00,2026-05-07 00:45:00,86.156
2026-05-07 01:00:00,2026-05-07 01:00:00,86.157
2026-05-07 01:15:00,2026-05-07 01:15:00,86.15
2026-05-07 01:30:00,2026-05-07 01:30:00,86.151
2026-05-07 01:45:00,2026-05-07 01:45:00,86.158
2026-05-07 02:00:00,2026-05-07 02:00:00,86.157
2026-05-07 02:15:00,2026-05-07 02:15:00,86.159
2026-05-07 02:30:00,2026-05-07 02:30:00,86.16
2026-05-07 02:45:00,2026-05-07 02:45:00,86.154
2026-05-07 03:00:00,2026-05-07 03:00:00,86.15
2026-05-07 03:15:00,2026-05-07 03:15:00,86.159
2026-05-07 03:30:00,2026-05-07 03:30:00,86.156
2026-05-07 03:45:00,2026-05-07 03:45:00,86.147
2026-05-07 04:00:00,2026-05-07 04:00:00,86.156
2026-05-07 04:15:00,2026-05-07 04:15:00,86.155
2026-05-07 04:30:00,2026-05-07 04:30:00,86.152
2026-05-07 04:45:00,2026-05-07 04:45:00,86.153
2026-05-07 05:00:00,2026-05-07 05:00:00,86.155
2026-05-07 05:15:00,2026-05-07 05:15:00,86.15
2026-05-07 05:30:00,2026-05-07 05:30:00,86.155
2026-05-07 05:45:00,2026-05-07 05:45:00,86.162
2026-05-07 06:00:00,2026-05-07 06:00:00,86.163
2026-05-07 06:15:00,2026-05-07 06:15:00,86.14
2026-05-07 06:30:00,2026-05-07 06:30:00,86.142
2026-05-07 06:45:00,2026-05-07 06:45:00,86.148
2026-05-07 07:00:00,2026-05-07 07:00:00,86.148
2026-05-07 07:15:00,2026-05-07 07:15:00,86.143
2026-05-07 07:30:00,2026-05-07 07:30:00,86.139
2026-05-07 07:45:00,2026-05-07 07:45:00,86.143
2026-05-07 08:00:00,2026-05-07 08:00:00,86.14
2026-05-07 08:15:00,2026-05-07 08:15:00,86.145
2026-05-07 08:30:00,2026-05-07 08:30:00,86.144
2026-05-07 08:45:00,2026-05-07 08:45:00,86.142
2026-05-07 09:00:00,2026-05-07 09:00:00,86.134
2026-05-07 09:15:00,2026-05-07 09:15:00,86.142
2026-05-07 09:30:00,2026-05-07 09:30:00,86.137
2026-05-07 09:45:00,2026-05-07 09:45:00,86.13
2026-05-07 10:00:00,2026-05-07 10:00:00,86.13
2026-05-07 10:15:00,2026-05-07 10:15:00,86.134
2026-05-07 10:30:00,2026-05-07 10:30:00,86.137
2026-05-07 10:45:00,2026-05-07 10:45:00,86.126
2026-05-07 11:00:00,2026-05-07 11:00:00,86.122
2026-05-07 11:15:00,2026-05-07 11:15:00,86.121
2026-05-07 11:30:00,2026-05-07 11:30:00,86.117
2026-05-07 11:45:00,2026-05-07 11:45:00,86.12
2026-05-07 12:00:00,2026-05-07 12:00:00,86.118
2026-05-07 12:15:00,2026-05-07 12:15:00,86.124
2026-05-07 12:30:00,2026-05-07 12:30:00,86.129
2026-05-07 12:45:00,2026-05-07 12:45:00,86.129
2026-05-07 13:00:00,2026-05-07 13:00:00,86.127
2026-05-07 13:15:00,2026-05-07 13:15:00,86.125
2026-05-07 13:30:00,2026-05-07 13:30:00,86.123
2026-05-07 13:45:00,2026-05-07 13:45:00,86.118
2026-05-07 14:00:00,2026-05-07 14:00:00,86.113
2026-05-07 14:15:00,2026-05-07 14:15:00,86.122
2026-05-07 14:30:00,2026-05-07 14:30:00,86.132
2026-05-07 14:45:00,2026-05-07 14:45:00,86.12
2026-05-07 15:00:00,2026-05-07 15:00:00,86.118
2026-05-07 15:15:00,2026-05-07 15:15:00,86.116
2026-05-07 15:30:00,2026-05-07 15:30:00,86.112
2026-05-07 15:45:00,2026-05-07 15:45:00,86.113
2026-05-07 16:00:00,2026-05-07 16:00:00,86.111
2026-05-07 16:15:00,2026-05-07 16:15:00,86.11
2026-05-07 16:30:00,2026-05-07 16:30:00,86.112
2026-05-07 16:45:00,2026-05-07 16:45:00,86.118
2026-05-07 17:00:00,2026-05-07 17:00:00,86.118
2026-05-07 17:15:00,2026-05-07 17:15:00,86.119
2026-05-07 17:30:00,2026-05-07 17:30:00,86.12
2026-05-07 17:45:00,2026-05-07 17:45:00,86.108
2026-05-07 18:00:00,2026-05-07 18:00:00,86.106
2026-05-07 18:15:00,2026-05-07 18:15:00,86.115
2026-05-07 18:30:00,2026-05-07 18:30:00,86.109
2026-05-07 18:45:00,2026-05-07 18:45:00,86.113
2026-05-07 19:00:00,2026-05-07 19:00:00,86.111
2026-05-07 19:15:00,2026-05-07 19:15:00,86.119
2026-05-07 19:30:00,2026-05-07 19:30:00,86.119
2026-05-07 19:45:00,2026-05-07 19:45:00,86.125
2026-05-07 20:00:00,2026-05-07 20:00:00,86.128
2026-05-07 20:15:00,2026-05-07 20:15:00,86.119
2026-05-07 20:30:00,2026-05-07 20:30:00,86.121
2026-05-07 20:45:00,2026-05-07 20:45:00,86.12
2026-05-07 21:00:00,2026-05-07 21:00:00,86.121
2026-05-07 21:15:00,2026-05-07 21:15:00,86.124
2026-05-07 21:30:00,2026-05-07 21:30:00,86.124
2026-05-07 21:45:00,2026-05-07 21:45:00,86.122
2026-05-07 22:00:00,2026-05-07 22:00:00,86.126
2026-05-07 22:15:00,2026-05-07 22:15:00,86.123
2026-05-07 22:30:00,2026-05-07 22:30:00,86.121
2026-05-07 22:45:00,2026-05-07 22:45:00,86.125
2026-05-07 23:00:00,2026-05-07 23:00:00,86.124
2026-05-07 23:15:00,2026-05-07 23:15:00,86.12
2026-05-07 23:30:00,2026-05-07 23:30:00,86.12
2026-05-07 23:45:00,2026-05-07 23:45:00,86.112
2026-05-08 00:00:00,2026-05-08 00:00:00,86.115
2026-05-08 00:15:00,2026-05-08 00:15:00,86.12
2026-05-08 00:30:00,2026-05-08 00:30:00,86.118
2026-05-08 00:45:00,2026-05-08 00:45:00,86.116
2026-05-08 01:00:00,2026-05-08 01:00:00,86.12
2026-05-08 01:15:00,2026-05-08 01:15:00,86.108
2026-05-08 01:30:00,2026-05-08 01:30:00,86.108
2026-05-08 01:45:00,2026-05-08 01:45:00,86.117
2026-05-08 02:00:00,2026-05-08 02:00:00,86.119
2026-05-08 02:15:00,2026-05-08 02:15:00,86.118
2026-05-08 02:30:00,2026-05-08 02:30:00,86.122
2026-05-08 02:45:00,2026-05-08 02:45:00,86.121
2026-05-08 03:00:00,2026-05-08 03:00:00,86.124
2026-05-08 03:15:00,2026-05-08 03:15:00,86.118
2026-05-08 03:30:00,2026-05-08 03:30:00,86.123
2026-05-08 03:45:00,2026-05-08 03:45:00,86.119
2026-05-08 04:00:00,2026-05-08 04:00:00,86.118
2026-05-08 04:15:00,2026-05-08 04:15:00,86.121
2026-05-08 04:30:00,2026-05-08 04:30:00,86.116
2026-05-08 04:45:00,2026-05-08 04:45:00,86.107
2026-05-08 05:00:00,2026-05-08 05:00:00,86.104
2026-05-08 05:15:00,2026-05-08 05:15:00,86.107
2026-05-08 05:30:00,2026-05-08 05:30:00,86.105
2026-05-08 05:45:00,2026-05-08 05:45:00,86.105
2026-05-08 06:00:00,2026-05-08 06:00:00,86.109
2026-05-08 06:15:00,2026-05-08 06:15:00,86.106
2026-05-08 06:30:00,2026-05-08 06:30:00,86.105
2026-05-08 06:45:00,2026-05-08 06:45:00,86.113
2026-05-08 07:00:00,2026-05-08 07:00:00,86.111
2026-05-08 07:15:00,2026-05-08 07:15:00,86.109
2026-05-08 07:30:00,2026-05-08 07:30:00,86.108
2026-05-08 07:45:00,2026-05-08 07:45:00,86.094
2026-05-08 08:00:00,2026-05-08 08:00:00,86.094
2026-05-08 08:15:00,2026-05-08 08:15:00,86.109
2026-05-08 08:30:00,2026-05-08 08:30:00,86.106
2026-05-08 08:45:00,2026-05-08 08:45:00,86.102
2026-05-08 09:00:00,2026-05-08 09:00:00,86.098
2026-05-08 09:15:00,2026-05-08 09:15:00,86.093
2026-05-08 09:30:00,2026-05-08 09:30:00,86.086
2026-05-08 09:45:00,2026-05-08 09:45:00,86.091
2026-05-08 10:00:00,2026-05-08 10:00:00,86.086
2026-05-08 10:15:00,2026-05-08 10:15:00,86.087
2026-05-08 10:30:00,2026-05-08 10:30:00,86.081
2026-05-08 10:45:00,2026-05-08 10:45:00,86.083
2026-05-08 11:00:00,2026-05-08 11:00:00,86.093
2026-05-08 11:15:00,2026-05-08 11:15:00,86.088
2026-05-08 11:30:00,2026-05-08 11:30:00,86.08
2026-05-08 11:45:00,2026-05-08 11:45:00,86.078
2026-05-08 12:00:00,2026-05-08 12:00:00,86.088
2026-05-08 12:15:00,2026-05-08 12:15:00,86.082
2026-05-08 12:30:00,2026-05-08 12:30:00,86.079
2026-05-08 12:45:00,2026-05-08 12:45:00,86.078
2026-05-08 13:00:00,2026-05-08 13:00:00,86.075
2026-05-08 13:15:00,2026-05-08 13:15:00,86.08
2026-05-08 13:30:00,2026-05-08 13:30:00,86.077
2026-05-08 13:45:00,2026-05-08 13:45:00,86.078
2026-05-08 14:00:00,2026-05-08 14:00:00,86.073
2026-05-08 14:15:00,2026-05-08 14:15:00,86.081
2026-05-08 14:30:00,2026-05-08 14:30:00,86.078
2026-05-08 14:45:00,2026-05-08 14:45:00,86.075
2026-05-08 15:00:00,2026-05-08 15:00:00,86.079
2026-05-08 15:15:00,2026-05-08 15:15:00,86.07
2026-05-08 15:30:00,2026-05-08 15:30:00,86.07
2026-05-08 15:45:00,2026-05-08 15:45:00,86.078
2026-05-08 16:00:00,2026-05-08 16:00:00,86.073
2026-05-08 16:15:00,2026-05-08 16:15:00,86.071
2026-05-08 16:30:00,2026-05-08 16:30:00,86.073
2026-05-08 16:45:00,2026-05-08 16:45:00,86.079
2026-05-08 17:00:00,2026-05-08 17:00:00,86.077
2026-05-08 17:15:00,2026-05-08 17:15:00,86.073
2026-05-08 17:30:00,2026-05-08 17:30:00,86.071
2026-05-08 17:45:00,2026-05-08 17:45:00,86.063
2026-05-08 18:00:00,2026-05-08 18:00:00,86.064
2026-05-08 18:15:00,2026-05-08 18:15:00,86.067
2026-05-08 18:30:00,2026-05-08 18:30:00,86.061
2026-05-08 18:45:00,2026-05-08 18:45:00,86.064
2026-05-08 19:00:00,2026-05-08 19:00:00,86.067
2026-05-08 19:15:00,2026-05-08 19:15:00,86.073
2026-05-08 19:30:00,2026-05-08 19:30:00,86.072
2026-05-08 19:45:00,2026-05-08 19:45:00,86.069
2026-05-08 20:00:00,2026-05-08 20:00:00,86.069
2026-05-08 20:15:00,2026-05-08 20:15:00,86.062
2026-05-08 20:30:00,2026-05-08 20:30:00,86.068
2026-05-08 20:45:00,2026-05-08 20:45:00,86.076
2026-05-08 21:00:00,2026-05-08 21:00:00,86.073
2026-05-08 21:15:00,2026-05-08 21:15:00,86.076
2026-05-08 21:30:00,2026-05-08 21:30:00,86.078
2026-05-08 21:45:00,2026-05-08 21:45:00,86.074
2026-05-08 22:00:00,2026-05-08 22:00:00,86.072
2026-05-08 22:15:00,2026-05-08 22:15:00,86.065
2026-05-08 22:30:00,2026-05-08 22:30:00,86.063
2026-05-08 22:45:00,2026-05-08 22:45:00,86.068
2026-05-08 23:00:00,2026-05-08 23:00:00,86.072
2026-05-08 23:15:00,2026-05-08 23:15:00,86.073
2026-05-08 23:30:00,2026-05-08 23:30:00,86.069
2026-05-08 23:45:00,2026-05-08 23:45:00,86.071
2026-05-09 00:00:00,2026-05-09 00:00:00,86.065
2026-05-09 00:15:00,2026-05-09 00:15:00,86.07
2026-05-09 00:30:00,2026-05-09 00:30:00,86.071
2026-05-09 00:45:00,2026-05-09 00:45:00,86.064
2026-05-09 01:00:00,2026-05-09 01:00:00,86.06
2026-05-09 01:15:00,2026-05-09 01:15:00,86.069
2026-05-09 01:30:00,2026-05-09 01:30:00,86.07
2026-05-09 01:45:00,2026-05-09 01:45:00,86.071
2026-05-09 02:00:00,2026-05-09 02:00:00,86.069
2026-05-09 02:15:00,2026-05-09 02:15:00,86.069
2026-05-09 02:30:00,2026-05-09 02:30:00,86.067
2026-05-09 02:45:00,2026-05-09 02:45:00,86.068
2026-05-09 03:00:00,2026-05-09 03:00:00,86.067
2026-05-09 03:15:00,2026-05-09 03:15:00,86.066
2026-05-09 03:30:00,2026-05-09 03:30:00,86.073
2026-05-09 03:45:00,2026-05-09 03:45:00,86.063
2026-05-09 04:00:00,2026-05-09 04:00:00,86.061
2026-05-09 04:15:00,2026-05-09 04:15:00,86.066
2026-05-09 04:30:00,2026-05-09 04:30:00,86.065
2026-05-09 04:45:00,2026-05-09 04:45:00,86.063
2026-05-09 05:00:00,2026-05-09 05:00:00,86.07
2026-05-09 05:15:00,2026-05-09 05:15:00,86.066
2026-05-09 05:30:00,2026-05-09 05:30:00,86.058
2026-05-09 05:45:00,2026-05-09 05:45:00,86.07
2026-05-09 06:00:00,2026-05-09 06:00:00,86.067
2026-05-09 06:15:00,2026-05-09 06:15:00,86.054
2026-05-09 06:30:00,2026-05-09 06:30:00,86.055
2026-05-09 06:45:00,2026-05-09 06:45:00,86.055
2026-05-09 07:00:00,2026-05-09 07:00:00,86.054
2026-05-09 07:15:00,2026-05-09 07:15:00,86.066
2026-05-09 07:30:00,2026-05-09 07:30:00,86.071
2026-05-09 07:45:00,2026-05-09 07:45:00,86.052
2026-05-09 08:00:00,2026-05-09 08:00:00,86.053
2026-05-09 08:15:00,2026-05-09 08:15:00,86.06
2026-05-09 08:30:00,2026-05-09 08:30:00,86.057
2026-05-09 08:45:00,2026-05-09 08:45:00,86.046
2026-05-09 09:00:00,2026-05-09 09:00:00,86.06
2026-05-09 09:15:00,2026-05-09 09:15:00,86.043
2026-05-09 09:30:00,2026-05-09 09:30:00,86.05
2026-05-09 09:45:00,2026-05-09 09:45:00,86.055
2026-05-09 10:00:00,2026-05-09 10:00:00,86.053
2026-05-09 10:15:00,2026-05-09 10:15:00,86.044
2026-05-09 10:30:00,2026-05-09 10:30:00,86.045
2026-05-09 10:45:00,2026-05-09 10:45:00,86.036
2026-05-09 11:00:00,2026-05-09 11:00:00,86.032
2026-05-09 11:15:00,2026-05-09 11:15:00,86.052
2026-05-09 11:30:00,2026-05-09 11:30:00,86.045
2026-05-09 11:45:00,2026-05-09 11:45:00,86.041
2026-05-09 12:00:00,2026-05-09 12:00:00,86.042
2026-05-09 12:15:00,2026-05-09 12:15:00,86.036
2026-05-09 12:30:00,2026-05-09 12:30:00,86.03
2026-05-09 12:45:00,2026-05-09 12:45:00,86.031
2026-05-09 13:00:00,2026-05-09 13:00:00,86.037
2026-05-09 13:15:00,2026-05-09 13:15:00,86.027
2026-05-09 13:30:00,2026-05-09 13:30:00,86.029
2026-05-09 13:45:00,2026-05-09 13:45:00,86.033
2026-05-09 14:00:00,2026-05-09 14:00:00,86.036
2026-05-09 14:15:00,2026-05-09 14:15:00,86.022
2026-05-09 14:30:00,2026-05-09 14:30:00,86.03
2026-05-09 14:45:00,2026-05-09 14:45:00,86.029
2026-05-09 15:00:00,2026-05-09 15:00:00,86.03
2026-05-09 15:15:00,2026-05-09 15:15:00,86.027
2026-05-09 15:30:00,2026-05-09 15:30:00,86.019
2026-05-09 15:45:00,2026-05-09 15:45:00,86.022
2026-05-09 16:00:00,2026-05-09 16:00:00,86.022
2026-05-09 16:15:00,2026-05-09 16:15:00,86.021
2026-05-09 16:30:00,2026-05-09 16:30:00,86.017
2026-05-09 16:45:00,2026-05-09 16:45:00,86.024
2026-05-09 17:00:00,2026-05-09 17:00:00,86.023
2026-05-09 17:15:00,2026-05-09 17:15:00,86.019
2026-05-09 17:30:00,2026-05-09 17:30:00,86.025
2026-05-09 17:45:00,2026-05-09 17:45:00,86.017
2026-05-09 18:00:00,2026-05-09 18:00:00,86.021
2026-05-09 18:15:00,2026-05-09 18:15:00,86.015
2026-05-09 18:30:00,2026-05-09 18:30:00,86.022
2026-05-09 18:45:00,2026-05-09 18:45:00,86.013
2026-05-09 19:00:00,2026-05-09 19:00:00,86.003
2026-05-09 19:15:00,2026-05-09 19:15:00,86.02
2026-05-09 19:30:00,2026-05-09 19:30:00,86.02
2026-05-09 19:45:00,2026-05-09 19:45:00,86.015
2026-05-09 20:00:00,2026-05-09 20:00:00,86.017
2026-05-09 20:15:00,2026-05-09 20:15:00,86.018
2026-05-09 20:30:00,2026-05-09 20:30:00,86.019
2026-05-09 20:45:00,2026-05-09 20:45:00,86.017
2026-05-09 21:00:00,2026-05-09 21:00:00,86.053
2026-05-09 21:15:00,2026-05-09 21:15:00,86.021
2026-05-09 21:30:00,2026-05-09 21:30:00,86.016
2026-05-09 21:45:00,2026-05-09 21:45:00,86.018
2026-05-09 22:00:00,2026-05-09 22:00:00,86.015
2026-05-09 22:15:00,2026-05-09 22:15:00,86.012
2026-05-09 22:30:00,2026-05-09 22:30:00,86.014
2026-05-09 22:45:00,2026-05-09 22:45:00,86.018
2026-05-09 23:00:00,2026-05-09 23:00:00,86.016
2026-05-09 23:15:00,2026-05-09 23:15:00,86.013
2026-05-09 23:30:00,2026-05-09 23:30:00,86.015
2026-05-09 23:45:00,2026-05-09 23:45:00,86.009
2026-05-10 00:00:00,2026-05-10 00:00:00,86.009
2026-05-10 00:15:00,2026-05-10 00:15:00,86.012
2026-05-10 00:30:00,2026-05-10 00:30:00,86.01
2026-05-10 00:45:00,2026-05-10 00:45:00,86.012
2026-05-10 01:00:00,2026-05-10 01:00:00,86.016
2026-05-10 01:15:00,2026-05-10 01:15:00,86.019
2026-05-10 01:30:00,2026-05-10 01:30:00,86.018
2026-05-10 01:45:00,2026-05-10 01:45:00,86.016
2026-05-10 02:00:00,2026-05-10 02:00:00,86.019
2026-05-10 02:15:00,2026-05-10 02:15:00,86.015
2026-05-10 02:30:00,2026-05-10 02:30:00,86.016
2026-05-10 02:45:00,2026-05-10 02:45:00,86.015
2026-05-10 03:00:00,2026-05-10 03:00:00,86.02
2026-05-10 03:15:00,2026-05-10 03:15:00,86.015
2026-05-10 03:30:00,2026-05-10 03:30:00,86.008
2026-05-10 03:45:00,2026-05-10 03:45:00,86.01
2026-05-10 04:00:00,2026-05-10 04:00:00,86.009
2026-05-10 04:15:00,2026-05-10 04:15:00,86.016
2026-05-10 04:30:00,2026-05-10 04:30:00,86.015
2026-05-10 04:45:00,2026-05-10 04:45:00,86.014
2026-05-10 05:00:00,2026-05-10 05:00:00,86.012
2026-05-10 05:15:00,2026-05-10 05:15:00,86.003
2026-05-10 05:30:00,2026-05-10 05:30:00,85.996
2026-05-10 05:45:00,2026-05-10 05:45:00,85.991
2026-05-10 06:00:00,2026-05-10 06:00:00,85.995
2026-05-10 06:15:00,2026-05-10 06:15:00,86.003
2026-05-10 06:30:00,2026-05-10 06:30:00,86.01
2026-05-10 06:45:00,2026-05-10 06:45:00,86.004
2026-05-10 07:00:00,2026-05-10 07:00:00,86.004
2026-05-10 07:15:00,2026-05-10 07:15:00,85.999
2026-05-10 07:30:00,2026-05-10 07:30:00,85.996
2026-05-10 07:45:00,2026-05-10 07:45:00,86.0
2026-05-10 08:00:00,2026-05-10 08:00:00,86.0
2026-05-10 08:15:00,2026-05-10 08:15:00,85.996
2026-05-10 08:30:00,2026-05-10 08:30:00,85.996
2026-05-10 08:45:00,2026-05-10 08:45:00,86.008
2026-05-10 09:00:00,2026-05-10 09:00:00,86.007
2026-05-10 09:15:00,2026-05-10 09:15:00,85.987
2026-05-10 09:30:00,2026-05-10 09:30:00,85.98
2026-05-10 09:45:00,2026-05-10 09:45:00,85.983
2026-05-10 10:00:00,2026-05-10 10:00:00,85.988
2026-05-10 10:15:00,2026-05-10 10:15:00,85.982
2026-05-10 10:30:00,2026-05-10 10:30:00,85.99
2026-05-10 10:45:00,2026-05-10 10:45:00,85.982
2026-05-10 11:00:00,2026-05-10 11:00:00,85.979
2026-05-10 11:15:00,2026-05-10 11:15:00,85.985
2026-05-10 11:30:00,2026-05-10 11:30:00,85.984
2026-05-10 11:45:00,2026-05-10 11:45:00,85.98
2026-05-10 12:00:00,2026-05-10 12:00:00,85.976
2026-05-10 12:15:00,2026-05-10 12:15:00,85.97
2026-05-10 12:30:00,2026-05-10 12:30:00,85.967
2026-05-10 12:45:00,2026-05-10 12:45:00,85.977
2026-05-10 13:00:00,2026-05-10 13:00:00,85.97
2026-05-10 13:15:00,2026-05-10 13:15:00,85.966
2026-05-10 13:30:00,2026-05-10 13:30:00,85.971
2026-05-10 13:45:00,2026-05-10 13:45:00,85.972
2026-05-10 14:00:00,2026-05-10 14:00:00,85.974
2026-05-10 14:15:00,2026-05-10 14:15:00,85.976
2026-05-10 14:30:00,2026-05-10 14:30:00,85.974
2026-05-10 14:45:00,2026-05-10 14:45:00,85.97
2026-05-10 15:00:00,2026-05-10 15:00:00,85.961
2026-05-10 15:15:00,2026-05-10 15:15:00,85.964
2026-05-10 15:30:00,2026-05-10 15:30:00,85.958
2026-05-10 15:45:00,2026-05-10 15:45:00,85.971
2026-05-10 16:00:00,2026-05-10 16:00:00,85.968
2026-05-10 16:15:00,2026-05-10 16:15:00,85.965
2026-05-10 16:30:00,2026-05-10 16:30:00,85.965
2026-05-10 16:45:00,2026-05-10 16:45:00,85.98
2026-05-10 17:00:00,2026-05-10 17:00:00,85.974
2026-05-10 17:15:00,2026-05-10 17:15:00,85.957
2026-05-10 17:30:00,2026-05-10 17:30:00,85.956
2026-05-10 17:45:00,2026-05-10 17:45:00,85.96
2026-05-10 18:00:00,2026-05-10 18:00:00,85.952
2026-05-10 18:15:00,2026-05-10 18:15:00,85.957
2026-05-10 18:30:00,2026-05-10 18:30:00,85.96
2026-05-10 18:45:00,2026-05-10 18:45:00,85.954
2026-05-10 19:00:00,2026-05-10 19:00:00,85.95
2026-05-10 19:15:00,2026-05-10 19:15:00,85.958
2026-05-10 19:30:00,2026-05-10 19:30:00,85.958
2026-05-10 19:45:00,2026-05-10 19:45:00,85.962
2026-05-10 20:00:00,2026-05-10 20:00:00,85.967
2026-05-10 20:15:00,2026-05-10 20:15:00,85.959
2026-05-10 20:30:00,2026-05-10 20:30:00,85.961
2026-05-10 20:45:00,2026-05-10 20:45:00,85.964
2026-05-10 21:00:00,2026-05-10 21:00:00,85.966
2026-05-10 21:15:00,2026-05-10 21:15:00,85.967
2026-05-10 21:30:00,2026-05-10 21:30:00,85.966
2026-05-10 21:45:00,2026-05-10 21:45:00,85.963
2026-05-10 22:00:00,2026-05-10 22:00:00,85.961
2026-05-10 22:15:00,2026-05-10 22:15:00,85.958
2026-05-10 22:30:00,2026-05-10 22:30:00,85.957
2026-05-10 22:45:00,2026-05-10 22:45:00,85.957
2026-05-10 23:00:00,2026-05-10 23:00:00,85.958
2026-05-10 23:15:00,2026-05-10 23:15:00,85.953
2026-05-10 23:30:00,2026-05-10 23:30:00,85.953
2026-05-10 23:45:00,2026-05-10 23:45:00,85.957
2026-05-11 00:00:00,2026-05-11 00:00:00,85.958
2026-05-11 00:15:00,2026-05-11 00:15:00,85.957
2026-05-11 00:30:00,2026-05-11 00:30:00,85.959
2026-05-11 00:45:00,2026-05-11 00:45:00,85.957
2026-05-11 01:00:00,2026-05-11 01:00:00,85.956
2026-05-11 01:15:00,2026-05-11 01:15:00,85.965
2026-05-11 01:30:00,2026-05-11 01:30:00,85.961
2026-05-11 01:45:00,2026-05-11 01:45:00,85.96
2026-05-11 02:00:00,2026-05-11 02:00:00,85.964
2026-05-11 02:15:00,2026-05-11 02:15:00,85.963
2026-05-11 02:30:00,2026-05-11 02:30:00,85.962
2026-05-11 02:45:00,2026-05-11 02:45:00,85.959
2026-05-11 03:00:00,2026-05-11 03:00:00,85.962
2026-05-11 03:15:00,2026-05-11 03:15:00,85.966
2026-05-11 03:30:00,2026-05-11 03:30:00,85.956
2026-05-11 03:45:00,2026-05-11 03:45:00,85.953
2026-05-11 04:00:00,2026-05-11 04:00:00,85.957
2026-05-11 04:15:00,2026-05-11 04:15:00,85.955
2026-05-11 04:30:00,2026-05-11 04:30:00,85.956
2026-05-11 04:45:00,2026-05-11 04:45:00,85.959
2026-05-11 05:00:00,2026-05-11 05:00:00,85.96
2026-05-11 05:15:00,2026-05-11 05:15:00,85.952
2026-05-11 05:30:00,2026-05-11 05:30:00,85.953
2026-05-11 05:45:00,2026-05-11 05:45:00,85.955
2026-05-11 06:00:00,2026-05-11 06:00:00,85.958
2026-05-11 06:15:00,2026-05-11 06:15:00,85.952
2026-05-11 06:30:00,2026-05-11 06:30:00,85.952
2026-05-11 06:45:00,2026-05-11 06:45:00,85.958
2026-05-11 07:00:00,2026-05-11 07:00:00,85.96
2026-05-11 07:15:00,2026-05-11 07:15:00,85.943
2026-05-11 07:30:00,2026-05-11 07:30:00,85.946
2026-05-11 07:45:00,2026-05-11 07:45:00,85.953
2026-05-11 08:00:00,2026-05-11 08:00:00,85.946
2026-05-11 08:15:00,2026-05-11 08:15:00,85.952
2026-05-11 08:30:00,2026-05-11 08:30:00,85.948
2026-05-11 08:45:00,2026-05-11 08:45:00,85.944
2026-05-11 09:00:00,2026-05-11 09:00:00,85.941
2026-05-11 09:15:00,2026-05-11 09:15:00,85.932
2026-05-11 09:30:00,2026-05-11 09:30:00,85.931
2026-05-11 09:45:00,2026-05-11 09:45:00,85.952
2026-05-11 10:00:00,2026-05-11 10:00:00,85.942
2026-05-11 10:15:00,2026-05-11 10:15:00,85.933
2026-05-11 10:30:00,2026-05-11 10:30:00,85.93
2026-05-11 10:45:00,2026-05-11 10:45:00,85.923
2026-05-11 11:00:00,2026-05-11 11:00:00,85.913
2026-05-11 11:15:00,2026-05-11 11:15:00,85.936
2026-05-11 11:30:00,2026-05-11 11:30:00,85.936
2026-05-11 11:45:00,2026-05-11 11:45:00,85.936
2026-05-11 12:00:00,2026-05-11 12:00:00,85.934
2026-05-11 12:15:00,2026-05-11 12:15:00,85.932
2026-05-11 12:30:00,2026-05-11 12:30:00,85.921
2026-05-11 12:45:00,2026-05-11 12:45:00,85.926
2026-05-11 13:00:00,2026-05-11 13:00:00,85.931
2026-05-11 13:15:00,2026-05-11 13:15:00,85.905
2026-05-11 13:30:00,2026-05-11 13:30:00,85.913
2026-05-11 13:45:00,2026-05-11 13:45:00,85.927
2026-05-11 14:00:00,2026-05-11 14:00:00,85.928
2026-05-11 14:15:00,2026-05-11 14:15:00,85.933
2026-05-11 14:30:00,2026-05-11 14:30:00,85.934
2026-05-11 14:45:00,2026-05-11 14:45:00,85.92
2026-05-11 15:00:00,2026-05-11 15:00:00,85.915
2026-05-11 15:15:00,2026-05-11 15:15:00,85.925
2026-05-11 15:30:00,2026-05-11 15:30:00,85.926
2026-05-11 15:45:00,2026-05-11 15:45:00,85.92
2026-05-11 16:00:00,2026-05-11 16:00:00,85.927
2026-05-11 16:15:00,2026-05-11 16:15:00,85.931
2026-05-11 16:30:00,2026-05-11 16:30:00,85.925
2026-05-11 16:45:00,2026-05-11 16:45:00,85.914
2026-05-11 17:00:00,2026-05-11 17:00:00,85.914
2026-05-11 17:15:00,2026-05-11 17:15:00,85.924
2026-05-11 17:30:00,2026-05-11 17:30:00,85.927
2026-05-11 17:45:00,2026-05-11 17:45:00,85.913
2026-05-11 18:00:00,2026-05-11 18:00:00,85.912
2026-05-11 18:15:00,2026-05-11 18:15:00,85.921
2026-05-11 18:30:00,2026-05-11 18:30:00,85.916
2026-05-11 18:45:00,2026-05-11 18:45:00,85.909
2026-05-11 19:00:00,2026-05-11 19:00:00,85.905
2026-05-11 19:15:00,2026-05-11 19:15:00,85.908
2026-05-11 19:30:00,2026-05-11 19:30:00,85.908
2026-05-11 19:45:00,2026-05-11 19:45:00,85.914
2026-05-11 20:00:00,2026-05-11 20:00:00,85.911
2026-05-11 20:15:00,2026-05-11 20:15:00,85.917
2026-05-11 20:30:00,2026-05-11 20:30:00,85.909
2026-05-11 20:45:00,2026-05-11 20:45:00,85.911
2026-05-11 21:00:00,2026-05-11 21:00:00,85.911
2026-05-11 21:15:00,2026-05-11 21:15:00,85.913
2026-05-11 21:30:00,2026-05-11 21:30:00,85.916
2026-05-11 21:45:00,2026-05-11 21:45:00,85.92
2026-05-11 22:00:00,2026-05-11 22:00:00,85.923
2026-05-11 22:15:00,2026-05-11 22:15:00,85.92
2026-05-11 22:30:00,2026-05-11 22:30:00,85.919
2026-05-11 22:45:00,2026-05-11 22:45:00,85.918
2026-05-11 23:00:00,2026-05-11 23:00:00,85.918
2026-05-11 23:15:00,2026-05-11 23:15:00,85.92
2026-05-11 23:30:00,2026-05-11 23:30:00,85.919
2026-05-11 23:45:00,2026-05-11 23:45:00,85.922
2026-05-12 00:00:00,2026-05-12 00:00:00,85.925
2026-05-12 00:15:00,2026-05-12 00:15:00,85.915
2026-05-12 00:30:00,2026-05-12 00:30:00,85.918
2026-05-12 00:45:00,2026-05-12 00:45:00,85.915
2026-05-12 01:00:00,2026-05-12 01:00:00,85.908
2026-05-12 01:15:00,2026-05-12 01:15:00,85.916
2026-05-12 01:30:00,2026-05-12 01:30:00,85.916
2026-05-12 01:45:00,2026-05-12 01:45:00,85.919
2026-05-12 02:00:00,2026-05-12 02:00:00,85.916
2026-05-12 02:15:00,2026-05-12 02:15:00,85.918
2026-05-12 02:30:00,2026-05-12 02:30:00,85.918
2026-05-12 02:45:00,2026-05-12 02:45:00,85.915
2026-05-12 03:00:00,2026-05-12 03:00:00,85.917
2026-05-12 03:15:00,2026-05-12 03:15:00,85.921
2026-05-12 03:30:00,2026-05-12 03:30:00,85.919
2026-05-12 03:45:00,2026-05-12 03:45:00,85.926
2026-05-12 04:00:00,2026-05-12 04:00:00,85.928
2026-05-12 04:15:00,2026-05-12 04:15:00,85.922
2026-05-12 04:30:00,2026-05-12 04:30:00,85.917
2026-05-12 04:45:00,2026-05-12 04:45:00,85.921
2026-05-12 05:00:00,2026-05-12 05:00:00,85.915
2026-05-12 05:15:00,2026-05-12 05:15:00,85.908
2026-05-12 05:30:00,2026-05-12 05:30:00,85.907
2026-05-12 05:45:00,2026-05-12 05:45:00,85.908
2026-05-12 06:00:00,2026-05-12 06:00:00,85.906
2026-05-12 06:15:00,2026-05-12 06:15:00,85.918
2026-05-12 06:30:00,2026-05-12 06:30:00,85.926
2026-05-12 06:45:00,2026-05-12 06:45:00,85.915
2026-05-12 07:00:00,2026-05-12 07:00:00,85.919
2026-05-12 07:15:00,2026-05-12 07:15:00,85.907
2026-05-12 07:30:00,2026-05-12 07:30:00,85.908
2026-05-12 07:45:00,2026-05-12 07:45:00,85.907
2026-05-12 08:00:00,2026-05-12 08:00:00,85.911
2026-05-12 08:15:00,2026-05-12 08:15:00,85.909
2026-05-12 08:30:00,2026-05-12 08:30:00,85.91
2026-05-12 08:45:00,2026-05-12 08:45:00,85.893
2026-05-12 09:00:00,2026-05-12 09:00:00,85.882
2026-05-12 09:15:00,2026-05-12 09:15:00,85.904
2026-05-12 09:30:00,2026-05-12 09:30:00,85.909
2026-05-12 09:45:00,2026-05-12 09:45:00,85.904
2026-05-12 10:00:00,2026-05-12 10:00:00,85.891
2026-05-12 10:15:00,2026-05-12 10:15:00,85.895
2026-05-12 10:30:00,2026-05-12 10:30:00,85.89
2026-05-12 10:45:00,2026-05-12 10:45:00,85.879
2026-05-12 11:00:00,2026-05-12 11:00:00,85.883
2026-05-12 11:15:00,2026-05-12 11:15:00,85.902
2026-05-12 11:30:00,2026-05-12 11:30:00,85.898
2026-05-12 11:45:00,2026-05-12 11:45:00,85.893
2026-05-12 12:00:00,2026-05-12 12:00:00,85.91
2026-05-12 12:15:00,2026-05-12 12:15:00,85.899
2026-05-12 12:30:00,2026-05-12 12:30:00,85.905
2026-05-12 12:45:00,2026-05-12 12:45:00,85.89
2026-05-12 13:00:00,2026-05-12 13:00:00,85.895
2026-05-12 13:15:00,2026-05-12 13:15:00,85.889
2026-05-12 13:30:00,2026-05-12 13:30:00,85.876
2026-05-12 13:45:00,2026-05-12 13:45:00,85.88
2026-05-12 14:00:00,2026-05-12 14:00:00,85.878
2026-05-12 14:15:00,2026-05-12 14:15:00,85.884
2026-05-12 14:30:00,2026-05-12 14:30:00,85.886
2026-05-12 14:45:00,2026-05-12 14:45:00,85.902
2026-05-12 15:00:00,2026-05-12 15:00:00,85.892
2026-05-12 15:15:00,2026-05-12 15:15:00,85.895
2026-05-12 15:30:00,2026-05-12 15:30:00,85.897
2026-05-12 15:45:00,2026-05-12 15:45:00,85.892
2026-05-12 16:00:00,2026-05-12 16:00:00,85.891
2026-05-12 16:15:00,2026-05-12 16:15:00,85.907
2026-05-12 16:30:00,2026-05-12 16:30:00,85.909
2026-05-12 16:45:00,2026-05-12 16:45:00,85.9
2026-05-12 17:00:00,2026-05-12 17:00:00,85.898
2026-05-12 17:15:00,2026-05-12 17:15:00,85.891
2026-05-12 17:30:00,2026-05-12 17:30:00,85.887
2026-05-12 17:45:00,2026-05-12 17:45:00,85.899
2026-05-12 18:00:00,2026-05-12 18:00:00,85.899
2026-05-12 18:15:00,2026-05-12 18:15:00,85.891
2026-05-12 18:30:00,2026-05-12 18:30:00,85.892
2026-05-12 18:45:00,2026-05-12 18:45:00,85.899
2026-05-12 19:00:00,2026-05-12 19:00:00,85.898
2026-05-12 19:15:00,2026-05-12 19:15:00,85.893
2026-05-12 19:30:00,2026-05-12 19:30:00,85.894
2026-05-12 19:45:00,2026-05-12 19:45:00,85.896
2026-05-12 20:00:00,2026-05-12 20:00:00,85.891
2026-05-12 20:15:00,2026-05-12 20:15:00,85.897
2026-05-12 20:30:00,2026-05-12 20:30:00,85.899
2026-05-12 20:45:00,2026-05-12 20:45:00,85.909
2026-05-12 21:00:00,2026-05-12 21:00:00,85.91
2026-05-12 21:15:00,2026-05-12 21:15:00,85.911
2026-05-12 21:30:00,2026-05-12 21:30:00,85.911
2026-05-12 21:45:00,2026-05-12 21:45:00,85.918
2026-05-12 22:00:00,2026-05-12 22:00:00,85.917
2026-05-12 22:15:00,2026-05-12 22:15:00,85.914
2026-05-12 22:30:00,2026-05-12 22:30:00,85.914
2026-05-12 22:45:00,2026-05-12 22:45:00,85.921
2026-05-12 23:00:00,2026-05-12 23:00:00,85.919
2026-05-12 23:15:00,2026-05-12 23:15:00,85.917
2026-05-12 23:30:00,2026-05-12 23:30:00,85.919
2026-05-12 23:45:00,2026-05-12 23:45:00,85.912
2026-05-13 00:00:00,2026-05-13 00:00:00,85.909
2026-05-13 00:15:00,2026-05-13 00:15:00,85.915
2026-05-13 00:30:00,2026-05-13 00:30:00,85.914
2026-05-13 00:45:00,2026-05-13 00:45:00,85.916
2026-05-13 01:00:00,2026-05-13 01:00:00,85.917
2026-05-13 01:15:00,2026-05-13 01:15:00,85.91
2026-05-13 01:30:00,2026-05-13 01:30:00,85.91
2026-05-13 01:45:00,2026-05-13 01:45:00,85.911
2026-05-13 02:00:00,2026-05-13 02:00:00,85.91
2026-05-13 02:15:00,2026-05-13 02:15:00,85.915
2026-05-13 02:30:00,2026-05-13 02:30:00,85.916
2026-05-13 02:45:00,2026-05-13 02:45:00,85.918
2026-05-13 03:00:00,2026-05-13 03:00:00,85.919
2026-05-13 03:15:00,2026-05-13 03:15:00,85.918
2026-05-13 03:30:00,2026-05-13 03:30:00,85.915
2026-05-13 03:45:00,2026-05-13 03:45:00,85.917
2026-05-13 04:00:00,2026-05-13 04:00:00,85.905
2026-05-13 04:15:00,2026-05-13 04:15:00,85.914
2026-05-13 04:30:00,2026-05-13 04:30:00,85.91
2026-05-13 04:45:00,2026-05-13 04:45:00,85.903
2026-05-13 05:00:00,2026-05-13 05:00:00,85.9
2026-05-13 05:15:00,2026-05-13 05:15:00,85.912
2026-05-13 05:30:00,2026-05-13 05:30:00,85.908
2026-05-13 05:45:00,2026-05-13 05:45:00,85.903
2026-05-13 06:00:00,2026-05-13 06:00:00,85.912
2026-05-13 06:15:00,2026-05-13 06:15:00,85.898
2026-05-13 06:30:00,2026-05-13 06:30:00,85.898
2026-05-13 06:45:00,2026-05-13 06:45:00,85.905
2026-05-13 07:00:00,2026-05-13 07:00:00,85.912
2026-05-13 07:15:00,2026-05-13 07:15:00,85.908
2026-05-13 07:30:00,2026-05-13 07:30:00,85.908
2026-05-13 07:45:00,2026-05-13 07:45:00,85.9
2026-05-13 08:00:00,2026-05-13 08:00:00,85.897
2026-05-13 08:15:00,2026-05-13 08:15:00,85.899
2026-05-13 08:30:00,2026-05-13 08:30:00,85.9
2026-05-13 08:45:00,2026-05-13 08:45:00,85.898
2026-05-13 09:00:00,2026-05-13 09:00:00,85.894
2026-05-13 09:15:00,2026-05-13 09:15:00,85.895
2026-05-13 09:30:00,2026-05-13 09:30:00,85.894
2026-05-13 09:45:00,2026-05-13 09:45:00,85.896
2026-05-13 10:00:00,2026-05-13 10:00:00,85.89
2026-05-13 10:15:00,2026-05-13 10:15:00,85.889
2026-05-13 10:30:00,2026-05-13 10:30:00,85.883
2026-05-13 10:45:00,2026-05-13 10:45:00,85.885
2026-05-13 11:00:00,2026-05-13 11:00:00,85.889
2026-05-13 11:15:00,2026-05-13 11:15:00,85.901
2026-05-13 11:30:00,2026-05-13 11:30:00,85.898
2026-05-13 11:45:00,2026-05-13 11:45:00,85.872
2026-05-13 12:00:00,2026-05-13 12:00:00,85.877
2026-05-13 12:15:00,2026-05-13 12:15:00,85.878
2026-05-13 12:30:00,2026-05-13 12:30:00,85.88
2026-05-13 12:45:00,2026-05-13 12:45:00,85.895
2026-05-13 13:00:00,2026-05-13 13:00:00,85.902
2026-05-13 13:15:00,2026-05-13 13:15:00,85.895
2026-05-13 13:30:00,2026-05-13 13:30:00,85.896
2026-05-13 13:45:00,2026-05-13 13:45:00,85.884
2026-05-13 14:00:00,2026-05-13 14:00:00,85.879
2026-05-13 14:15:00,2026-05-13 14:15:00,85.891
2026-05-13 14:30:00,2026-05-13 14:30:00,85.894
2026-05-13 14:45:00,2026-05-13 14:45:00,85.891
2026-05-13 15:00:00,2026-05-13 15:00:00,85.882
2026-05-13 15:15:00,2026-05-13 15:15:00,85.886
2026-05-13 15:30:00,2026-05-13 15:30:00,85.883
2026-05-13 15:45:00,2026-05-13 15:45:00,85.884
2026-05-13 16:00:00,2026-05-13 16:00:00,85.879
2026-05-13 16:15:00,2026-05-13 16:15:00,85.864
2026-05-13 16:30:00,2026-05-13 16:30:00,85.855
2026-05-13 16:45:00,2026-05-13 16:45:00,85.869
2026-05-13 17:00:00,2026-05-13 17:00:00,85.871
2026-05-13 17:15:00,2026-05-13 17:15:00,85.877
2026-05-13 17:30:00,2026-05-13 17:30:00,85.878
2026-05-13 17:45:00,2026-05-13 17:45:00,85.865
2026-05-13 18:00:00,2026-05-13 18:00:00,85.863
2026-05-13 18:15:00,2026-05-13 18:15:00,85.878
2026-05-13 18:30:00,2026-05-13 18:30:00,85.879
2026-05-13 18:45:00,2026-05-13 18:45:00,85.874
2026-05-13 19:00:00,2026-05-13 19:00:00,85.877
2026-05-13 19:15:00,2026-05-13 19:15:00,85.876
2026-05-13 19:30:00,2026-05-13 19:30:00,85.873
2026-05-13 19:45:00,2026-05-13 19:45:00,85.873
2026-05-13 20:00:00,2026-05-13 20:00:00,85.876
2026-05-13 20:15:00,2026-05-13 20:15:00,85.881
2026-05-13 20:30:00,2026-05-13 20:30:00,85.882
2026-05-13 20:45:00,2026-05-13 20:45:00,85.877
2026-05-13 21:00:00,2026-05-13 21:00:00,85.875
2026-05-13 21:15:00,2026-05-13 21:15:00,85.872
2026-05-13 21:30:00,2026-05-13 21:30:00,85.871
2026-05-13 21:45:00,2026-05-13 21:45:00,85.87
2026-05-13 22:00:00,2026-05-13 22:00:00,85.869
2026-05-13 22:15:00,2026-05-13 22:15:00,85.872
2026-05-13 22:30:00,2026-05-13 22:30:00,85.874
2026-05-13 22:45:00,2026-05-13 22:45:00,85.873
2026-05-13 23:00:00,2026-05-13 23:00:00,85.875
2026-05-13 23:15:00,2026-05-13 23:15:00,85.869
2026-05-13 23:30:00,2026-05-13 23:30:00,85.868
2026-05-13 23:45:00,2026-05-13 23:45:00,85.87
2026-05-14 00:00:00,2026-05-14 00:00:00,85.868
2026-05-14 00:15:00,2026-05-14 00:15:00,85.866
2026-05-14 00:30:00,2026-05-14 00:30:00,85.87
2026-05-14 00:45:00,2026-05-14 00:45:00,85.868
2026-05-14 01:00:00,2026-05-14 01:00:00,85.869
2026-05-14 01:15:00,2026-05-14 01:15:00,85.869
2026-05-14 01:30:00,2026-05-14 01:30:00,85.866
2026-05-14 01:45:00,2026-05-14 01:45:00,85.86
2026-05-14 02:00:00,2026-05-14 02:00:00,85.862
2026-05-14 02:15:00,2026-05-14 02:15:00,85.874
2026-05-14 02:30:00,2026-05-14 02:30:00,85.869
2026-05-14 02:45:00,2026-05-14 02:45:00,85.877
2026-05-14 03:00:00,2026-05-14 03:00:00,85.868
2026-05-14 03:15:00,2026-05-14 03:15:00,85.865
2026-05-14 03:30:00,2026-05-14 03:30:00,85.869
2026-05-14 03:45:00,2026-05-14 03:45:00,85.873
2026-05-14 04:00:00,2026-05-14 04:00:00,85.868
2026-05-14 04:15:00,2026-05-14 04:15:00,85.871
2026-05-14 04:30:00,2026-05-14 04:30:00,85.866
2026-05-14 04:45:00,2026-05-14 04:45:00,85.864
2026-05-14 05:00:00,2026-05-14 05:00:00,85.867
2026-05-14 05:15:00,2026-05-14 05:15:00,85.869
2026-05-14 05:30:00,2026-05-14 05:30:00,85.871
2026-05-14 05:45:00,2026-05-14 05:45:00,85.86
2026-05-14 06:00:00,2026-05-14 06:00:00,85.868
2026-05-14 06:15:00,2026-05-14 06:15:00,85.854
2026-05-14 06:30:00,2026-05-14 06:30:00,85.863
2026-05-14 06:45:00,2026-05-14 06:45:00,85.867
2026-05-14 07:00:00,2026-05-14 07:00:00,85.874
2026-05-14 07:15:00,2026-05-14 07:15:00,85.868
2026-05-14 07:30:00,2026-05-14 07:30:00,85.859
2026-05-14 07:45:00,2026-05-14 07:45:00,85.852
2026-05-14 08:00:00,2026-05-14 08:00:00,85.852
2026-05-14 08:15:00,2026-05-14 08:15:00,85.861
2026-05-14 08:30:00,2026-05-14 08:30:00,85.86
2026-05-14 08:45:00,2026-05-14 08:45:00,85.862
2026-05-14 09:00:00,2026-05-14 09:00:00,85.865
2026-05-14 09:15:00,2026-05-14 09:15:00,85.858
2026-05-14 09:30:00,2026-05-14 09:30:00,85.845
2026-05-14 09:45:00,2026-05-14 09:45:00,85.856
2026-05-14 10:00:00,2026-05-14 10:00:00,85.858
2026-05-14 10:15:00,2026-05-14 10:15:00,85.848
2026-05-14 10:30:00,2026-05-14 10:30:00,85.849
2026-05-14 10:45:00,2026-05-14 10:45:00,85.847
2026-05-14 11:00:00,2026-05-14 11:00:00,85.841
2026-05-14 11:15:00,2026-05-14 11:15:00,85.843
2026-05-14 11:30:00,2026-05-14 11:30:00,85.847
2026-05-14 11:45:00,2026-05-14 11:45:00,85.849
2026-05-14 12:00:00,2026-05-14 12:00:00,85.85
2026-05-14 12:15:00,2026-05-14 12:15:00,85.843
2026-05-14 12:30:00,2026-05-14 12:30:00,85.842
2026-05-14 12:45:00,2026-05-14 12:45:00,85.823
2026-05-14 13:00:00,2026-05-14 13:00:00,85.825
2026-05-14 13:15:00,2026-05-14 13:15:00,85.838
2026-05-14 13:30:00,2026-05-14 13:30:00,85.842
2026-05-14 13:45:00,2026-05-14 13:45:00,85.833
2026-05-14 14:00:00,2026-05-14 14:00:00,85.835
2026-05-14 14:15:00,2026-05-14 14:15:00,85.832
2026-05-14 14:30:00,2026-05-14 14:30:00,85.829
2026-05-14 14:45:00,2026-05-14 14:45:00,85.833
2026-05-14 15:00:00,2026-05-14 15:00:00,85.833
2026-05-14 15:15:00,2026-05-14 15:15:00,85.839
2026-05-14 15:30:00,2026-05-14 15:30:00,85.842
2026-05-14 15:45:00,2026-05-14 15:45:00,85.839
2026-05-14 16:00:00,2026-05-14 16:00:00,85.841
2026-05-14 16:15:00,2026-05-14 16:15:00,85.831
2026-05-14 16:30:00,2026-05-14 16:30:00,85.828
2026-05-14 16:45:00,2026-05-14 16:45:00,85.836
2026-05-14 17:00:00,2026-05-14 17:00:00,85.833
2026-05-14 17:15:00,2026-05-14 17:15:00,85.83
2026-05-14 17:30:00,2026-05-14 17:30:00,85.834
2026-05-14 17:45:00,2026-05-14 17:45:00,85.841
2026-05-14 18:00:00,2026-05-14 18:00:00,85.835
2026-05-14 18:15:00,2026-05-14 18:15:00,85.835
2026-05-14 18:30:00,2026-05-14 18:30:00,85.832
2026-05-14 18:45:00,2026-05-14 18:45:00,85.828
2026-05-14 19:00:00,2026-05-14 19:00:00,85.827
2026-05-14 19:15:00,2026-05-14 19:15:00,85.833
2026-05-14 19:30:00,2026-05-14 19:30:00,85.83
2026-05-14 19:45:00,2026-05-14 19:45:00,85.829
2026-05-14 20:00:00,2026-05-14 20:00:00,85.828
2026-05-14 20:15:00,2026-05-14 20:15:00,85.827
2026-05-14 20:30:00,2026-05-14 20:30:00,85.824
2026-05-14 20:45:00,2026-05-14 20:45:00,85.835
2026-05-14 21:00:00,2026-05-14 21:00:00,85.828
2026-05-14 21:15:00,2026-05-14 21:15:00,85.833
2026-05-14 21:30:00,2026-05-14 21:30:00,85.835
2026-05-14 21:45:00,2026-05-14 21:45:00,85.835
2026-05-14 22:00:00,2026-05-14 22:00:00,85.836
2026-05-14 22:15:00,2026-05-14 22:15:00,85.839
2026-05-14 22:30:00,2026-05-14 22:30:00,85.839
2026-05-14 22:45:00,2026-05-14 22:45:00,85.833
2026-05-14 23:00:00,2026-05-14 23:00:00,85.833
2026-05-14 23:15:00,2026-05-14 23:15:00,85.835
2026-05-14 23:30:00,2026-05-14 23:30:00,85.839
2026-05-14 23:45:00,2026-05-14 23:45:00,85.837
2026-05-15 00:00:00,2026-05-15 00:00:00,85.837
2026-05-15 00:15:00,2026-05-15 00:15:00,85.828
2026-05-15 00:30:00,2026-05-15 00:30:00,85.825
2026-05-15 00:45:00,2026-05-15 00:45:00,85.827
2026-05-15 01:00:00,2026-05-15 01:00:00,85.823
2026-05-15 01:15:00,2026-05-15 01:15:00,85.834
2026-05-15 01:30:00,2026-05-15 01:30:00,85.834
2026-05-15 01:45:00,2026-05-15 01:45:00,85.824
2026-05-15 02:00:00,2026-05-15 02:00:00,85.821
2026-05-15 02:15:00,2026-05-15 02:15:00,85.829
2026-05-15 02:30:00,2026-05-15 02:30:00,85.831
2026-05-15 02:45:00,2026-05-15 02:45:00,85.825
2026-05-15 03:00:00,2026-05-15 03:00:00,85.827
2026-05-15 03:15:00,2026-05-15 03:15:00,85.832
2026-05-15 03:30:00,2026-05-15 03:30:00,85.831
2026-05-15 03:45:00,2026-05-15 03:45:00,85.829
2026-05-15 04:00:00,2026-05-15 04:00:00,85.834
2026-05-15 04:15:00,2026-05-15 04:15:00,85.828
2026-05-15 04:30:00,2026-05-15 04:30:00,85.829
2026-05-15 04:45:00,2026-05-15 04:45:00,85.829
2026-05-15 05:00:00,2026-05-15 05:00:00,85.832
2026-05-15 05:15:00,2026-05-15 05:15:00,85.822
2026-05-15 05:30:00,2026-05-15 05:30:00,85.812
2026-05-15 05:45:00,2026-05-15 05:45:00,85.823
2026-05-15 06:00:00,2026-05-15 06:00:00,85.827
2026-05-15 06:15:00,2026-05-15 06:15:00,85.819
2026-05-15 06:30:00,2026-05-15 06:30:00,85.821
2026-05-15 06:45:00,2026-05-15 06:45:00,85.829
2026-05-15 07:00:00,2026-05-15 07:00:00,85.825
2026-05-15 07:15:00,2026-05-15 07:15:00,85.822
2026-05-15 07:30:00,2026-05-15 07:30:00,85.825
2026-05-15 07:45:00,2026-05-15 07:45:00,85.815
2026-05-15 08:00:00,2026-05-15 08:00:00,85.803
2026-05-15 08:15:00,2026-05-15 08:15:00,85.806
2026-05-15 08:30:00,2026-05-15 08:30:00,85.811
2026-05-15 08:45:00,2026-05-15 08:45:00,85.806
2026-05-15 09:00:00,2026-05-15 09:00:00,85.809
2026-05-15 09:15:00,2026-05-15 09:15:00,85.815
2026-05-15 09:30:00,2026-05-15 09:30:00,85.825
2026-05-15 09:45:00,2026-05-15 09:45:00,85.805
2026-05-15 10:00:00,2026-05-15 10:00:00,85.804
2026-05-15 10:15:00,2026-05-15 10:15:00,85.8
2026-05-15 10:30:00,2026-05-15 10:30:00,85.804
2026-05-15 10:45:00,2026-05-15 10:45:00,85.792
2026-05-15 11:00:00,2026-05-15 11:00:00,85.796
2026-05-15 11:15:00,2026-05-15 11:15:00,85.805
2026-05-15 11:30:00,2026-05-15 11:30:00,85.8
2026-05-15 11:45:00,2026-05-15 11:45:00,85.799
2026-05-15 12:00:00,2026-05-15 12:00:00,85.793
2026-05-15 12:15:00,2026-05-15 12:15:00,85.782
2026-05-15 12:30:00,2026-05-15 12:30:00,85.783
2026-05-15 12:45:00,2026-05-15 12:45:00,85.782
2026-05-15 13:00:00,2026-05-15 13:00:00,85.78
2026-05-15 13:15:00,2026-05-15 13:15:00,85.793
2026-05-15 13:30:00,2026-05-15 13:30:00,85.793
2026-05-15 13:45:00,2026-05-15 13:45:00,85.785
2026-05-15 14:00:00,2026-05-15 14:00:00,85.783
2026-05-15 14:15:00,2026-05-15 14:15:00,85.784
2026-05-15 14:30:00,2026-05-15 14:30:00,85.787
2026-05-15 14:45:00,2026-05-15 14:45:00,85.786
2026-05-15 15:00:00,2026-05-15 15:00:00,85.787
2026-05-15 15:15:00,2026-05-15 15:15:00,85.788
2026-05-15 15:30:00,2026-05-15 15:30:00,85.79
2026-05-15 15:45:00,2026-05-15 15:45:00,85.788
2026-05-15 16:00:00,2026-05-15 16:00:00,85.779
2026-05-15 16:15:00,2026-05-15 16:15:00,85.777
2026-05-15 16:30:00,2026-05-15 16:30:00,85.781
2026-05-15 16:45:00,2026-05-15 16:45:00,85.779
2026-05-15 17:00:00,2026-05-15 17:00:00,85.785
2026-05-15 17:15:00,2026-05-15 17:15:00,85.775
2026-05-15 17:30:00,2026-05-15 17:30:00,85.771
2026-05-15 17:45:00,2026-05-15 17:45:00,85.776
2026-05-15 18:00:00,2026-05-15 18:00:00,85.771
2026-05-15 18:15:00,2026-05-15 18:15:00,85.771
2026-05-15 18:30:00,2026-05-15 18:30:00,85.768
2026-05-15 18:45:00,2026-05-15 18:45:00,85.774
2026-05-15 19:00:00,2026-05-15 19:00:00,85.767
2026-05-15 19:15:00,2026-05-15 19:15:00,85.778
2026-05-15 19:30:00,2026-05-15 19:30:00,85.779
2026-05-15 19:45:00,2026-05-15 19:45:00,85.769
2026-05-15 20:00:00,2026-05-15 20:00:00,85.767
2026-05-15 20:15:00,2026-05-15 20:15:00,85.77
2026-05-15 20:30:00,2026-05-15 20:30:00,85.772
2026-05-15 20:45:00,2026-05-15 20:45:00,85.782
2026-05-15 21:00:00,2026-05-15 21:00:00,85.788
2026-05-15 21:15:00,2026-05-15 21:15:00,85.778
2026-05-15 21:30:00,2026-05-15 21:30:00,85.776
2026-05-15 21:45:00,2026-05-15 21:45:00,85.783
2026-05-15 22:00:00,2026-05-15 22:00:00,85.781
2026-05-15 22:15:00,2026-05-15 22:15:00,85.772
2026-05-15 22:30:00,2026-05-15 22:30:00,85.772
2026-05-15 22:45:00,2026-05-15 22:45:00,85.772
2026-05-15 23:00:00,2026-05-15 23:00:00,85.775
2026-05-15 23:15:00,2026-05-15 23:15:00,85.777
2026-05-15 23:30:00,2026-05-15 23:30:00,85.771
2026-05-15 23:45:00,2026-05-15 23:45:00,85.776
2026-05-16 00:00:00,2026-05-16 00:00:00,85.775
2026-05-16 00:15:00,2026-05-16 00:15:00,85.772
2026-05-16 00:30:00,2026-05-16 00:30:00,85.768
2026-05-16 00:45:00,2026-05-16 00:45:00,85.775
2026-05-16 01:00:00,2026-05-16 01:00:00,85.775
2026-05-16 01:15:00,2026-05-16 01:15:00,85.769
2026-05-16 01:30:00,2026-05-16 01:30:00,85.77
2026-05-16 01:45:00,2026-05-16 01:45:00,85.772
2026-05-16 02:00:00,2026-05-16 02:00:00,85.776
2026-05-16 02:15:00,2026-05-16 02:15:00,85.771
2026-05-16 02:30:00,2026-05-16 02:30:00,85.775
2026-05-16 02:45:00,2026-05-16 02:45:00,85.779
2026-05-16 03:00:00,2026-05-16 03:00:00,85.782
2026-05-16 03:15:00,2026-05-16 03:15:00,85.777
2026-05-16 03:30:00,2026-05-16 03:30:00,85.777
2026-05-16 03:45:00,2026-05-16 03:45:00,85.773
2026-05-16 04:00:00,2026-05-16 04:00:00,85.769
2026-05-16 04:15:00,2026-05-16 04:15:00,85.769
2026-05-16 04:30:00,2026-05-16 04:30:00,85.771
2026-05-16 04:45:00,2026-05-16 04:45:00,85.783
2026-05-16 05:00:00,2026-05-16 05:00:00,85.782
2026-05-16 05:15:00,2026-05-16 05:15:00,85.766
2026-05-16 05:30:00,2026-05-16 05:30:00,85.763
2026-05-16 05:45:00,2026-05-16 05:45:00,85.763
2026-05-16 06:00:00,2026-05-16 06:00:00,85.761
2026-05-16 06:15:00,2026-05-16 06:15:00,85.773
2026-05-16 06:30:00,2026-05-16 06:30:00,85.774
2026-05-16 06:45:00,2026-05-16 06:45:00,85.771
2026-05-16 07:00:00,2026-05-16 07:00:00,85.763
2026-05-16 07:15:00,2026-05-16 07:15:00,85.77
2026-05-16 07:30:00,2026-05-16 07:30:00,85.768
2026-05-16 07:45:00,2026-05-16 07:45:00,85.759
2026-05-16 08:00:00,2026-05-16 08:00:00,85.759
2026-05-16 08:15:00,2026-05-16 08:15:00,85.77
2026-05-16 08:30:00,2026-05-16 08:30:00,85.77
2026-05-16 08:45:00,2026-05-16 08:45:00,85.756
2026-05-16 09:00:00,2026-05-16 09:00:00,85.754
2026-05-16 09:15:00,2026-05-16 09:15:00,85.761
2026-05-16 09:30:00,2026-05-16 09:30:00,85.756
2026-05-16 09:45:00,2026-05-16 09:45:00,85.76
2026-05-16 10:00:00,2026-05-16 10:00:00,85.762
2026-05-16 10:15:00,2026-05-16 10:15:00,85.757
2026-05-16 10:30:00,2026-05-16 10:30:00,85.757
2026-05-16 10:45:00,2026-05-16 10:45:00,85.74
2026-05-16 11:00:00,2026-05-16 11:00:00,85.737
2026-05-16 11:15:00,2026-05-16 11:15:00,85.756
2026-05-16 11:30:00,2026-05-16 11:30:00,85.761
2026-05-16 11:45:00,2026-05-16 11:45:00,85.751
2026-05-16 12:00:00,2026-05-16 12:00:00,85.749
2026-05-16 12:15:00,2026-05-16 12:15:00,85.746
2026-05-16 12:30:00,2026-05-16 12:30:00,85.744
2026-05-16 12:45:00,2026-05-16 12:45:00,85.735
2026-05-16 13:00:00,2026-05-16 13:00:00,85.731
2026-05-16 13:15:00,2026-05-16 13:15:00,85.743
2026-05-16 13:30:00,2026-05-16 13:30:00,85.737
2026-05-16 13:45:00,2026-05-16 13:45:00,85.741
2026-05-16 14:00:00,2026-05-16 14:00:00,85.743
2026-05-16 14:15:00,2026-05-16 14:15:00,85.736
2026-05-16 14:30:00,2026-05-16 14:30:00,85.741
2026-05-16 14:45:00,2026-05-16 14:45:00,85.741
2026-05-16 15:00:00,2026-05-16 15:00:00,85.741
2026-05-16 15:15:00,2026-05-16 15:15:00,85.734
2026-05-16 15:30:00,2026-05-16 15:30:00,85.74
2026-05-16 15:45:00,2026-05-16 15:45:00,85.726
2026-05-16 16:00:00,2026-05-16 16:00:00,85.727
2026-05-16 16:15:00,2026-05-16 16:15:00,85.739
2026-05-16 16:30:00,2026-05-16 16:30:00,85.731
2026-05-16 16:45:00,2026-05-16 16:45:00,85.73
2026-05-16 17:00:00,2026-05-16 17:00:00,85.728
2026-05-16 17:15:00,2026-05-16 17:15:00,85.728
2026-05-16 17:30:00,2026-05-16 17:30:00,85.732
2026-05-16 17:45:00,2026-05-16 17:45:00,85.732
2026-05-16 18:00:00,2026-05-16 18:00:00,85.735
2026-05-16 18:15:00,2026-05-16 18:15:00,85.727
2026-05-16 18:30:00,2026-05-16 18:30:00,85.733
2026-05-16 18:45:00,2026-05-16 18:45:00,85.727
2026-05-16 19:00:00,2026-05-16 19:00:00,85.724
2026-05-16 19:15:00,2026-05-16 19:15:00,85.729
2026-05-16 19:30:00,2026-05-16 19:30:00,85.73
2026-05-16 19:45:00,2026-05-16 19:45:00,85.735
2026-05-16 20:00:00,2026-05-16 20:00:00,85.728
2026-05-16 20:15:00,2026-05-16 20:15:00,85.734
2026-05-16 20:30:00,2026-05-16 20:30:00,85.733
2026-05-16 20:45:00,2026-05-16 20:45:00,85.726
2026-05-16 21:00:00,2026-05-16 21:00:00,85.72
2026-05-16 21:15:00,2026-05-16 21:15:00,85.725
2026-05-16 21:30:00,2026-05-16 21:30:00,85.722
2026-05-16 21:45:00,2026-05-16 21:45:00,85.723
2026-05-16 22:00:00,2026-05-16 22:00:00,85.725
2026-05-16 22:15:00,2026-05-16 22:15:00,85.722
2026-05-16 22:30:00,2026-05-16 22:30:00,85.724
2026-05-16 22:45:00,2026-05-16 22:45:00,85.722
2026-05-16 23:00:00,2026-05-16 23:00:00,85.722
2026-05-16 23:15:00,2026-05-16 23:15:00,85.727
2026-05-16 23:30:00,2026-05-16 23:30:00,85.728
2026-05-16 23:45:00,2026-05-16 23:45:00,85.718
2026-05-17 00:00:00,2026-05-17 00:00:00,85.725
2026-05-17 00:15:00,2026-05-17 00:15:00,85.725
2026-05-17 00:30:00,2026-05-17 00:30:00,85.73
2026-05-17 00:45:00,2026-05-17 00:45:00,85.727
2026-05-17 01:00:00,2026-05-17 01:00:00,85.726
2026-05-17 01:15:00,2026-05-17 01:15:00,85.722
2026-05-17 01:30:00,2026-05-17 01:30:00,85.716
2026-05-17 01:45:00,2026-05-17 01:45:00,85.723
2026-05-17 02:00:00,2026-05-17 02:00:00,85.723
2026-05-17 02:15:00,2026-05-17 02:15:00,85.718
2026-05-17 02:30:00,2026-05-17 02:30:00,85.722
2026-05-17 02:45:00,2026-05-17 02:45:00,85.723
2026-05-17 03:00:00,2026-05-17 03:00:00,85.724
2026-05-17 03:15:00,2026-05-17 03:15:00,85.718
2026-05-17 03:30:00,2026-05-17 03:30:00,85.722
2026-05-17 03:45:00,2026-05-17 03:45:00,85.723
2026-05-17 04:00:00,2026-05-17 04:00:00,85.723
2026-05-17 04:15:00,2026-05-17 04:15:00,85.724
2026-05-17 04:30:00,2026-05-17 04:30:00,85.721
2026-05-17 04:45:00,2026-05-17 04:45:00,85.726
2026-05-17 05:00:00,2026-05-17 05:00:00,85.722
2026-05-17 05:15:00,2026-05-17 05:15:00,85.719
2026-05-17 05:30:00,2026-05-17 05:30:00,85.717
2026-05-17 05:45:00,2026-05-17 05:45:00,85.717
2026-05-17 06:00:00,2026-05-17 06:00:00,85.71
2026-05-17 06:15:00,2026-05-17 06:15:00,85.714
2026-05-17 06:30:00,2026-05-17 06:30:00,85.728
2026-05-17 06:45:00,2026-05-17 06:45:00,85.719
2026-05-17 07:00:00,2026-05-17 07:00:00,85.721
2026-05-17 07:15:00,2026-05-17 07:15:00,85.721
2026-05-17 07:30:00,2026-05-17 07:30:00,85.718
2026-05-17 07:45:00,2026-05-17 07:45:00,85.711
2026-05-17 08:00:00,2026-05-17 08:00:00,85.718
2026-05-17 08:15:00,2026-05-17 08:15:00,85.722
2026-05-17 08:30:00,2026-05-17 08:30:00,85.714
2026-05-17 08:45:00,2026-05-17 08:45:00,85.711
2026-05-17 09:00:00,2026-05-17 09:00:00,85.712
2026-05-17 09:15:00,2026-05-17 09:15:00,85.703
2026-05-17 09:30:00,2026-05-17 09:30:00,85.705
2026-05-17 09:45:00,2026-05-17 09:45:00,85.71
2026-05-17 10:00:00,2026-05-17 10:00:00,85.704
2026-05-17 10:15:00,2026-05-17 10:15:00,85.699
2026-05-17 10:30:00,2026-05-17 10:30:00,85.704
2026-05-17 10:45:00,2026-05-17 10:45:00,85.704
2026-05-17 11:00:00,2026-05-17 11:00:00,85.698
2026-05-17 11:15:00,2026-05-17 11:15:00,85.708
2026-05-17 11:30:00,2026-05-17 11:30:00,85.713
2026-05-17 11:45:00,2026-05-17 11:45:00,85.69
2026-05-17 12:00:00,2026-05-17 12:00:00,85.694
2026-05-17 12:15:00,2026-05-17 12:15:00,85.703
2026-05-17 12:30:00,2026-05-17 12:30:00,85.7
2026-05-17 12:45:00,2026-05-17 12:45:00,85.691
2026-05-17 13:00:00,2026-05-17 13:00:00,85.69
2026-05-17 13:15:00,2026-05-17 13:15:00,85.677
2026-05-17 13:30:00,2026-05-17 13:30:00,85.671
2026-05-17 13:45:00,2026-05-17 13:45:00,85.686
2026-05-17 14:00:00,2026-05-17 14:00:00,85.686
2026-05-17 14:15:00,2026-05-17 14:15:00,85.678
2026-05-17 14:30:00,2026-05-17 14:30:00,85.681
2026-05-17 14:45:00,2026-05-17 14:45:00,85.681
2026-05-17 15:00:00,2026-05-17 15:00:00,85.675
2026-05-17 15:15:00,2026-05-17 15:15:00,85.682
2026-05-17 15:30:00,2026-05-17 15:30:00,85.683
2026-05-17 15:45:00,2026-05-17 15:45:00,85.677
2026-05-17 16:00:00,2026-05-17 16:00:00,85.673
2026-05-17 16:15:00,2026-05-17 16:15:00,85.674
2026-05-17 16:30:00,2026-05-17 16:30:00,85.672
2026-05-17 16:45:00,2026-05-17 16:45:00,85.676
2026-05-17 17:00:00,2026-05-17 17:00:00,85.688
2026-05-17 17:15:00,2026-05-17 17:15:00,85.668
2026-05-17 17:30:00,2026-05-17 17:30:00,85.67
2026-05-17 17:45:00,2026-05-17 17:45:00,85.683
2026-05-17 18:00:00,2026-05-17 18:00:00,85.681
2026-05-17 18:15:00,2026-05-17 18:15:00,85.677
2026-05-17 18:30:00,2026-05-17 18:30:00,85.682
2026-05-17 18:45:00,2026-05-17 18:45:00,85.688
2026-05-17 19:00:00,2026-05-17 19:00:00,85.681
2026-05-17 19:15:00,2026-05-17 19:15:00,85.673
2026-05-17 19:30:00,2026-05-17 19:30:00,85.675
2026-05-17 19:45:00,2026-05-17 19:45:00,85.684
2026-05-17 20:00:00,2026-05-17 20:00:00,85.691
2026-05-17 20:15:00,2026-05-17 20:15:00,85.693
2026-05-17 20:30:00,2026-05-17 20:30:00,85.685
2026-05-17 20:45:00,2026-05-17 20:45:00,85.68
2026-05-17 21:00:00,2026-05-17 21:00:00,85.678
2026-05-17 21:15:00,2026-05-17 21:15:00,85.682
2026-05-17 21:30:00,2026-05-17 21:30:00,85.68
2026-05-17 21:45:00,2026-05-17 21:45:00,85.689
2026-05-17 22:00:00,2026-05-17 22:00:00,85.702
2026-05-17 22:15:00,2026-05-17 22:15:00,85.687
2026-05-17 22:30:00,2026-05-17 22:30:00,85.684
2026-05-17 22:45:00,2026-05-17 22:45:00,85.681
2026-05-17 23:00:00,2026-05-17 23:00:00,85.679
2026-05-17 23:15:00,2026-05-17 23:15:00,85.682
2026-05-17 23:30:00,2026-05-17 23:30:00,85.688
2026-05-17 23:45:00,2026-05-17 23:45:00,85.689
2026-05-18 00:00:00,2026-05-18 00:00:00,85.692
2026-05-18 00:15:00,2026-05-18 00:15:00,85.695
2026-05-18 00:30:00,2026-05-18 00:30:00,85.696
2026-05-18 00:45:00,2026-05-18 00:45:00,85.688
2026-05-18 01:00:00,2026-05-18 01:00:00,85.687
2026-05-18 01:15:00,2026-05-18 01:15:00,85.679
2026-05-18 01:30:00,2026-05-18 01:30:00,85.676
2026-05-18 01:45:00,2026-05-18 01:45:00,85.683
2026-05-18 02:00:00,2026-05-18 02:00:00,85.692
2026-05-18 02:15:00,2026-05-18 02:15:00,85.682
2026-05-18 02:30:00,2026-05-18 02:30:00,85.683
2026-05-18 02:45:00,2026-05-18 02:45:00,85.687
2026-05-18 03:00:00,2026-05-18 03:00:00,85.683
2026-05-18 03:15:00,2026-05-18 03:15:00,85.688
2026-05-18 03:30:00,2026-05-18 03:30:00,85.681
2026-05-18 03:45:00,2026-05-18 03:45:00,85.686
2026-05-18 04:00:00,2026-05-18 04:00:00,85.685
2026-05-18 04:15:00,2026-05-18 04:15:00,85.686
2026-05-18 04:30:00,2026-05-18 04:30:00,85.681
2026-05-18 04:45:00,2026-05-18 04:45:00,85.682
2026-05-18 05:00:00,2026-05-18 05:00:00,85.686
2026-05-18 05:15:00,2026-05-18 05:15:00,85.677
2026-05-18 05:30:00,2026-05-18 05:30:00,85.681
2026-05-18 05:45:00,2026-05-18 05:45:00,85.678
2026-05-18 06:00:00,2026-05-18 06:00:00,85.676
2026-05-18 06:15:00,2026-05-18 06:15:00,85.681
2026-05-18 06:30:00,2026-05-18 06:30:00,85.682
2026-05-18 06:45:00,2026-05-18 06:45:00,85.682
2026-05-18 07:00:00,2026-05-18 07:00:00,85.675
2026-05-18 07:15:00,2026-05-18 07:15:00,85.668
2026-05-18 07:30:00,2026-05-18 07:30:00,85.668
2026-05-18 07:45:00,2026-05-18 07:45:00,85.682
2026-05-18 08:00:00,2026-05-18 08:00:00,85.682
2026-05-18 08:15:00,2026-05-18 08:15:00,85.666
2026-05-18 08:30:00,2026-05-18 08:30:00,85.665
2026-05-18 08:45:00,2026-05-18 08:45:00,85.672
2026-05-18 09:00:00,2026-05-18 09:00:00,85.681
2026-05-18 09:15:00,2026-05-18 09:15:00,85.67
2026-05-18 09:30:00,2026-05-18 09:30:00,85.658
2026-05-18 09:45:00,2026-05-18 09:45:00,85.669
2026-05-18 10:00:00,2026-05-18 10:00:00,85.668
2026-05-18 10:15:00,2026-05-18 10:15:00,85.67
2026-05-18 10:30:00,2026-05-18 10:30:00,85.667
2026-05-18 10:45:00,2026-05-18 10:45:00,85.661
2026-05-18 11:00:00,2026-05-18 11:00:00,85.667
2026-05-18 11:15:00,2026-05-18 11:15:00,85.666
2026-05-18 11:30:00,2026-05-18 11:30:00,85.66
2026-05-18 11:45:00,2026-05-18 11:45:00,85.651
2026-05-18 12:00:00,2026-05-18 12:00:00,85.662
2026-05-18 12:15:00,2026-05-18 12:15:00,85.666
2026-05-18 12:30:00,2026-05-18 12:30:00,85.663
2026-05-18 12:45:00,2026-05-18 12:45:00,85.67
2026-05-18 13:00:00,2026-05-18 13:00:00,85.678
2026-05-18 13:15:00,2026-05-18 13:15:00,85.65
2026-05-18 13:30:00,2026-05-18 13:30:00,85.642
2026-05-18 13:45:00,2026-05-18 13:45:00,85.643
2026-05-18 14:00:00,2026-05-18 14:00:00,85.648
2026-05-18 14:15:00,2026-05-18 14:15:00,85.652
2026-05-18 14:30:00,2026-05-18 14:30:00,85.65
2026-05-18 14:45:00,2026-05-18 14:45:00,85.649
2026-05-18 15:00:00,2026-05-18 15:00:00,85.651
2026-05-18 15:15:00,2026-05-18 15:15:00,85.644
2026-05-18 15:30:00,2026-05-18 15:30:00,85.645
2026-05-18 15:45:00,2026-05-18 15:45:00,85.651
2026-05-18 16:00:00,2026-05-18 16:00:00,85.64
2026-05-18 16:15:00,2026-05-18 16:15:00,85.641
2026-05-18 16:30:00,2026-05-18 16:30:00,85.635
2026-05-18 16:45:00,2026-05-18 16:45:00,85.65
2026-05-18 17:00:00,2026-05-18 17:00:00,85.65
2026-05-18 17:15:00,2026-05-18 17:15:00,85.642
2026-05-18 17:30:00,2026-05-18 17:30:00,85.646
2026-05-18 17:45:00,2026-05-18 17:45:00,85.645
2026-05-18 18:00:00,2026-05-18 18:00:00,85.646
2026-05-18 18:15:00,2026-05-18 18:15:00,85.642
2026-05-18 18:30:00,2026-05-18 18:30:00,85.642
2026-05-18 18:45:00,2026-05-18 18:45:00,85.639
2026-05-18 19:00:00,2026-05-18 19:00:00,85.638
2026-05-18 19:15:00,2026-05-18 19:15:00,85.637
2026-05-18 19:30:00,2026-05-18 19:30:00,85.634
2026-05-18 19:45:00,2026-05-18 19:45:00,85.643
2026-05-18 20:00:00,2026-05-18 20:00:00,85.645
2026-05-18 20:15:00,2026-05-18 20:15:00,85.644
2026-05-18 20:30:00,2026-05-18 20:30:00,85.644
2026-05-18 20:45:00,2026-05-18 20:45:00,85.664
2026-05-18 21:00:00,2026-05-18 21:00:00,85.647
2026-05-18 21:15:00,2026-05-18 21:15:00,85.648
2026-05-18 21:30:00,2026-05-18 21:30:00,85.649
2026-05-18 21:45:00,2026-05-18 21:45:00,85.658
2026-05-18 22:00:00,2026-05-18 22:00:00,85.653
2026-05-18 22:15:00,2026-05-18 22:15:00,85.646
2026-05-18 22:30:00,2026-05-18 22:30:00,85.646
2026-05-18 22:45:00,2026-05-18 22:45:00,85.643
2026-05-18 23:00:00,2026-05-18 23:00:00,85.646
2026-05-18 23:15:00,2026-05-18 23:15:00,85.645
2026-05-18 23:30:00,2026-05-18 23:30:00,85.648
2026-05-18 23:45:00,2026-05-18 23:45:00,85.65
2026-05-19 00:00:00,2026-05-19 00:00:00,85.65
2026-05-19 00:15:00,2026-05-19 00:15:00,85.651
2026-05-19 00:30:00,2026-05-19 00:30:00,85.652
2026-05-19 00:45:00,2026-05-19 00:45:00,85.648
2026-05-19 01:00:00,2026-05-19 01:00:00,85.647
2026-05-19 01:15:00,2026-05-19 01:15:00,85.645
2026-05-19 01:30:00,2026-05-19 01:30:00,85.641
2026-05-19 01:45:00,2026-05-19 01:45:00,85.65
2026-05-19 02:00:00,2026-05-19 02:00:00,85.652
2026-05-19 02:15:00,2026-05-19 02:15:00,85.656
2026-05-19 02:30:00,2026-05-19 02:30:00,85.654
2026-05-19 02:45:00,2026-05-19 02:45:00,85.645
2026-05-19 03:00:00,2026-05-19 03:00:00,85.65
2026-05-19 03:15:00,2026-05-19 03:15:00,85.647
2026-05-19 03:30:00,2026-05-19 03:30:00,85.648
2026-05-19 03:45:00,2026-05-19 03:45:00,85.639
2026-05-19 04:00:00,2026-05-19 04:00:00,85.647
2026-05-19 04:15:00,2026-05-19 04:15:00,85.651
2026-05-19 04:30:00,2026-05-19 04:30:00,85.649
2026-05-19 04:45:00,2026-05-19 04:45:00,85.633
2026-05-19 05:00:00,2026-05-19 05:00:00,85.634
2026-05-19 05:15:00,2026-05-19 05:15:00,85.641
2026-05-19 05:30:00,2026-05-19 05:30:00,85.643
2026-05-19 05:45:00,2026-05-19 05:45:00,85.638
2026-05-19 06:00:00,2026-05-19 06:00:00,85.634
2026-05-19 06:15:00,2026-05-19 06:15:00,85.634
2026-05-19 06:30:00,2026-05-19 06:30:00,85.636
2026-05-19 06:45:00,2026-05-19 06:45:00,85.642
2026-05-19 07:00:00,2026-05-19 07:00:00,85.639
2026-05-19 07:15:00,2026-05-19 07:15:00,85.634
2026-05-19 07:30:00,2026-05-19 07:30:00,85.631
2026-05-19 07:45:00,2026-05-19 07:45:00,85.629
2026-05-19 08:00:00,2026-05-19 08:00:00,85.623
2026-05-19 08:15:00,2026-05-19 08:15:00,85.634
2026-05-19 08:30:00,2026-05-19 08:30:00,85.637
2026-05-19 08:45:00,2026-05-19 08:45:00,85.626
2026-05-19 09:00:00,2026-05-19 09:00:00,85.629
2026-05-19 09:15:00,2026-05-19 09:15:00,85.628
2026-05-19 09:30:00,2026-05-19 09:30:00,85.629
2026-05-19 09:45:00,2026-05-19 09:45:00,85.632
2026-05-19 10:00:00,2026-05-19 10:00:00,85.629
2026-05-19 10:15:00,2026-05-19 10:15:00,85.633
2026-05-19 10:30:00,2026-05-19 10:30:00,85.633
2026-05-19 10:45:00,2026-05-19 10:45:00,85.632
2026-05-19 11:00:00,2026-05-19 11:00:00,85.62
2026-05-19 11:15:00,2026-05-19 11:15:00,85.623
2026-05-19 11:30:00,2026-05-19 11:30:00,85.627
2026-05-19 11:45:00,2026-05-19 11:45:00,85.626
2026-05-19 12:00:00,2026-05-19 12:00:00,85.625
2026-05-19 12:15:00,2026-05-19 12:15:00,85.611
2026-05-19 12:30:00,2026-05-19 12:30:00,85.61
2026-05-19 12:45:00,2026-05-19 12:45:00,85.613
2026-05-19 13:00:00,2026-05-19 13:00:00,85.605
2026-05-19 13:15:00,2026-05-19 13:15:00,85.61
2026-05-19 13:30:00,2026-05-19 13:30:00,85.606
2026-05-19 13:45:00,2026-05-19 13:45:00,85.61
2026-05-19 14:00:00,2026-05-19 14:00:00,85.606
2026-05-19 14:15:00,2026-05-19 14:15:00,85.605
2026-05-19 14:30:00,2026-05-19 14:30:00,85.608
2026-05-19 14:45:00,2026-05-19 14:45:00,85.608
2026-05-19 15:00:00,2026-05-19 15:00:00,85.597
2026-05-19 15:15:00,2026-05-19 15:15:00,85.603
2026-05-19 15:30:00,2026-05-19 15:30:00,85.601
2026-05-19 15:45:00,2026-05-19 15:45:00,85.593
2026-05-19 16:00:00,2026-05-19 16:00:00,85.597
2026-05-19 16:15:00,2026-05-19 16:15:00,85.601
2026-05-19 16:30:00,2026-05-19 16:30:00,85.603
2026-05-19 16:45:00,2026-05-19 16:45:00,85.611
2026-05-19 17:00:00,2026-05-19 17:00:00,85.605
2026-05-19 17:15:00,2026-05-19 17:15:00,85.597
2026-05-19 17:30:00,2026-05-19 17:30:00,85.592
2026-05-19 17:45:00,2026-05-19 17:45:00,85.597
2026-05-19 18:00:00,2026-05-19 18:00:00,85.596
2026-05-19 18:15:00,2026-05-19 18:15:00,85.59
2026-05-19 18:30:00,2026-05-19 18:30:00,85.583
2026-05-19 18:45:00,2026-05-19 18:45:00,85.598
2026-05-19 19:00:00,2026-05-19 19:00:00,85.599
2026-05-19 19:15:00,2026-05-19 19:15:00,85.594
2026-05-19 19:30:00,2026-05-19 19:30:00,85.598
2026-05-19 19:45:00,2026-05-19 19:45:00,85.594
2026-05-19 20:00:00,2026-05-19 20:00:00,85.597
2026-05-19 20:15:00,2026-05-19 20:15:00,85.604
2026-05-19 20:30:00,2026-05-19 20:30:00,85.601
2026-05-19 20:45:00,2026-05-19 20:45:00,85.595
2026-05-19 21:00:00,2026-05-19 21:00:00,85.594
2026-05-19 21:15:00,2026-05-19 21:15:00,85.596
2026-05-19 21:30:00,2026-05-19 21:30:00,85.6
2026-05-19 21:45:00,2026-05-19 21:45:00,85.596
2026-05-19 22:00:00,2026-05-19 22:00:00,85.596
2026-05-19 22:15:00,2026-05-19 22:15:00,85.598
2026-05-19 22:30:00,2026-05-19 22:30:00,85.601
2026-05-19 22:45:00,2026-05-19 22:45:00,85.603
2026-05-19 23:00:00,2026-05-19 23:00:00,85.603
2026-05-19 23:15:00,2026-05-19 23:15:00,85.601
2026-05-19 23:30:00,2026-05-19 23:30:00,85.6
2026-05-19 23:45:00,2026-05-19 23:45:00,85.595
2026-05-20 00:00:00,2026-05-20 00:00:00,85.595
2026-05-20 00:15:00,2026-05-20 00:15:00,85.599
2026-05-20 00:30:00,2026-05-20 00:30:00,85.597
2026-05-20 00:45:00,2026-05-20 00:45:00,85.601
2026-05-20 01:00:00,2026-05-20 01:00:00,85.601
2026-05-20 01:15:00,2026-05-20 01:15:00,85.607
2026-05-20 01:30:00,2026-05-20 01:30:00,85.603
2026-05-20 01:45:00,2026-05-20 01:45:00,85.591
2026-05-20 02:00:00,2026-05-20 02:00:00,85.593
2026-05-20 02:15:00,2026-05-20 02:15:00,85.597
2026-05-20 02:30:00,2026-05-20 02:30:00,85.595
2026-05-20 02:45:00,2026-05-20 02:45:00,85.599
2026-05-20 03:00:00,2026-05-20 03:00:00,85.6
2026-05-20 03:15:00,2026-05-20 03:15:00,85.592
2026-05-20 03:30:00,2026-05-20 03:30:00,85.593
2026-05-20 03:45:00,2026-05-20 03:45:00,85.595
2026-05-20 04:00:00,2026-05-20 04:00:00,85.593
2026-05-20 04:15:00,2026-05-20 04:15:00,85.593
2026-05-20 04:30:00,2026-05-20 04:30:00,85.597
2026-05-20 04:45:00,2026-05-20 04:45:00,85.596
2026-05-20 05:00:00,2026-05-20 05:00:00,85.592
2026-05-20 05:15:00,2026-05-20 05:15:00,85.586
2026-05-20 05:30:00,2026-05-20 05:30:00,85.583
2026-05-20 05:45:00,2026-05-20 05:45:00,85.581
2026-05-20 06:00:00,2026-05-20 06:00:00,85.579
2026-05-20 06:15:00,2026-05-20 06:15:00,85.586
2026-05-20 06:30:00,2026-05-20 06:30:00,85.587
2026-05-20 06:45:00,2026-05-20 06:45:00,85.59
2026-05-20 07:00:00,2026-05-20 07:00:00,85.584
2026-05-20 07:15:00,2026-05-20 07:15:00,85.578
2026-05-20 07:30:00,2026-05-20 07:30:00,85.579
2026-05-20 07:45:00,2026-05-20 07:45:00,85.587
2026-05-20 08:00:00,2026-05-20 08:00:00,85.589
2026-05-20 08:15:00,2026-05-20 08:15:00,85.572
2026-05-20 08:30:00,2026-05-20 08:30:00,85.573
2026-05-20 08:45:00,2026-05-20 08:45:00,85.579
2026-05-20 09:00:00,2026-05-20 09:00:00,85.583
2026-05-20 09:15:00,2026-05-20 09:15:00,85.584
2026-05-20 09:30:00,2026-05-20 09:30:00,85.587
2026-05-20 09:45:00,2026-05-20 09:45:00,85.563
2026-05-20 10:00:00,2026-05-20 10:00:00,85.563
2026-05-20 10:15:00,2026-05-20 10:15:00,85.573
2026-05-20 10:30:00,2026-05-20 10:30:00,85.575
2026-05-20 10:45:00,2026-05-20 10:45:00,85.561
2026-05-20 11:00:00,2026-05-20 11:00:00,85.56
2026-05-20 11:15:00,2026-05-20 11:15:00,85.567
2026-05-20 11:30:00,2026-05-20 11:30:00,85.563
2026-05-20 11:45:00,2026-05-20 11:45:00,85.574
2026-05-20 12:00:00,2026-05-20 12:00:00,85.576
2026-05-20 12:15:00,2026-05-20 12:15:00,85.56
2026-05-20 12:30:00,2026-05-20 12:30:00,85.539
2026-05-20 12:45:00,2026-05-20 12:45:00,85.551
2026-05-20 13:00:00,2026-05-20 13:00:00,85.541
2026-05-20 13:15:00,2026-05-20 13:15:00,85.553
2026-05-20 13:30:00,2026-05-20 13:30:00,85.552
2026-05-20 13:45:00,2026-05-20 13:45:00,85.553
2026-05-20 14:00:00,2026-05-20 14:00:00,85.546
2026-05-20 14:15:00,2026-05-20 14:15:00,85.543
2026-05-20 14:30:00,2026-05-20 14:30:00,85.538
2026-05-20 14:45:00,2026-05-20 14:45:00,85.549
2026-05-20 15:00:00,2026-05-20 15:00:00,85.545
2026-05-20 15:15:00,2026-05-20 15:15:00,85.549
2026-05-20 15:30:00,2026-05-20 15:30:00,85.544
2026-05-20 15:45:00,2026-05-20 15:45:00,85.544
2026-05-20 16:00:00,2026-05-20 16:00:00,85.536
2026-05-20 16:15:00,2026-05-20 16:15:00,85.534
2026-05-20 16:30:00,2026-05-20 16:30:00,85.533
2026-05-20 16:45:00,2026-05-20 16:45:00,85.548
2026-05-20 17:00:00,2026-05-20 17:00:00,85.548
2026-05-20 17:15:00,2026-05-20 17:15:00,85.546
2026-05-20 17:30:00,2026-05-20 17:30:00,85.548
2026-05-20 17:45:00,2026-05-20 17:45:00,85.531
2026-05-20 18:00:00,2026-05-20 18:00:00,85.53
2026-05-20 18:15:00,2026-05-20 18:15:00,85.532
2026-05-20 18:30:00,2026-05-20 18:30:00,85.539
2026-05-20 18:45:00,2026-05-20 18:45:00,85.535
2026-05-20 19:00:00,2026-05-20 19:00:00,85.533
2026-05-20 19:15:00,2026-05-20 19:15:00,85.527
2026-05-20 19:30:00,2026-05-20 19:30:00,85.535
2026-05-20 19:45:00,2026-05-20 19:45:00,85.536
2026-05-20 20:00:00,2026-05-20 20:00:00,85.534
2026-05-20 20:15:00,2026-05-20 20:15:00,85.541
2026-05-20 20:30:00,2026-05-20 20:30:00,85.536
2026-05-20 20:45:00,2026-05-20 20:45:00,85.532
2026-05-20 21:00:00,2026-05-20 21:00:00,85.535
2026-05-20 21:15:00,2026-05-20 21:15:00,85.535
2026-05-20 21:30:00,2026-05-20 21:30:00,85.532
2026-05-20 21:45:00,2026-05-20 21:45:00,85.534
2026-05-20 22:00:00,2026-05-20 22:00:00,85.528
2026-05-20 22:15:00,2026-05-20 22:15:00,85.523
2026-05-20 22:30:00,2026-05-20 22:30:00,85.53
2026-05-20 22:45:00,2026-05-20 22:45:00,85.539
2026-05-20 23:00:00,2026-05-20 23:00:00,85.535
2026-05-20 23:15:00,2026-05-20 23:15:00,85.53
2026-05-20 23:30:00,2026-05-20 23:30:00,85.536
2026-05-20 23:45:00,2026-05-20 23:45:00,85.525
2026-05-21 00:00:00,2026-05-21 00:00:00,85.523
2026-05-21 00:15:00,2026-05-21 00:15:00,85.534
2026-05-21 00:30:00,2026-05-21 00:30:00,85.53
2026-05-21 00:45:00,2026-05-21 00:45:00,85.523
2026-05-21 01:00:00,2026-05-21 01:00:00,85.524
2026-05-21 01:15:00,2026-05-21 01:15:00,85.525
2026-05-21 01:30:00,2026-05-21 01:30:00,85.525
2026-05-21 01:45:00,2026-05-21 01:45:00,85.529
2026-05-21 02:00:00,2026-05-21 02:00:00,85.534
2026-05-21 02:15:00,2026-05-21 02:15:00,85.528
2026-05-21 02:30:00,2026-05-21 02:30:00,85.526
2026-05-21 02:45:00,2026-05-21 02:45:00,85.534
2026-05-21 03:00:00,2026-05-21 03:00:00,85.526
2026-05-21 03:15:00,2026-05-21 03:15:00,85.523
2026-05-21 03:30:00,2026-05-21 03:30:00,85.52
2026-05-21 03:45:00,2026-05-21 03:45:00,85.521
2026-05-21 04:00:00,2026-05-21 04:00:00,85.52
2026-05-21 04:15:00,2026-05-21 04:15:00,85.517
2026-05-21 04:30:00,2026-05-21 04:30:00,85.513
2026-05-21 04:45:00,2026-05-21 04:45:00,85.512
2026-05-21 05:00:00,2026-05-21 05:00:00,85.519
2026-05-21 05:15:00,2026-05-21 05:15:00,85.514
2026-05-21 05:30:00,2026-05-21 05:30:00,85.515
2026-05-21 05:45:00,2026-05-21 05:45:00,85.527
2026-05-21 06:00:00,2026-05-21 06:00:00,85.526
2026-05-21 06:15:00,2026-05-21 06:15:00,85.517
2026-05-21 06:30:00,2026-05-21 06:30:00,85.523
2026-05-21 06:45:00,2026-05-21 06:45:00,85.513
2026-05-21 07:00:00,2026-05-21 07:00:00,85.514
2026-05-21 07:15:00,2026-05-21 07:15:00,85.517
2026-05-21 07:30:00,2026-05-21 07:30:00,85.518
2026-05-21 07:45:00,2026-05-21 07:45:00,85.511
2026-05-21 08:00:00,2026-05-21 08:00:00,85.513
2026-05-21 08:15:00,2026-05-21 08:15:00,85.505
2026-05-21 08:30:00,2026-05-21 08:30:00,85.51
2026-05-21 08:45:00,2026-05-21 08:45:00,85.511
2026-05-21 09:00:00,2026-05-21 09:00:00,85.509
2026-05-21 09:15:00,2026-05-21 09:15:00,85.492
2026-05-21 09:30:00,2026-05-21 09:30:00,85.501
2026-05-21 09:45:00,2026-05-21 09:45:00,85.502
2026-05-21 10:00:00,2026-05-21 10:00:00,85.503
2026-05-21 10:15:00,2026-05-21 10:15:00,85.508
2026-05-21 10:30:00,2026-05-21 10:30:00,85.507
2026-05-21 10:45:00,2026-05-21 10:45:00,85.511
2026-05-21 11:00:00,2026-05-21 11:00:00,85.518
2026-05-21 11:15:00,2026-05-21 11:15:00,85.495
2026-05-21 11:30:00,2026-05-21 11:30:00,85.497
2026-05-21 11:45:00,2026-05-21 11:45:00,85.498
2026-05-21 12:00:00,2026-05-21 12:00:00,85.499
2026-05-21 12:15:00,2026-05-21 12:15:00,85.5
2026-05-21 12:30:00,2026-05-21 12:30:00,85.501
2026-05-21 12:45:00,2026-05-21 12:45:00,85.499
2026-05-21 13:00:00,2026-05-21 13:00:00,85.508
2026-05-21 13:15:00,2026-05-21 13:15:00,85.485
2026-05-21 13:30:00,2026-05-21 13:30:00,85.481
2026-05-21 13:45:00,2026-05-21 13:45:00,85.495
2026-05-21 14:00:00,2026-05-21 14:00:00,85.499
2026-05-21 14:15:00,2026-05-21 14:15:00,85.494
2026-05-21 14:30:00,2026-05-21 14:30:00,85.498
2026-05-21 14:45:00,2026-05-21 14:45:00,85.498
2026-05-21 15:00:00,2026-05-21 15:00:00,85.493
2026-05-21 15:15:00,2026-05-21 15:15:00,85.484
2026-05-21 15:30:00,2026-05-21 15:30:00,85.486
2026-05-21 15:45:00,2026-05-21 15:45:00,85.476
2026-05-21 16:00:00,2026-05-21 16:00:00,85.477
2026-05-21 16:15:00,2026-05-21 16:15:00,85.487
2026-05-21 16:30:00,2026-05-21 16:30:00,85.478
2026-05-21 16:45:00,2026-05-21 16:45:00,85.48
2026-05-21 17:00:00,2026-05-21 17:00:00,85.482
2026-05-21 17:15:00,2026-05-21 17:15:00,85.478
2026-05-21 17:30:00,2026-05-21 17:30:00,85.472
2026-05-21 17:45:00,2026-05-21 17:45:00,85.476
2026-05-21 18:00:00,2026-05-21 18:00:00,85.473
2026-05-21 18:15:00,2026-05-21 18:15:00,85.472
2026-05-21 18:30:00,2026-05-21 18:30:00,85.47
2026-05-21 18:45:00,2026-05-21 18:45:00,85.475
2026-05-21 19:00:00,2026-05-21 19:00:00,85.479
2026-05-21 19:15:00,2026-05-21 19:15:00,85.481
2026-05-21 19:30:00,2026-05-21 19:30:00,85.48
2026-05-21 19:45:00,2026-05-21 19:45:00,85.47
2026-05-21 20:00:00,2026-05-21 20:00:00,85.465
2026-05-21 20:15:00,2026-05-21 20:15:00,85.476
2026-05-21 20:30:00,2026-05-21 20:30:00,85.478
2026-05-21 20:45:00,2026-05-21 20:45:00,85.516
2026-05-21 21:00:00,2026-05-21 21:00:00,85.485
2026-05-21 21:15:00,2026-05-21 21:15:00,85.48
2026-05-21 21:30:00,2026-05-21 21:30:00,85.48
2026-05-21 21:45:00,2026-05-21 21:45:00,85.477
2026-05-21 22:00:00,2026-05-21 22:00:00,85.476
2026-05-21 22:15:00,2026-05-21 22:15:00,85.48
2026-05-21 22:30:00,2026-05-21 22:30:00,85.482
2026-05-21 22:45:00,2026-05-21 22:45:00,85.486
2026-05-21 23:00:00,2026-05-21 23:00:00,85.484
2026-05-21 23:15:00,2026-05-21 23:15:00,85.479
2026-05-21 23:30:00,2026-05-21 23:30:00,85.48
2026-05-21 23:45:00,2026-05-21 23:45:00,85.485
2026-05-22 00:00:00,2026-05-22 00:00:00,85.484
2026-05-22 00:15:00,2026-05-22 00:15:00,85.485
2026-05-22 00:30:00,2026-05-22 00:30:00,85.49
2026-05-22 00:45:00,2026-05-22 00:45:00,85.482
2026-05-22 01:00:00,2026-05-22 01:00:00,85.483
2026-05-22 01:15:00,2026-05-22 01:15:00,85.48
2026-05-22 01:30:00,2026-05-22 01:30:00,85.476
2026-05-22 01:45:00,2026-05-22 01:45:00,85.473
2026-05-22 02:00:00,2026-05-22 02:00:00,85.476
2026-05-22 02:15:00,2026-05-22 02:15:00,85.484
2026-05-22 02:30:00,2026-05-22 02:30:00,85.489
2026-05-22 02:45:00,2026-05-22 02:45:00,85.484
2026-05-22 03:00:00,2026-05-22 03:00:00,85.485
2026-05-22 03:15:00,2026-05-22 03:15:00,85.481
2026-05-22 03:30:00,2026-05-22 03:30:00,85.479
2026-05-22 03:45:00,2026-05-22 03:45:00,85.485
2026-05-22 04:00:00,2026-05-22 04:00:00,85.484
2026-05-22 04:15:00,2026-05-22 04:15:00,85.48
2026-05-22 04:30:00,2026-05-22 04:30:00,85.483
2026-05-22 04:45:00,2026-05-22 04:45:00,85.486
2026-05-22 05:00:00,2026-05-22 05:00:00,85.488
2026-05-22 05:15:00,2026-05-22 05:15:00,85.475
2026-05-22 05:30:00,2026-05-22 05:30:00,85.473
2026-05-22 05:45:00,2026-05-22 05:45:00,85.471
2026-05-22 06:00:00,2026-05-22 06:00:00,85.475
2026-05-22 06:15:00,2026-05-22 06:15:00,85.478
2026-05-22 06:30:00,2026-05-22 06:30:00,85.482
2026-05-22 06:45:00,2026-05-22 06:45:00,85.479
2026-05-22 07:00:00,2026-05-22 07:00:00,85.475
2026-05-22 07:15:00,2026-05-22 07:15:00,85.461
2026-05-22 07:30:00,2026-05-22 07:30:00,85.464
2026-05-22 07:45:00,2026-05-22 07:45:00,85.467
2026-05-22 08:00:00,2026-05-22 08:00:00,85.469
2026-05-22 08:15:00,2026-05-22 08:15:00,85.459
2026-05-22 08:30:00,2026-05-22 08:30:00,85.456
2026-05-22 08:45:00,2026-05-22 08:45:00,85.453
2026-05-22 09:00:00,2026-05-22 09:00:00,85.45
2026-05-22 09:15:00,2026-05-22 09:15:00,85.454
2026-05-22 09:30:00,2026-05-22 09:30:00,85.452
2026-05-22 09:45:00,2026-05-22 09:45:00,85.45
2026-05-22 10:00:00,2026-05-22 10:00:00,85.452
2026-05-22 10:15:00,2026-05-22 10:15:00,85.449
2026-05-22 10:30:00,2026-05-22 10:30:00,85.449
2026-05-22 10:45:00,2026-05-22 10:45:00,85.452
2026-05-22 11:00:00,2026-05-22 11:00:00,85.449
2026-05-22 11:15:00,2026-05-22 11:15:00,85.438
2026-05-22 11:30:00,2026-05-22 11:30:00,85.438
2026-05-22 11:45:00,2026-05-22 11:45:00,85.456
2026-05-22 12:00:00,2026-05-22 12:00:00,85.444
2026-05-22 12:15:00,2026-05-22 12:15:00,85.446
2026-05-22 12:30:00,2026-05-22 12:30:00,85.445
2026-05-22 12:45:00,2026-05-22 12:45:00,85.441
2026-05-22 13:00:00,2026-05-22 13:00:00,85.435
2026-05-22 13:15:00,2026-05-22 13:15:00,85.435
2026-05-22 13:30:00,2026-05-22 13:30:00,85.433
2026-05-22 13:45:00,2026-05-22 13:45:00,85.441
2026-05-22 14:00:00,2026-05-22 14:00:00,85.437
2026-05-22 14:15:00,2026-05-22 14:15:00,85.439
2026-05-22 14:30:00,2026-05-22 14:30:00,85.441
2026-05-22 14:45:00,2026-05-22 14:45:00,85.442
2026-05-22 15:00:00,2026-05-22 15:00:00,85.442
2026-05-22 15:15:00,2026-05-22 15:15:00,85.437
2026-05-22 15:30:00,2026-05-22 15:30:00,85.437
2026-05-22 15:45:00,2026-05-22 15:45:00,85.434
2026-05-22 16:00:00,2026-05-22 16:00:00,85.434
2026-05-22 16:15:00,2026-05-22 16:15:00,85.44
2026-05-22 16:30:00,2026-05-22 16:30:00,85.447
2026-05-22 16:45:00,2026-05-22 16:45:00,85.443
2026-05-22 17:00:00,2026-05-22 17:00:00,85.44
2026-05-22 17:15:00,2026-05-22 17:15:00,85.442
2026-05-22 17:30:00,2026-05-22 17:30:00,85.448
2026-05-22 17:45:00,2026-05-22 17:45:00,85.436
2026-05-22 18:00:00,2026-05-22 18:00:00,85.433
2026-05-22 18:15:00,2026-05-22 18:15:00,85.44
2026-05-22 18:30:00,2026-05-22 18:30:00,85.442
2026-05-22 18:45:00,2026-05-22 18:45:00,85.43
2026-05-22 19:00:00,2026-05-22 19:00:00,85.433
2026-05-22 19:15:00,2026-05-22 19:15:00,85.434
2026-05-22 19:30:00,2026-05-22 19:30:00,85.433
2026-05-22 19:45:00,2026-05-22 19:45:00,85.442
2026-05-22 20:00:00,2026-05-22 20:00:00,85.439
2026-05-22 20:15:00,2026-05-22 20:15:00,85.433
2026-05-22 20:30:00,2026-05-22 20:30:00,85.434
2026-05-22 20:45:00,2026-05-22 20:45:00,85.433
2026-05-22 21:00:00,2026-05-22 21:00:00,85.438
2026-05-22 21:15:00,2026-05-22 21:15:00,85.44
2026-05-22 21:30:00,2026-05-22 21:30:00,85.446
2026-05-22 21:45:00,2026-05-22 21:45:00,85.437
2026-05-22 22:00:00,2026-05-22 22:00:00,85.44
2026-05-22 22:15:00,2026-05-22 22:15:00,85.436
2026-05-22 22:30:00,2026-05-22 22:30:00,85.437
2026-05-22 22:45:00,2026-05-22 22:45:00,85.443
2026-05-22 23:00:00,2026-05-22 23:00:00,85.44
2026-05-22 23:15:00,2026-05-22 23:15:00,85.44
2026-05-22 23:30:00,2026-05-22 23:30:00,85.439
2026-05-22 23:45:00,2026-05-22 23:45:00,85.44
2026-05-23 00:00:00,2026-05-23 00:00:00,85.437
2026-05-23 00:15:00,2026-05-23 00:15:00,85.434
2026-05-23 00:30:00,2026-05-23 00:30:00,85.434
2026-05-23 00:45:00,2026-05-23 00:45:00,85.437
2026-05-23 01:00:00,2026-05-23 01:00:00,85.433
2026-05-23 01:15:00,2026-05-23 01:15:00,85.435
2026-05-23 01:30:00,2026-05-23 01:30:00,85.437
2026-05-23 01:45:00,2026-05-23 01:45:00,85.434
2026-05-23 02:00:00,2026-05-23 02:00:00,85.435
2026-05-23 02:15:00,2026-05-23 02:15:00,85.435
2026-05-23 02:30:00,2026-05-23 02:30:00,85.433
2026-05-23 02:45:00,2026-05-23 02:45:00,85.437
2026-05-23 03:00:00,2026-05-23 03:00:00,85.434
2026-05-23 03:15:00,2026-05-23 03:15:00,85.433
2026-05-23 03:30:00,2026-05-23 03:30:00,85.434
2026-05-23 03:45:00,2026-05-23 03:45:00,85.434
2026-05-23 04:00:00,2026-05-23 04:00:00,85.43
2026-05-23 04:15:00,2026-05-23 04:15:00,85.43
2026-05-23 04:30:00,2026-05-23 04:30:00,85.43
2026-05-23 04:45:00,2026-05-23 04:45:00,85.432
2026-05-23 05:00:00,2026-05-23 05:00:00,85.434
2026-05-23 05:15:00,2026-05-23 05:15:00,85.446
2026-05-23 05:30:00,2026-05-23 05:30:00,85.446
2026-05-23 05:45:00,2026-05-23 05:45:00,85.429
2026-05-23 06:00:00,2026-05-23 06:00:00,85.423
2026-05-23 06:15:00,2026-05-23 06:15:00,85.428
2026-05-23 06:30:00,2026-05-23 06:30:00,85.423
2026-05-23 06:45:00,2026-05-23 06:45:00,85.434
2026-05-23 07:00:00,2026-05-23 07:00:00,85.438
2026-05-23 07:15:00,2026-05-23 07:15:00,85.433
2026-05-23 07:30:00,2026-05-23 07:30:00,85.428
2026-05-23 07:45:00,2026-05-23 07:45:00,85.422
2026-05-23 08:00:00,2026-05-23 08:00:00,85.422
2026-05-23 08:15:00,2026-05-23 08:15:00,85.429
2026-05-23 08:30:00,2026-05-23 08:30:00,85.432
2026-05-23 08:45:00,2026-05-23 08:45:00,85.43
2026-05-23 09:00:00,2026-05-23 09:00:00,85.43
2026-05-23 09:15:00,2026-05-23 09:15:00,85.416
2026-05-23 09:30:00,2026-05-23 09:30:00,85.417
2026-05-23 09:45:00,2026-05-23 09:45:00,85.421
2026-05-23 10:00:00,2026-05-23 10:00:00,85.418
2026-05-23 10:15:00,2026-05-23 10:15:00,85.426
2026-05-23 10:30:00,2026-05-23 10:30:00,85.418
2026-05-23 10:45:00,2026-05-23 10:45:00,85.414
2026-05-23 11:00:00,2026-05-23 11:00:00,85.404
2026-05-23 11:15:00,2026-05-23 11:15:00,85.409
2026-05-23 11:30:00,2026-05-23 11:30:00,85.414
2026-05-23 11:45:00,2026-05-23 11:45:00,85.422
2026-05-23 12:00:00,2026-05-23 12:00:00,85.417
2026-05-23 12:15:00,2026-05-23 12:15:00,85.415
2026-05-23 12:30:00,2026-05-23 12:30:00,85.409
2026-05-23 12:45:00,2026-05-23 12:45:00,85.408
2026-05-23 13:00:00,2026-05-23 13:00:00,85.409
2026-05-23 13:15:00,2026-05-23 13:15:00,85.401
2026-05-23 13:30:00,2026-05-23 13:30:00,85.405
2026-05-23 13:45:00,2026-05-23 13:45:00,85.408
2026-05-23 14:00:00,2026-05-23 14:00:00,85.409
2026-05-23 14:15:00,2026-05-23 14:15:00,85.403
2026-05-23 14:30:00,2026-05-23 14:30:00,85.408
2026-05-23 14:45:00,2026-05-23 14:45:00,85.403
2026-05-23 15:00:00,2026-05-23 15:00:00,85.406
2026-05-23 15:15:00,2026-05-23 15:15:00,85.407
2026-05-23 15:30:00,2026-05-23 15:30:00,85.404
2026-05-23 15:45:00,2026-05-23 15:45:00,85.397
2026-05-23 16:00:00,2026-05-23 16:00:00,85.399
2026-05-23 16:15:00,2026-05-23 16:15:00,85.402
2026-05-23 16:30:00,2026-05-23 16:30:00,85.402
2026-05-23 16:45:00,2026-05-23 16:45:00,85.4
2026-05-23 17:00:00,2026-05-23 17:00:00,85.399
2026-05-23 17:15:00,2026-05-23 17:15:00,85.39
2026-05-23 17:30:00,2026-05-23 17:30:00,85.392
2026-05-23 17:45:00,2026-05-23 17:45:00,85.397
2026-05-23 18:00:00,2026-05-23 18:00:00,85.394
2026-05-23 18:15:00,2026-05-23 18:15:00,85.397
2026-05-23 18:30:00,2026-05-23 18:30:00,85.39
2026-05-23 18:45:00,2026-05-23 18:45:00,85.394
2026-05-23 19:00:00,2026-05-23 19:00:00,85.388
2026-05-23 19:15:00,2026-05-23 19:15:00,85.381
2026-05-23 19:30:00,2026-05-23 19:30:00,85.391
2026-05-23 19:45:00,2026-05-23 19:45:00,85.401
2026-05-23 20:00:00,2026-05-23 20:00:00,85.399
2026-05-23 20:15:00,2026-05-23 20:15:00,85.393
2026-05-23 20:30:00,2026-05-23 20:30:00,85.396
2026-05-23 20:45:00,2026-05-23 20:45:00,85.393
2026-05-23 21:00:00,2026-05-23 21:00:00,85.396
2026-05-23 21:15:00,2026-05-23 21:15:00,85.405
2026-05-23 21:30:00,2026-05-23 21:30:00,85.404
2026-05-23 21:45:00,2026-05-23 21:45:00,85.406
2026-05-23 22:00:00,2026-05-23 22:00:00,85.401
2026-05-23 22:15:00,2026-05-23 22:15:00,85.394
2026-05-23 22:30:00,2026-05-23 22:30:00,85.39
2026-05-23 22:45:00,2026-05-23 22:45:00,85.394
2026-05-23 23:00:00,2026-05-23 23:00:00,85.391
2026-05-23 23:15:00,2026-05-23 23:15:00,85.396
2026-05-23 23:30:00,2026-05-23 23:30:00,85.401
2026-05-23 23:45:00,2026-05-23 23:45:00,85.398
2026-05-24 00:00:00,2026-05-24 00:00:00,85.399
2026-05-24 00:15:00,2026-05-24 00:15:00,85.396
2026-05-24 00:30:00,2026-05-24 00:30:00,85.4
2026-05-24 00:45:00,2026-05-24 00:45:00,85.392
2026-05-24 01:00:00,2026-05-24 01:00:00,85.39
2026-05-24 01:15:00,2026-05-24 01:15:00,85.394
2026-05-24 01:30:00,2026-05-24 01:30:00,85.403
2026-05-24 01:45:00,2026-05-24 01:45:00,85.405
2026-05-24 02:00:00,2026-05-24 02:00:00,85.407
2026-05-24 02:15:00,2026-05-24 02:15:00,85.401
2026-05-24 02:30:00,2026-05-24 02:30:00,85.394
2026-05-24 02:45:00,2026-05-24 02:45:00,85.393
2026-05-24 03:00:00,2026-05-24 03:00:00,85.391
2026-05-24 03:15:00,2026-05-24 03:15:00,85.4
2026-05-24 03:30:00,2026-05-24 03:30:00,85.4
2026-05-24 03:45:00,2026-05-24 03:45:00,85.399
2026-05-24 04:00:00,2026-05-24 04:00:00,85.395
2026-05-24 04:15:00,2026-05-24 04:15:00,85.391
2026-05-24 04:30:00,2026-05-24 04:30:00,85.389
2026-05-24 04:45:00,2026-05-24 04:45:00,85.397
2026-05-24 05:00:00,2026-05-24 05:00:00,85.401
2026-05-24 05:15:00,2026-05-24 05:15:00,85.401
2026-05-24 05:30:00,2026-05-24 05:30:00,85.404
2026-05-24 05:45:00,2026-05-24 05:45:00,85.382
2026-05-24 06:00:00,2026-05-24 06:00:00,85.381
2026-05-24 06:15:00,2026-05-24 06:15:00,85.391
2026-05-24 06:30:00,2026-05-24 06:30:00,85.396
2026-05-24 06:45:00,2026-05-24 06:45:00,85.398
2026-05-24 07:00:00,2026-05-24 07:00:00,85.395
2026-05-24 07:15:00,2026-05-24 07:15:00,85.396
2026-05-24 07:30:00,2026-05-24 07:30:00,85.395
2026-05-24 07:45:00,2026-05-24 07:45:00,85.389
2026-05-24 08:00:00,2026-05-24 08:00:00,85.393
2026-05-24 08:15:00,2026-05-24 08:15:00,85.389
2026-05-24 08:30:00,2026-05-24 08:30:00,85.388
2026-05-24 08:45:00,2026-05-24 08:45:00,85.382
2026-05-24 09:00:00,2026-05-24 09:00:00,85.381
2026-05-24 09:15:00,2026-05-24 09:15:00,85.381
2026-05-24 09:30:00,2026-05-24 09:30:00,85.377
2026-05-24 09:45:00,2026-05-24 09:45:00,85.385
2026-05-24 10:00:00,2026-05-24 10:00:00,85.376
2026-05-24 10:15:00,2026-05-24 10:15:00,85.374
2026-05-24 10:30:00,2026-05-24 10:30:00,85.367
2026-05-24 10:45:00,2026-05-24 10:45:00,85.368
2026-05-24 11:00:00,2026-05-24 11:00:00,85.362
2026-05-24 11:15:00,2026-05-24 11:15:00,85.372
2026-05-24 11:30:00,2026-05-24 11:30:00,85.37
2026-05-24 11:45:00,2026-05-24 11:45:00,85.363
2026-05-24 12:00:00,2026-05-24 12:00:00,85.356
2026-05-24 12:15:00,2026-05-24 12:15:00,85.362
2026-05-24 12:30:00,2026-05-24 12:30:00,85.358
2026-05-24 12:45:00,2026-05-24 12:45:00,85.362
2026-05-24 13:00:00,2026-05-24 13:00:00,85.369
2026-05-24 13:15:00,2026-05-24 13:15:00,85.346
2026-05-24 13:30:00,2026-05-24 13:30:00,85.346
2026-05-24 13:45:00,2026-05-24 13:45:00,85.347
2026-05-24 14:00:00,2026-05-24 14:00:00,85.356
2026-05-24 14:15:00,2026-05-24 14:15:00,85.354
2026-05-24 14:30:00,2026-05-24 14:30:00,85.364
2026-05-24 14:45:00,2026-05-24 14:45:00,85.361
2026-05-24 15:00:00,2026-05-24 15:00:00,85.364
2026-05-24 15:15:00,2026-05-24 15:15:00,85.352
2026-05-24 15:30:00,2026-05-24 15:30:00,85.359
2026-05-24 15:45:00,2026-05-24 15:45:00,85.361
2026-05-24 16:00:00,2026-05-24 16:00:00,85.361
2026-05-24 16:15:00,2026-05-24 16:15:00,85.363
2026-05-24 16:30:00,2026-05-24 16:30:00,85.36
2026-05-24 16:45:00,2026-05-24 16:45:00,85.351
2026-05-24 17:00:00,2026-05-24 17:00:00,85.353
2026-05-24 17:15:00,2026-05-24 17:15:00,85.352
2026-05-24 17:30:00,2026-05-24 17:30:00,85.353
2026-05-24 17:45:00,2026-05-24 17:45:00,85.354
2026-05-24 18:00:00,2026-05-24 18:00:00,85.355
2026-05-24 18:15:00,2026-05-24 18:15:00,85.342
2026-05-24 18:30:00,2026-05-24 18:30:00,85.342
2026-05-24 18:45:00,2026-05-24 18:45:00,85.346
2026-05-24 19:00:00,2026-05-24 19:00:00,85.346
2026-05-24 19:15:00,2026-05-24 19:15:00,85.348
2026-05-24 19:30:00,2026-05-24 19:30:00,85.348
2026-05-24 19:45:00,2026-05-24 19:45:00,85.35
2026-05-24 20:00:00,2026-05-24 20:00:00,85.357
2026-05-24 20:15:00,2026-05-24 20:15:00,85.352
2026-05-24 20:30:00,2026-05-24 20:30:00,85.352
2026-05-24 20:45:00,2026-05-24 20:45:00,85.348
2026-05-24 21:00:00,2026-05-24 21:00:00,85.353
2026-05-24 21:15:00,2026-05-24 21:15:00,85.357
2026-05-24 21:30:00,2026-05-24 21:30:00,85.358
2026-05-24 21:45:00,2026-05-24 21:45:00,85.354
2026-05-24 22:00:00,2026-05-24 22:00:00,85.351
2026-05-24 22:15:00,2026-05-24 22:15:00,85.349
2026-05-24 22:30:00,2026-05-24 22:30:00,85.347
2026-05-24 22:45:00,2026-05-24 22:45:00,85.344
2026-05-24 23:00:00,2026-05-24 23:00:00,85.345
2026-05-24 23:15:00,2026-05-24 23:15:00,85.348
2026-05-24 23:30:00,2026-05-24 23:30:00,85.347
2026-05-24 23:45:00,2026-05-24 23:45:00,85.348
2026-05-25 00:00:00,2026-05-25 00:00:00,85.35
2026-05-25 00:15:00,2026-05-25 00:15:00,85.349
2026-05-25 00:30:00,2026-05-25 00:30:00,85.343
2026-05-25 00:45:00,2026-05-25 00:45:00,85.347
2026-05-25 01:00:00,2026-05-25 01:00:00,85.345
2026-05-25 01:15:00,2026-05-25 01:15:00,85.347
2026-05-25 01:30:00,2026-05-25 01:30:00,85.345
2026-05-25 01:45:00,2026-05-25 01:45:00,85.343
2026-05-25 02:00:00,2026-05-25 02:00:00,85.346
2026-05-25 02:15:00,2026-05-25 02:15:00,85.351
2026-05-25 02:30:00,2026-05-25 02:30:00,85.351
2026-05-25 02:45:00,2026-05-25 02:45:00,85.354
2026-05-25 03:00:00,2026-05-25 03:00:00,85.35
2026-05-25 03:15:00,2026-05-25 03:15:00,85.339
2026-05-25 03:30:00,2026-05-25 03:30:00,85.338
2026-05-25 03:45:00,2026-05-25 03:45:00,85.338
2026-05-25 04:00:00,2026-05-25 04:00:00,85.338
2026-05-25 04:15:00,2026-05-25 04:15:00,85.348
2026-05-25 04:30:00,2026-05-25 04:30:00,85.35
2026-05-25 04:45:00,2026-05-25 04:45:00,85.336
2026-05-25 05:00:00,2026-05-25 05:00:00,85.328
2026-05-25 05:15:00,2026-05-25 05:15:00,85.328
2026-05-25 05:30:00,2026-05-25 05:30:00,85.327
2026-05-25 05:45:00,2026-05-25 05:45:00,85.337
2026-05-25 06:00:00,2026-05-25 06:00:00,85.339
2026-05-25 06:15:00,2026-05-25 06:15:00,85.342
2026-05-25 06:30:00,2026-05-25 06:30:00,85.339
2026-05-25 06:45:00,2026-05-25 06:45:00,85.324
2026-05-25 07:00:00,2026-05-25 07:00:00,85.322
2026-05-25 07:15:00,2026-05-25 07:15:00,85.328
2026-05-25 07:30:00,2026-05-25 07:30:00,85.326
2026-05-25 07:45:00,2026-05-25 07:45:00,85.336
2026-05-25 08:00:00,2026-05-25 08:00:00,85.337
2026-05-25 08:15:00,2026-05-25 08:15:00,85.33
2026-05-25 08:30:00,2026-05-25 08:30:00,85.326
2026-05-25 08:45:00,2026-05-25 08:45:00,85.338
2026-05-25 09:00:00,2026-05-25 09:00:00,85.339
2026-05-25 09:15:00,2026-05-25 09:15:00,85.33
2026-05-25 09:30:00,2026-05-25 09:30:00,85.328
2026-05-25 09:45:00,2026-05-25 09:45:00,85.316
2026-05-25 10:00:00,2026-05-25 10:00:00,85.319
2026-05-25 10:15:00,2026-05-25 10:15:00,85.319
2026-05-25 10:30:00,2026-05-25 10:30:00,85.314
2026-05-25 10:45:00,2026-05-25 10:45:00,85.323
2026-05-25 11:00:00,2026-05-25 11:00:00,85.329
2026-05-25 11:15:00,2026-05-25 11:15:00,85.313
2026-05-25 11:30:00,2026-05-25 11:30:00,85.32
2026-05-25 11:45:00,2026-05-25 11:45:00,85.312
2026-05-25 12:00:00,2026-05-25 12:00:00,85.322
2026-05-25 12:15:00,2026-05-25 12:15:00,85.314
2026-05-25 12:30:00,2026-05-25 12:30:00,85.301
2026-05-25 12:45:00,2026-05-25 12:45:00,85.294
2026-05-25 13:00:00,2026-05-25 13:00:00,85.296
2026-05-25 13:15:00,2026-05-25 13:15:00,85.305
2026-05-25 13:30:00,2026-05-25 13:30:00,85.305
2026-05-25 13:45:00,2026-05-25 13:45:00,85.31
2026-05-25 14:00:00,2026-05-25 14:00:00,85.306
2026-05-25 14:15:00,2026-05-25 14:15:00,85.305
2026-05-25 14:30:00,2026-05-25 14:30:00,85.302
2026-05-25 14:45:00,2026-05-25 14:45:00,85.29
2026-05-25 15:00:00,2026-05-25 15:00:00,85.292
2026-05-25 15:15:00,2026-05-25 15:15:00,85.301
2026-05-25 15:30:00,2026-05-25 15:30:00,85.308
2026-05-25 15:45:00,2026-05-25 15:45:00,85.301
2026-05-25 16:00:00,2026-05-25 16:00:00,85.301
2026-05-25 16:15:00,2026-05-25 16:15:00,85.303
2026-05-25 16:30:00,2026-05-25 16:30:00,85.304
2026-05-25 16:45:00,2026-05-25 16:45:00,85.301
2026-05-25 17:00:00,2026-05-25 17:00:00,85.301
2026-05-25 17:15:00,2026-05-25 17:15:00,85.299
2026-05-25 17:30:00,2026-05-25 17:30:00,85.302
2026-05-25 17:45:00,2026-05-25 17:45:00,85.293
2026-05-25 18:00:00,2026-05-25 18:00:00,85.295
2026-05-25 18:15:00,2026-05-25 18:15:00,85.298
2026-05-25 18:30:00,2026-05-25 18:30:00,85.301
2026-05-25 18:45:00,2026-05-25 18:45:00,85.3
2026-05-25 19:00:00,2026-05-25 19:00:00,85.305
2026-05-25 19:15:00,2026-05-25 19:15:00,85.303
2026-05-25 19:30:00,2026-05-25 19:30:00,85.302
2026-05-25 19:45:00,2026-05-25 19:45:00,85.302
2026-05-25 20:00:00,2026-05-25 20:00:00,85.305
2026-05-25 20:15:00,2026-05-25 20:15:00,85.303
2026-05-25 20:30:00,2026-05-25 20:30:00,85.29
2026-05-25 20:45:00,2026-05-25 20:45:00,85.297
2026-05-25 21:00:00,2026-05-25 21:00:00,85.297
2026-05-25 21:15:00,2026-05-25 21:15:00,85.296
2026-05-25 21:30:00,2026-05-25 21:30:00,85.292
2026-05-25 21:45:00,2026-05-25 21:45:00,85.3
2026-05-25 22:00:00,2026-05-25 22:00:00,85.3
2026-05-25 22:15:00,2026-05-25 22:15:00,85.3
2026-05-25 22:30:00,2026-05-25 22:30:00,85.297
2026-05-25 22:45:00,2026-05-25 22:45:00,85.294
2026-05-25 23:00:00,2026-05-25 23:00:00,85.295
2026-05-25 23:15:00,2026-05-25 23:15:00,85.307
2026-05-25 23:30:00,2026-05-25 23:30:00,85.304
2026-05-25 23:45:00,2026-05-25 23:45:00,85.298
2026-05-26 00:00:00,2026-05-26 00:00:00,85.296
2026-05-26 00:15:00,2026-05-26 00:15:00,85.303
2026-05-26 00:30:00,2026-05-26 00:30:00,85.302
2026-05-26 00:45:00,2026-05-26 00:45:00,85.307
2026-05-26 01:00:00,2026-05-26 01:00:00,85.303
2026-05-26 01:15:00,2026-05-26 01:15:00,85.303
2026-05-26 01:30:00,2026-05-26 01:30:00,85.298
2026-05-26 01:45:00,2026-05-26 01:45:00,85.288
2026-05-26 02:00:00,2026-05-26 02:00:00,85.296
2026-05-26 02:15:00,2026-05-26 02:15:00,85.304
2026-05-26 02:30:00,2026-05-26 02:30:00,85.308
2026-05-26 02:45:00,2026-05-26 02:45:00,85.307
2026-05-26 03:00:00,2026-05-26 03:00:00,85.302
2026-05-26 03:15:00,2026-05-26 03:15:00,85.3
2026-05-26 03:30:00,2026-05-26 03:30:00,85.304
2026-05-26 03:45:00,2026-05-26 03:45:00,85.295
2026-05-26 04:00:00,2026-05-26 04:00:00,85.294
2026-05-26 04:15:00,2026-05-26 04:15:00,85.298
2026-05-26 04:30:00,2026-05-26 04:30:00,85.295
2026-05-26 04:45:00,2026-05-26 04:45:00,85.308
2026-05-26 05:00:00,2026-05-26 05:00:00,85.325
2026-05-26 05:15:00,2026-05-26 05:15:00,85.317
2026-05-26 05:30:00,2026-05-26 05:30:00,85.316
2026-05-26 05:45:00,2026-05-26 05:45:00,85.302
2026-05-26 06:00:00,2026-05-26 06:00:00,85.308
2026-05-26 06:15:00,2026-05-26 06:15:00,85.298
2026-05-26 06:30:00,2026-05-26 06:30:00,85.303
2026-05-26 06:45:00,2026-05-26 06:45:00,85.301
2026-05-26 07:00:00,2026-05-26 07:00:00,85.301
2026-05-26 07:15:00,2026-05-26 07:15:00,85.299
2026-05-26 07:30:00,2026-05-26 07:30:00,85.301
2026-05-26 07:45:00,2026-05-26 07:45:00,85.286
2026-05-26 08:00:00,2026-05-26 08:00:00,85.282
2026-05-26 08:15:00,2026-05-26 08:15:00,85.288
2026-05-26 08:30:00,2026-05-26 08:30:00,85.287
2026-05-26 08:45:00,2026-05-26 08:45:00,85.289
2026-05-26 09:00:00,2026-05-26 09:00:00,85.297
2026-05-26 09:15:00,2026-05-26 09:15:00,85.292
2026-05-26 09:30:00,2026-05-26 09:30:00,85.28
2026-05-26 09:45:00,2026-05-26 09:45:00,85.284
2026-05-26 10:00:00,2026-05-26 10:00:00,85.279
2026-05-26 10:15:00,2026-05-26 10:15:00,85.274
2026-05-26 10:30:00,2026-05-26 10:30:00,85.284
2026-05-26 10:45:00,2026-05-26 10:45:00,85.287
2026-05-26 11:00:00,2026-05-26 11:00:00,85.292
2026-05-26 11:15:00,2026-05-26 11:15:00,85.282
2026-05-26 11:30:00,2026-05-26 11:30:00,85.292
2026-05-26 11:45:00,2026-05-26 11:45:00,85.28
2026-05-26 12:00:00,2026-05-26 12:00:00,85.281
2026-05-26 12:15:00,2026-05-26 12:15:00,85.272
2026-05-26 12:30:00,2026-05-26 12:30:00,85.264
2026-05-26 12:45:00,2026-05-26 12:45:00,85.271
2026-05-26 13:00:00,2026-05-26 13:00:00,85.277
2026-05-26 13:15:00,2026-05-26 13:15:00,85.272
2026-05-26 13:30:00,2026-05-26 13:30:00,85.281
2026-05-26 13:45:00,2026-05-26 13:45:00,85.275
2026-05-26 14:00:00,2026-05-26 14:00:00,85.28
2026-05-26 14:15:00,2026-05-26 14:15:00,85.272
2026-05-26 14:30:00,2026-05-26 14:30:00,85.265
2026-05-26 14:45:00,2026-05-26 14:45:00,85.263
2026-05-26 15:00:00,2026-05-26 15:00:00,85.263
2026-05-26 15:15:00,2026-05-26 15:15:00,85.271
2026-05-26 15:30:00,2026-05-26 15:30:00,85.268
2026-05-26 15:45:00,2026-05-26 15:45:00,85.263
2026-05-26 16:00:00,2026-05-26 16:00:00,85.27
2026-05-26 16:15:00,2026-05-26 16:15:00,85.261
2026-05-26 16:30:00,2026-05-26 16:30:00,85.265
2026-05-26 16:45:00,2026-05-26 16:45:00,85.265
2026-05-26 17:00:00,2026-05-26 17:00:00,85.256
2026-05-26 17:15:00,2026-05-26 17:15:00,85.259
2026-05-26 17:30:00,2026-05-26 17:30:00,85.259
2026-05-26 17:45:00,2026-05-26 17:45:00,85.271
2026-05-26 18:00:00,2026-05-26 18:00:00,85.269
2026-05-26 18:15:00,2026-05-26 18:15:00,85.261
2026-05-26 18:30:00,2026-05-26 18:30:00,85.267
2026-05-26 18:45:00,2026-05-26 18:45:00,85.26
2026-05-26 19:00:00,2026-05-26 19:00:00,85.262
2026-05-26 19:15:00,2026-05-26 19:15:00,85.265
2026-05-26 19:30:00,2026-05-26 19:30:00,85.266
2026-05-26 19:45:00,2026-05-26 19:45:00,85.256
2026-05-26 20:00:00,2026-05-26 20:00:00,85.262
2026-05-26 20:15:00,2026-05-26 20:15:00,85.268
2026-05-26 20:30:00,2026-05-26 20:30:00,85.26
2026-05-26 20:45:00,2026-05-26 20:45:00,85.261
2026-05-26 21:00:00,2026-05-26 21:00:00,85.259
2026-05-26 21:15:00,2026-05-26 21:15:00,85.259
2026-05-26 21:30:00,2026-05-26 21:30:00,85.261
2026-05-26 21:45:00,2026-05-26 21:45:00,85.259
2026-05-26 22:00:00,2026-05-26 22:00:00,85.259
2026-05-26 22:15:00,2026-05-26 22:15:00,85.262
2026-05-26 22:30:00,2026-05-26 22:30:00,85.264
2026-05-26 22:45:00,2026-05-26 22:45:00,85.263
2026-05-26 23:00:00,2026-05-26 23:00:00,85.258
2026-05-26 23:15:00,2026-05-26 23:15:00,85.266
2026-05-26 23:30:00,2026-05-26 23:30:00,85.27
2026-05-26 23:45:00,2026-05-26 23:45:00,85.258
2026-05-27 00:00:00,2026-05-27 00:00:00,85.26
2026-05-27 00:15:00,2026-05-27 00:15:00,85.259
2026-05-27 00:30:00,2026-05-27 00:30:00,85.257
2026-05-27 00:45:00,2026-05-27 00:45:00,85.267
2026-05-27 01:00:00,2026-05-27 01:00:00,85.265
2026-05-27 01:15:00,2026-05-27 01:15:00,85.264
2026-05-27 01:30:00,2026-05-27 01:30:00,85.262
2026-05-27 01:45:00,2026-05-27 01:45:00,85.254
2026-05-27 02:00:00,2026-05-27 02:00:00,85.253
2026-05-27 02:15:00,2026-05-27 02:15:00,85.252
2026-05-27 02:30:00,2026-05-27 02:30:00,85.25
2026-05-27 02:45:00,2026-05-27 02:45:00,85.26
2026-05-27 03:00:00,2026-05-27 03:00:00,85.259
2026-05-27 03:15:00,2026-05-27 03:15:00,85.257
2026-05-27 03:30:00,2026-05-27 03:30:00,85.255
2026-05-27 03:45:00,2026-05-27 03:45:00,85.253
2026-05-27 04:00:00,2026-05-27 04:00:00,85.247
2026-05-27 04:15:00,2026-05-27 04:15:00,85.255
2026-05-27 04:30:00,2026-05-27 04:30:00,85.26
2026-05-27 04:45:00,2026-05-27 04:45:00,85.266
2026-05-27 05:00:00,2026-05-27 05:00:00,85.264
2026-05-27 05:15:00,2026-05-27 05:15:00,85.262
2026-05-27 05:30:00,2026-05-27 05:30:00,85.254
2026-05-27 05:45:00,2026-05-27 05:45:00,85.252
2026-05-27 06:00:00,2026-05-27 06:00:00,85.254
2026-05-27 06:15:00,2026-05-27 06:15:00,85.248
2026-05-27 06:30:00,2026-05-27 06:30:00,85.251
2026-05-27 06:45:00,2026-05-27 06:45:00,85.24
2026-05-27 07:00:00,2026-05-27 07:00:00,85.242
2026-05-27 07:15:00,2026-05-27 07:15:00,85.25
2026-05-27 07:30:00,2026-05-27 07:30:00,85.248
2026-05-27 07:45:00,2026-05-27 07:45:00,85.246
2026-05-27 08:00:00,2026-05-27 08:00:00,85.248
2026-05-27 08:15:00,2026-05-27 08:15:00,85.236
2026-05-27 08:30:00,2026-05-27 08:30:00,85.231
2026-05-27 08:45:00,2026-05-27 08:45:00,85.238
2026-05-27 09:00:00,2026-05-27 09:00:00,85.229
2026-05-27 09:15:00,2026-05-27 09:15:00,85.241
2026-05-27 09:30:00,2026-05-27 09:30:00,85.235
2026-05-27 09:45:00,2026-05-27 09:45:00,85.228
2026-05-27 10:00:00,2026-05-27 10:00:00,85.223
2026-05-27 10:15:00,2026-05-27 10:15:00,85.225
2026-05-27 10:30:00,2026-05-27 10:30:00,85.23
2026-05-27 10:45:00,2026-05-27 10:45:00,85.229
2026-05-27 11:00:00,2026-05-27 11:00:00,85.226
2026-05-27 11:15:00,2026-05-27 11:15:00,85.213
2026-05-27 11:30:00,2026-05-27 11:30:00,85.218
2026-05-27 11:45:00,2026-05-27 11:45:00,85.22
2026-05-27 12:00:00,2026-05-27 12:00:00,85.226
2026-05-27 12:15:00,2026-05-27 12:15:00,85.224
2026-05-27 12:30:00,2026-05-27 12:30:00,85.225
2026-05-27 12:45:00,2026-05-27 12:45:00,85.222
2026-05-27 13:00:00,2026-05-27 13:00:00,85.223
2026-05-27 13:15:00,2026-05-27 13:15:00,85.242
2026-05-27 13:30:00,2026-05-27 13:30:00,85.236
2026-05-27 13:45:00,2026-05-27 13:45:00,85.217
2026-05-27 14:00:00,2026-05-27 14:00:00,85.219
2026-05-27 14:15:00,2026-05-27 14:15:00,85.215
2026-05-27 14:30:00,2026-05-27 14:30:00,85.227
2026-05-27 14:45:00,2026-05-27 14:45:00,85.237
2026-05-27 15:00:00,2026-05-27 15:00:00,85.233
2026-05-27 15:15:00,2026-05-27 15:15:00,85.228
2026-05-27 15:30:00,2026-05-27 15:30:00,85.241
2026-05-27 15:45:00,2026-05-27 15:45:00,85.234
2026-05-27 16:00:00,2026-05-27 16:00:00,85.227
2026-05-27 16:15:00,2026-05-27 16:15:00,85.213
2026-05-27 16:30:00,2026-05-27 16:30:00,85.216
2026-05-27 16:45:00,2026-05-27 16:45:00,85.218
2026-05-27 17:00:00,2026-05-27 17:00:00,85.222
2026-05-27 17:15:00,2026-05-27 17:15:00,85.215
2026-05-27 17:30:00,2026-05-27 17:30:00,85.212
2026-05-27 17:45:00,2026-05-27 17:45:00,85.212
2026-05-27 18:00:00,2026-05-27 18:00:00,85.202
2026-05-27 18:15:00,2026-05-27 18:15:00,85.211
2026-05-27 18:30:00,2026-05-27 18:30:00,85.218
2026-05-27 18:45:00,2026-05-27 18:45:00,85.217
2026-05-27 19:00:00,2026-05-27 19:00:00,85.214
2026-05-27 19:15:00,2026-05-27 19:15:00,85.207
2026-05-27 19:30:00,2026-05-27 19:30:00,85.21
2026-05-27 19:45:00,2026-05-27 19:45:00,85.202
2026-05-27 20:00:00,2026-05-27 20:00:00,85.198
2026-05-27 20:15:00,2026-05-27 20:15:00,85.211
2026-05-27 20:30:00,2026-05-27 20:30:00,85.211
2026-05-27 20:45:00,2026-05-27 20:45:00,85.216
2026-05-27 21:00:00,2026-05-27 21:00:00,85.216
2026-05-27 21:15:00,2026-05-27 21:15:00,85.213
2026-05-27 21:30:00,2026-05-27 21:30:00,85.21
2026-05-27 21:45:00,2026-05-27 21:45:00,85.209
2026-05-27 22:00:00,2026-05-27 22:00:00,85.211
2026-05-27 22:15:00,2026-05-27 22:15:00,85.212
2026-05-27 22:30:00,2026-05-27 22:30:00,85.211
2026-05-27 22:45:00,2026-05-27 22:45:00,85.209
2026-05-27 23:00:00,2026-05-27 23:00:00,85.21
2026-05-27 23:15:00,2026-05-27 23:15:00,85.213
2026-05-27 23:30:00,2026-05-27 23:30:00,85.206
2026-05-27 23:45:00,2026-05-27 23:45:00,85.206
2026-05-28 00:00:00,2026-05-28 00:00:00,85.207
2026-05-28 00:15:00,2026-05-28 00:15:00,85.213
2026-05-28 00:30:00,2026-05-28 00:30:00,85.21
2026-05-28 00:45:00,2026-05-28 00:45:00,85.205
2026-05-28 01:00:00,2026-05-28 01:00:00,85.209
2026-05-28 01:15:00,2026-05-28 01:15:00,85.203
2026-05-28 01:30:00,2026-05-28 01:30:00,85.196
2026-05-28 01:45:00,2026-05-28 01:45:00,85.204
2026-05-28 02:00:00,2026-05-28 02:00:00,85.21
2026-05-28 02:15:00,2026-05-28 02:15:00,85.208
2026-05-28 02:30:00,2026-05-28 02:30:00,85.209
2026-05-28 02:45:00,2026-05-28 02:45:00,85.21
2026-05-28 03:00:00,2026-05-28 03:00:00,85.208
2026-05-28 03:15:00,2026-05-28 03:15:00,85.202
2026-05-28 03:30:00,2026-05-28 03:30:00,85.204
2026-05-28 03:45:00,2026-05-28 03:45:00,85.203
2026-05-28 04:00:00,2026-05-28 04:00:00,85.197
2026-05-28 04:15:00,2026-05-28 04:15:00,85.201
2026-05-28 04:30:00,2026-05-28 04:30:00,85.198
2026-05-28 04:45:00,2026-05-28 04:45:00,85.2
2026-05-28 05:00:00,2026-05-28 05:00:00,85.197
2026-05-28 05:15:00,2026-05-28 05:15:00,85.205
2026-05-28 05:30:00,2026-05-28 05:30:00,85.204
2026-05-28 05:45:00,2026-05-28 05:45:00,85.197
2026-05-28 06:00:00,2026-05-28 06:00:00,85.203
2026-05-28 06:15:00,2026-05-28 06:15:00,85.192
2026-05-28 06:30:00,2026-05-28 06:30:00,85.192
2026-05-28 06:45:00,2026-05-28 06:45:00,85.204
2026-05-28 07:00:00,2026-05-28 07:00:00,85.198
2026-05-28 07:15:00,2026-05-28 07:15:00,85.197
2026-05-28 07:30:00,2026-05-28 07:30:00,85.198
2026-05-28 07:45:00,2026-05-28 07:45:00,85.184
2026-05-28 08:00:00,2026-05-28 08:00:00,85.191
2026-05-28 08:15:00,2026-05-28 08:15:00,85.185
2026-05-28 08:30:00,2026-05-28 08:30:00,85.184
2026-05-28 08:45:00,2026-05-28 08:45:00,85.203
2026-05-28 09:00:00,2026-05-28 09:00:00,85.207
2026-05-28 09:15:00,2026-05-28 09:15:00,85.174
2026-05-28 09:30:00,2026-05-28 09:30:00,85.178
2026-05-28 09:45:00,2026-05-28 09:45:00,85.192
2026-05-28 10:00:00,2026-05-28 10:00:00,85.2
2026-05-28 10:15:00,2026-05-28 10:15:00,85.198
2026-05-28 10:30:00,2026-05-28 10:30:00,85.198
2026-05-28 10:45:00,2026-05-28 10:45:00,85.186
2026-05-28 11:00:00,2026-05-28 11:00:00,85.176
2026-05-28 11:15:00,2026-05-28 11:15:00,85.181
2026-05-28 11:30:00,2026-05-28 11:30:00,85.183
2026-05-28 11:45:00,2026-05-28 11:45:00,85.181
2026-05-28 12:00:00,2026-05-28 12:00:00,85.174
2026-05-28 12:15:00,2026-05-28 12:15:00,85.182
2026-05-28 12:30:00,2026-05-28 12:30:00,85.18
2026-05-28 12:45:00,2026-05-28 12:45:00,85.183
2026-05-28 13:00:00,2026-05-28 13:00:00,85.183
2026-05-28 13:15:00,2026-05-28 13:15:00,85.188
2026-05-28 13:30:00,2026-05-28 13:30:00,85.195
2026-05-28 13:45:00,2026-05-28 13:45:00,85.2
2026-05-28 14:00:00,2026-05-28 14:00:00,85.202
2026-05-28 14:15:00,2026-05-28 14:15:00,85.202
2026-05-28 14:30:00,2026-05-28 14:30:00,85.202
2026-05-28 14:45:00,2026-05-28 14:45:00,85.191
2026-05-28 15:00:00,2026-05-28 15:00:00,85.194
2026-05-28 15:15:00,2026-05-28 15:15:00,85.202
2026-05-28 15:30:00,2026-05-28 15:30:00,85.202
2026-05-28 15:45:00,2026-05-28 15:45:00,85.194
2026-05-28 16:00:00,2026-05-28 16:00:00,85.192
2026-05-28 16:15:00,2026-05-28 16:15:00,85.2
2026-05-28 16:30:00,2026-05-28 16:30:00,85.19
2026-05-28 16:45:00,2026-05-28 16:45:00,85.196
2026-05-28 17:00:00,2026-05-28 17:00:00,85.191
2026-05-28 17:15:00,2026-05-28 17:15:00,85.188
2026-05-28 17:30:00,2026-05-28 17:30:00,85.197
2026-05-28 17:45:00,2026-05-28 17:45:00,85.191
2026-05-28 18:00:00,2026-05-28 18:00:00,85.185
2026-05-28 18:15:00,2026-05-28 18:15:00,85.179
2026-05-28 18:30:00,2026-05-28 18:30:00,85.184
2026-05-28 18:45:00,2026-05-28 18:45:00,85.191
2026-05-28 19:00:00,2026-05-28 19:00:00,85.195
2026-05-28 19:15:00,2026-05-28 19:15:00,85.18
2026-05-28 19:30:00,2026-05-28 19:30:00,85.179
2026-05-28 19:45:00,2026-05-28 19:45:00,85.192
2026-05-28 20:00:00,2026-05-28 20:00:00,85.192
2026-05-28 20:15:00,2026-05-28 20:15:00,85.199
2026-05-28 20:30:00,2026-05-28 20:30:00,85.2
2026-05-28 20:45:00,2026-05-28 20:45:00,85.195
2026-05-28 21:00:00,2026-05-28 21:00:00,85.192
2026-05-28 21:15:00,2026-05-28 21:15:00,85.194
2026-05-28 21:30:00,2026-05-28 21:30:00,85.192
2026-05-28 21:45:00,2026-05-28 21:45:00,85.195
2026-05-28 22:00:00,2026-05-28 22:00:00,85.194
2026-05-28 22:15:00,2026-05-28 22:15:00,85.201
2026-05-28 22:30:00,2026-05-28 22:30:00,85.195
2026-05-28 22:45:00,2026-05-28 22:45:00,85.19
2026-05-28 23:00:00,2026-05-28 23:00:00,85.189
2026-05-28 23:15:00,2026-05-28 23:15:00,85.194
2026-05-28 23:30:00,2026-05-28 23:30:00,85.188
2026-05-28 23:45:00,2026-05-28 23:45:00,85.186
2026-05-29 00:00:00,2026-05-29 00:00:00,85.187
2026-05-29 00:15:00,2026-05-29 00:15:00,85.194
2026-05-29 00:30:00,2026-05-29 00:30:00,85.198
2026-05-29 00:45:00,2026-05-29 00:45:00,85.186
2026-05-29 01:00:00,2026-05-29 01:00:00,85.186
2026-05-29 01:15:00,2026-05-29 01:15:00,85.184
2026-05-29 01:30:00,2026-05-29 01:30:00,85.187
2026-05-29 01:45:00,2026-05-29 01:45:00,85.191
2026-05-29 02:00:00,2026-05-29 02:00:00,85.19
2026-05-29 02:15:00,2026-05-29 02:15:00,85.185
2026-05-29 02:30:00,2026-05-29 02:30:00,85.18
2026-05-29 02:45:00,2026-05-29 02:45:00,85.189
2026-05-29 03:00:00,2026-05-29 03:00:00,85.183
2026-05-29 03:15:00,2026-05-29 03:15:00,85.19
2026-05-29 03:30:00,2026-05-29 03:30:00,85.191
2026-05-29 03:45:00,2026-05-29 03:45:00,85.184
2026-05-29 04:00:00,2026-05-29 04:00:00,85.19
2026-05-29 04:15:00,2026-05-29 04:15:00,85.179
2026-05-29 04:30:00,2026-05-29 04:30:00,85.175
2026-05-29 04:45:00,2026-05-29 04:45:00,85.187
2026-05-29 05:00:00,2026-05-29 05:00:00,85.19
2026-05-29 05:15:00,2026-05-29 05:15:00,85.186
2026-05-29 05:30:00,2026-05-29 05:30:00,85.19
2026-05-29 05:45:00,2026-05-29 05:45:00,85.189
2026-05-29 06:00:00,2026-05-29 06:00:00,85.191
2026-05-29 06:15:00,2026-05-29 06:15:00,85.187
2026-05-29 06:30:00,2026-05-29 06:30:00,85.187
2026-05-29 06:45:00,2026-05-29 06:45:00,85.187
2026-05-29 07:00:00,2026-05-29 07:00:00,85.181
2026-05-29 07:15:00,2026-05-29 07:15:00,85.191
2026-05-29 07:30:00,2026-05-29 07:30:00,85.186
2026-05-29 07:45:00,2026-05-29 07:45:00,85.191
2026-05-29 08:00:00,2026-05-29 08:00:00,85.183
2026-05-29 08:15:00,2026-05-29 08:15:00,85.187
2026-05-29 08:30:00,2026-05-29 08:30:00,85.188
2026-05-29 08:45:00,2026-05-29 08:45:00,85.187
2026-05-29 09:00:00,2026-05-29 09:00:00,85.186
2026-05-29 09:15:00,2026-05-29 09:15:00,85.197
2026-05-29 09:30:00,2026-05-29 09:30:00,85.198
2026-05-29 09:45:00,2026-05-29 09:45:00,85.178
2026-05-29 10:00:00,2026-05-29 10:00:00,85.178
2026-05-29 10:15:00,2026-05-29 10:15:00,85.176
2026-05-29 10:30:00,2026-05-29 10:30:00,85.18
2026-05-29 10:45:00,2026-05-29 10:45:00,85.188
2026-05-29 11:00:00,2026-05-29 11:00:00,85.187
2026-05-29 11:15:00,2026-05-29 11:15:00,85.178
2026-05-29 11:30:00,2026-05-29 11:30:00,85.175
2026-05-29 11:45:00,2026-05-29 11:45:00,85.171
2026-05-29 12:00:00,2026-05-29 12:00:00,85.162
2026-05-29 12:15:00,2026-05-29 12:15:00,85.165
2026-05-29 12:30:00,2026-05-29 12:30:00,85.171
2026-05-29 12:45:00,2026-05-29 12:45:00,85.169
2026-05-29 13:00:00,2026-05-29 13:00:00,85.172
2026-05-29 13:15:00,2026-05-29 13:15:00,85.17
2026-05-29 13:30:00,2026-05-29 13:30:00,85.169
2026-05-29 13:45:00,2026-05-29 13:45:00,85.181
2026-05-29 14:00:00,2026-05-29 14:00:00,85.189
2026-05-29 14:15:00,2026-05-29 14:15:00,85.174
2026-05-29 14:30:00,2026-05-29 14:30:00,85.179
2026-05-29 14:45:00,2026-05-29 14:45:00,85.174
2026-05-29 15:00:00,2026-05-29 15:00:00,85.17
2026-05-29 15:15:00,2026-05-29 15:15:00,85.174
2026-05-29 15:30:00,2026-05-29 15:30:00,85.173
2026-05-29 15:45:00,2026-05-29 15:45:00,85.187
2026-05-29 16:00:00,2026-05-29 16:00:00,85.188
2026-05-29 16:15:00,2026-05-29 16:15:00,85.184
2026-05-29 16:30:00,2026-05-29 16:30:00,85.187
2026-05-29 16:45:00,2026-05-29 16:45:00,85.196
2026-05-29 17:00:00,2026-05-29 17:00:00,85.197
2026-05-29 17:15:00,2026-05-29 17:15:00,85.193
2026-05-29 17:30:00,2026-05-29 17:30:00,85.196
2026-05-29 17:45:00,2026-05-29 17:45:00,85.192
2026-05-29 18:00:00,2026-05-29 18:00:00,85.192
2026-05-29 18:15:00,2026-05-29 18:15:00,85.192
2026-05-29 18:30:00,2026-05-29 18:30:00,85.191
2026-05-29 18:45:00,2026-05-29 18:45:00,85.195
2026-05-29 19:00:00,2026-05-29 19:00:00,85.194
2026-05-29 19:15:00,2026-05-29 19:15:00,85.188
2026-05-29 19:30:00,2026-05-29 19:30:00,85.188
2026-05-29 19:45:00,2026-05-29 19:45:00,85.188
2026-05-29 20:00:00,2026-05-29 20:00:00,85.195
2026-05-29 20:15:00,2026-05-29 20:15:00,85.198
2026-05-29 20:30:00,2026-05-29 20:30:00,85.207
2026-05-29 20:45:00,2026-05-29 20:45:00,85.207
2026-05-29 21:00:00,2026-05-29 21:00:00,85.205
2026-05-29 21:15:00,2026-05-29 21:15:00,85.211
2026-05-29 21:30:00,2026-05-29 21:30:00,85.208
2026-05-29 21:45:00,2026-05-29 21:45:00,85.209
2026-05-29 22:00:00,2026-05-29 22:00:00,85.207
2026-05-29 22:15:00,2026-05-29 22:15:00,85.211
2026-05-29 22:30:00,2026-05-29 22:30:00,85.207
2026-05-29 22:45:00,2026-05-29 22:45:00,85.208
2026-05-29 23:00:00,2026-05-29 23:00:00,85.205
2026-05-29 23:15:00,2026-05-29 23:15:00,85.21
2026-05-29 23:30:00,2026-05-29 23:30:00,85.207
2026-05-29 23:45:00,2026-05-29 23:45:00,85.211
2026-05-30 00:00:00,2026-05-30 00:00:00,85.214
2026-05-30 00:15:00,2026-05-30 00:15:00,85.211
2026-05-30 00:30:00,2026-05-30 00:30:00,85.212
2026-05-30 00:45:00,2026-05-30 00:45:00,85.215
2026-05-30 01:00:00,2026-05-30 01:00:00,85.214
2026-05-30 01:15:00,2026-05-30 01:15:00,85.218
2026-05-30 01:30:00,2026-05-30 01:30:00,85.217
2026-05-30 01:45:00,2026-05-30 01:45:00,85.215
2026-05-30 02:00:00,2026-05-30 02:00:00,85.216
2026-05-30 02:15:00,2026-05-30 02:15:00,85.218
2026-05-30 02:30:00,2026-05-30 02:30:00,85.222
2026-05-30 02:45:00,2026-05-30 02:45:00,85.22
2026-05-30 03:00:00,2026-05-30 03:00:00,85.22
2026-05-30 03:15:00,2026-05-30 03:15:00,85.228
2026-05-30 03:30:00,2026-05-30 03:30:00,85.221
2026-05-30 03:45:00,2026-05-30 03:45:00,85.221
2026-05-30 04:00:00,2026-05-30 04:00:00,85.223
2026-05-30 04:15:00,2026-05-30 04:15:00,85.222
2026-05-30 04:30:00,2026-05-30 04:30:00,85.224
2026-05-30 04:45:00,2026-05-30 04:45:00,85.223
2026-05-30 05:00:00,2026-05-30 05:00:00,85.223
2026-05-30 05:15:00,2026-05-30 05:15:00,85.216
2026-05-30 05:30:00,2026-05-30 05:30:00,85.209
2026-05-30 05:45:00,2026-05-30 05:45:00,85.216
2026-05-30 06:00:00,2026-05-30 06:00:00,85.218
2026-05-30 06:15:00,2026-05-30 06:15:00,85.218
2026-05-30 06:30:00,2026-05-30 06:30:00,85.224
2026-05-30 06:45:00,2026-05-30 06:45:00,85.22
2026-05-30 07:00:00,2026-05-30 07:00:00,85.21
2026-05-30 07:15:00,2026-05-30 07:15:00,85.207
2026-05-30 07:30:00,2026-05-30 07:30:00,85.207
2026-05-30 07:45:00,2026-05-30 07:45:00,85.216
2026-05-30 08:00:00,2026-05-30 08:00:00,85.225
2026-05-30 08:15:00,2026-05-30 08:15:00,85.228
2026-05-30 08:30:00,2026-05-30 08:30:00,85.227
2026-05-30 08:45:00,2026-05-30 08:45:00,85.224
2026-05-30 09:00:00,2026-05-30 09:00:00,85.226
2026-05-30 09:15:00,2026-05-30 09:15:00,85.215
2026-05-30 09:30:00,2026-05-30 09:30:00,85.215
2026-05-30 09:45:00,2026-05-30 09:45:00,85.206
2026-05-30 10:00:00,2026-05-30 10:00:00,85.204
2026-05-30 10:15:00,2026-05-30 10:15:00,85.217
2026-05-30 10:30:00,2026-05-30 10:30:00,85.218
2026-05-30 10:45:00,2026-05-30 10:45:00,85.213
2026-05-30 11:00:00,2026-05-30 11:00:00,85.214
2026-05-30 11:15:00,2026-05-30 11:15:00,85.221
2026-05-30 11:30:00,2026-05-30 11:30:00,85.211
2026-05-30 11:45:00,2026-05-30 11:45:00,85.204
2026-05-30 12:00:00,2026-05-30 12:00:00,85.205
2026-05-30 12:15:00,2026-05-30 12:15:00,85.216
2026-05-30 12:30:00,2026-05-30 12:30:00,85.216
2026-05-30 12:45:00,2026-05-30 12:45:00,85.209
2026-05-30 13:00:00,2026-05-30 13:00:00,85.208
2026-05-30 13:15:00,2026-05-30 13:15:00,85.21
2026-05-30 13:30:00,2026-05-30 13:30:00,85.215
2026-05-30 13:45:00,2026-05-30 13:45:00,85.209
2026-05-30 14:00:00,2026-05-30 14:00:00,85.226
2026-05-30 14:15:00,2026-05-30 14:15:00,85.22
2026-05-30 14:30:00,2026-05-30 14:30:00,85.223
2026-05-30 14:45:00,2026-05-30 14:45:00,85.222
2026-05-30 15:00:00,2026-05-30 15:00:00,85.222
2026-05-30 15:15:00,2026-05-30 15:15:00,85.212
2026-05-30 15:30:00,2026-05-30 15:30:00,85.207
2026-05-30 15:45:00,2026-05-30 15:45:00,85.217
2026-05-30 16:00:00,2026-05-30 16:00:00,85.22
2026-05-30 16:15:00,2026-05-30 16:15:00,85.217
2026-05-30 16:30:00,2026-05-30 16:30:00,85.211
2026-05-30 16:45:00,2026-05-30 16:45:00,85.203
2026-05-30 17:00:00,2026-05-30 17:00:00,85.201
2026-05-30 17:15:00,2026-05-30 17:15:00,85.215
2026-05-30 17:30:00,2026-05-30 17:30:00,85.21
2026-05-30 17:45:00,2026-05-30 17:45:00,85.201
2026-05-30 18:00:00,2026-05-30 18:00:00,85.203
2026-05-30 18:15:00,2026-05-30 18:15:00,85.202
2026-05-30 18:30:00,2026-05-30 18:30:00,85.203
2026-05-30 18:45:00,2026-05-30 18:45:00,85.209
2026-05-30 19:00:00,2026-05-30 19:00:00,85.205
2026-05-30 19:15:00,2026-05-30 19:15:00,85.21
2026-05-30 19:30:00,2026-05-30 19:30:00,85.214
2026-05-30 19:45:00,2026-05-30 19:45:00,85.204
2026-05-30 20:00:00,2026-05-30 20:00:00,85.2
2026-05-30 20:15:00,2026-05-30 20:15:00,85.198
2026-05-30 20:30:00,2026-05-30 20:30:00,85.195
2026-05-30 20:45:00,2026-05-30 20:45:00,85.212
2026-05-30 21:00:00,2026-05-30 21:00:00,85.216
2026-05-30 21:15:00,2026-05-30 21:15:00,85.215
2026-05-30 21:30:00,2026-05-30 21:30:00,85.208
2026-05-30 21:45:00,2026-05-30 21:45:00,85.214
2026-05-30 22:00:00,2026-05-30 22:00:00,85.209
2026-05-30 22:15:00,2026-05-30 22:15:00,85.206
2026-05-30 22:30:00,2026-05-30 22:30:00,85.208
2026-05-30 22:45:00,2026-05-30 22:45:00,85.204
2026-05-30 23:00:00,2026-05-30 23:00:00,85.202
2026-05-30 23:15:00,2026-05-30 23:15:00,85.214
2026-05-30 23:30:00,2026-05-30 23:30:00,85.212
2026-05-30 23:45:00,2026-05-30 23:45:00,85.215
2026-05-31 00:00:00,2026-05-31 00:00:00,85.215
2026-05-31 00:15:00,2026-05-31 00:15:00,85.215
2026-05-31 00:30:00,2026-05-31 00:30:00,85.21
2026-05-31 00:45:00,2026-05-31 00:45:00,85.207
2026-05-31 01:00:00,2026-05-31 01:00:00,85.211
2026-05-31 01:15:00,2026-05-31 01:15:00,85.217
2026-05-31 01:30:00,2026-05-31 01:30:00,85.22
2026-05-31 01:45:00,2026-05-31 01:45:00,85.214
2026-05-31 02:00:00,2026-05-31 02:00:00,85.212
2026-05-31 02:15:00,2026-05-31 02:15:00,85.219
2026-05-31 02:30:00,2026-05-31 02:30:00,85.219
2026-05-31 02:45:00,2026-05-31 02:45:00,85.212
2026-05-31 03:00:00,2026-05-31 03:00:00,85.209
2026-05-31 03:15:00,2026-05-31 03:15:00,85.217
2026-05-31 03:30:00,2026-05-31 03:30:00,85.219
2026-05-31 03:45:00,2026-05-31 03:45:00,85.211
2026-05-31 04:00:00,2026-05-31 04:00:00,85.211
2026-05-31 04:15:00,2026-05-31 04:15:00,85.219
2026-05-31 04:30:00,2026-05-31 04:30:00,85.225
2026-05-31 04:45:00,2026-05-31 04:45:00,85.219
2026-05-31 05:00:00,2026-05-31 05:00:00,85.219
2026-05-31 05:15:00,2026-05-31 05:15:00,85.212
2026-05-31 05:30:00,2026-05-31 05:30:00,85.212
2026-05-31 05:45:00,2026-05-31 05:45:00,85.211
2026-05-31 06:00:00,2026-05-31 06:00:00,85.214
2026-05-31 06:15:00,2026-05-31 06:15:00,85.217
2026-05-31 06:30:00,2026-05-31 06:30:00,85.22
2026-05-31 06:45:00,2026-05-31 06:45:00,85.222
2026-05-31 07:00:00,2026-05-31 07:00:00,85.218
2026-05-31 07:15:00,2026-05-31 07:15:00,85.209
2026-05-31 07:30:00,2026-05-31 07:30:00,85.213
2026-05-31 07:45:00,2026-05-31 07:45:00,85.211
2026-05-31 08:00:00,2026-05-31 08:00:00,85.212
2026-05-31 08:15:00,2026-05-31 08:15:00,85.208
2026-05-31 08:30:00,2026-05-31 08:30:00,85.202
2026-05-31 08:45:00,2026-05-31 08:45:00,85.21
2026-05-31 09:00:00,2026-05-31 09:00:00,85.211
2026-05-31 09:15:00,2026-05-31 09:15:00,85.195
2026-05-31 09:30:00,2026-05-31 09:30:00,85.201
2026-05-31 09:45:00,2026-05-31 09:45:00,85.215
2026-05-31 10:00:00,2026-05-31 10:00:00,85.21
2026-05-31 10:15:00,2026-05-31 10:15:00,85.196
2026-05-31 10:30:00,2026-05-31 10:30:00,85.19
2026-05-31 10:45:00,2026-05-31 10:45:00,85.197
2026-05-31 11:00:00,2026-05-31 11:00:00,85.204
2026-05-31 11:15:00,2026-05-31 11:15:00,85.191
2026-05-31 11:30:00,2026-05-31 11:30:00,85.204
2026-05-31 11:45:00,2026-05-31 11:45:00,85.193
2026-05-31 12:00:00,2026-05-31 12:00:00,85.189
2026-05-31 12:15:00,2026-05-31 12:15:00,85.195
2026-05-31 12:30:00,2026-05-31 12:30:00,85.194
2026-05-31 12:45:00,2026-05-31 12:45:00,85.19
2026-05-31 13:00:00,2026-05-31 13:00:00,85.186
2026-05-31 13:15:00,2026-05-31 13:15:00,85.2
2026-05-31 13:30:00,2026-05-31 13:30:00,85.195
2026-05-31 13:45:00,2026-05-31 13:45:00,85.204
2026-05-31 14:00:00,2026-05-31 14:00:00,85.207
2026-05-31 14:15:00,2026-05-31 14:15:00,85.203
2026-05-31 14:30:00,2026-05-31 14:30:00,85.205
2026-05-31 14:45:00,2026-05-31 14:45:00,85.203
2026-05-31 15:00:00,2026-05-31 15:00:00,85.209
2026-05-31 15:15:00,2026-05-31 15:15:00,85.204
2026-05-31 15:30:00,2026-05-31 15:30:00,85.203
2026-05-31 15:45:00,2026-05-31 15:45:00,85.2
2026-05-31 16:00:00,2026-05-31 16:00:00,85.193
2026-05-31 16:15:00,2026-05-31 16:15:00,85.191
2026-05-31 16:30:00,2026-05-31 16:30:00,85.2
2026-05-31 16:45:00,2026-05-31 16:45:00,85.199
2026-05-31 17:00:00,2026-05-31 17:00:00,85.195
2026-05-31 17:15:00,2026-05-31 17:15:00,85.197
2026-05-31 17:30:00,2026-05-31 17:30:00,85.196
2026-05-31 17:45:00,2026-05-31 17:45:00,85.197
2026-05-31 18:00:00,2026-05-31 18:00:00,85.194
2026-05-31 18:15:00,2026-05-31 18:15:00,85.196
2026-05-31 18:30:00,2026-05-31 18:30:00,85.186
2026-05-31 18:45:00,2026-05-31 18:45:00,85.194
2026-05-31 19:00:00,2026-05-31 19:00:00,85.2
2026-05-31 19:15:00,2026-05-31 19:15:00,85.203
2026-05-31 19:30:00,2026-05-31 19:30:00,85.199
2026-05-31 19:45:00,2026-05-31 19:45:00,85.199
2026-05-31 20:00:00,2026-05-31 20:00:00,85.203
2026-05-31 20:15:00,2026-05-31 20:15:00,85.205
2026-05-31 20:30:00,2026-05-31 20:30:00,85.2
2026-05-31 20:45:00,2026-05-31 20:45:00,85.203
2026-05-31 21:00:00,2026-05-31 21:00:00,85.206
2026-05-31 21:15:00,2026-05-31 21:15:00,85.21
2026-05-31 21:30:00,2026-05-31 21:30:00,85.211
2026-05-31 21:45:00,2026-05-31 21:45:00,85.212
2026-05-31 22:00:00,2026-05-31 22:00:00,85.211
2026-05-31 22:15:00,2026-05-31 22:15:00,85.207
2026-05-31 22:30:00,2026-05-31 22:30:00,85.204
2026-05-31 22:45:00,2026-05-31 22:45:00,85.198
2026-05-31 23:00:00,2026-05-31 23:00:00,85.204
2026-05-31 23:15:00,2026-05-31 23:15:00,85.199
2026-05-31 23:30:00,2026-05-31 23:30:00,85.203
2026-05-31 23:45:00,2026-05-31 23:45:00,85.21
2026-06-01 00:00:00,2026-06-01 00:00:00,85.211
2026-06-01 00:15:00,2026-06-01 00:15:00,85.205
2026-06-01 00:30:00,2026-06-01 00:30:00,85.209
2026-06-01 00:45:00,2026-06-01 00:45:00,85.21
2026-06-01 01:00:00,2026-06-01 01:00:00,85.204
2026-06-01 01:15:00,2026-06-01 01:15:00,85.212
2026-06-01 01:30:00,2026-06-01 01:30:00,85.208
2026-06-01 01:45:00,2026-06-01 01:45:00,85.213
2026-06-01 02:00:00,2026-06-01 02:00:00,85.214
2026-06-01 02:15:00,2026-06-01 02:15:00,85.211
2026-06-01 02:30:00,2026-06-01 02:30:00,85.213
2026-06-01 02:45:00,2026-06-01 02:45:00,85.215
2026-06-01 03:00:00,2026-06-01 03:00:00,85.216
2026-06-01 03:15:00,2026-06-01 03:15:00,85.218
2026-06-01 03:30:00,2026-06-01 03:30:00,85.219
2026-06-01 03:45:00,2026-06-01 03:45:00,85.213
2026-06-01 04:00:00,2026-06-01 04:00:00,85.207
2026-06-01 04:15:00,2026-06-01 04:15:00,85.205
2026-06-01 04:30:00,2026-06-01 04:30:00,85.213
2026-06-01 04:45:00,2026-06-01 04:45:00,85.21
2026-06-01 05:00:00,2026-06-01 05:00:00,85.209
2026-06-01 05:15:00,2026-06-01 05:15:00,85.219
2026-06-01 05:30:00,2026-06-01 05:30:00,85.221
2026-06-01 05:45:00,2026-06-01 05:45:00,85.22
2026-06-01 06:00:00,2026-06-01 06:00:00,85.217
2026-06-01 06:15:00,2026-06-01 06:15:00,85.21
2026-06-01 06:30:00,2026-06-01 06:30:00,85.207
2026-06-01 06:45:00,2026-06-01 06:45:00,85.211
2026-06-01 07:00:00,2026-06-01 07:00:00,85.206
2026-06-01 07:15:00,2026-06-01 07:15:00,85.213
2026-06-01 07:30:00,2026-06-01 07:30:00,85.21
2026-06-01 07:45:00,2026-06-01 07:45:00,85.206
2026-06-01 08:00:00,2026-06-01 08:00:00,85.21
2026-06-01 08:15:00,2026-06-01 08:15:00,85.211
2026-06-01 08:30:00,2026-06-01 08:30:00,85.209
2026-06-01 08:45:00,2026-06-01 08:45:00,85.202
2026-06-01 09:00:00,2026-06-01 09:00:00,85.197
2026-06-01 09:15:00,2026-06-01 09:15:00,85.2
2026-06-01 09:30:00,2026-06-01 09:30:00,85.206
2026-06-01 09:45:00,2026-06-01 09:45:00,85.206
2026-06-01 10:00:00,2026-06-01 10:00:00,85.209
2026-06-01 10:15:00,2026-06-01 10:15:00,85.206
2026-06-01 10:30:00,2026-06-01 10:30:00,85.209
2026-06-01 10:45:00,2026-06-01 10:45:00,85.198
2026-06-01 11:00:00,2026-06-01 11:00:00,85.199
2026-06-01 11:15:00,2026-06-01 11:15:00,85.206
2026-06-01 11:30:00,2026-06-01 11:30:00,85.203
2026-06-01 11:45:00,2026-06-01 11:45:00,85.183
2026-06-01 12:00:00,2026-06-01 12:00:00,85.18
2026-06-01 12:15:00,2026-06-01 12:15:00,85.185
2026-06-01 12:30:00,2026-06-01 12:30:00,85.19
2026-06-01 12:45:00,2026-06-01 12:45:00,85.199
2026-06-01 13:00:00,2026-06-01 13:00:00,85.195
2026-06-01 13:15:00,2026-06-01 13:15:00,85.202
2026-06-01 13:30:00,2026-06-01 13:30:00,85.198
2026-06-01 13:45:00,2026-06-01 13:45:00,85.189
2026-06-01 14:00:00,2026-06-01 14:00:00,85.188
2026-06-01 14:15:00,2026-06-01 14:15:00,85.198
2026-06-01 14:30:00,2026-06-01 14:30:00,85.199
2026-06-01 14:45:00,2026-06-01 14:45:00,85.199
2026-06-01 15:00:00,2026-06-01 15:00:00,85.195
2026-06-01 15:15:00,2026-06-01 15:15:00,85.193
2026-06-01 15:30:00,2026-06-01 15:30:00,85.195
2026-06-01 15:45:00,2026-06-01 15:45:00,85.191
2026-06-01 16:00:00,2026-06-01 16:00:00,85.183
2026-06-01 16:15:00,2026-06-01 16:15:00,85.176
2026-06-01 16:30:00,2026-06-01 16:30:00,85.184
2026-06-01 16:45:00,2026-06-01 16:45:00,85.192
2026-06-01 17:00:00,2026-06-01 17:00:00,85.191
2026-06-01 17:15:00,2026-06-01 17:15:00,85.186
2026-06-01 17:30:00,2026-06-01 17:30:00,85.186
2026-06-01 17:45:00,2026-06-01 17:45:00,85.184
2026-06-01 18:00:00,2026-06-01 18:00:00,85.179
2026-06-01 18:15:00,2026-06-01 18:15:00,85.187
2026-06-01 18:30:00,2026-06-01 18:30:00,85.189
2026-06-01 18:45:00,2026-06-01 18:45:00,85.187
2026-06-01 19:00:00,2026-06-01 19:00:00,85.19
2026-06-01 19:15:00,2026-06-01 19:15:00,85.191
2026-06-01 19:30:00,2026-06-01 19:30:00,85.187
2026-06-01 19:45:00,2026-06-01 19:45:00,85.185
2026-06-01 20:00:00,2026-06-01 20:00:00,85.186
2026-06-01 20:15:00,2026-06-01 20:15:00,85.195
2026-06-01 20:30:00,2026-06-01 20:30:00,85.199
2026-06-01 20:45:00,2026-06-01 20:45:00,85.191
2026-06-01 21:00:00,2026-06-01 21:00:00,85.192
2026-06-01 21:15:00,2026-06-01 21:15:00,85.199
2026-06-01 21:30:00,2026-06-01 21:30:00,85.199
2026-06-01 21:45:00,2026-06-01 21:45:00,85.19
2026-06-01 22:00:00,2026-06-01 22:00:00,85.197
2026-06-01 22:15:00,2026-06-01 22:15:00,85.195
2026-06-01 22:30:00,2026-06-01 22:30:00,85.196
2026-06-01 22:45:00,2026-06-01 22:45:00,85.196
2026-06-01 23:00:00,2026-06-01 23:00:00,85.195
2026-06-01 23:15:00,2026-06-01 23:15:00,85.201
2026-06-01 23:30:00,2026-06-01 23:30:00,85.196
2026-06-01 23:45:00,2026-06-01 23:45:00,85.203
2026-06-02 00:00:00,2026-06-02 00:00:00,85.199
2026-06-02 00:15:00,2026-06-02 00:15:00,85.195
2026-06-02 00:30:00,2026-06-02 00:30:00,85.198
2026-06-02 00:45:00,2026-06-02 00:45:00,85.193
2026-06-02 01:00:00,2026-06-02 01:00:00,85.194
2026-06-02 01:15:00,2026-06-02 01:15:00,85.201
2026-06-02 01:30:00,2026-06-02 01:30:00,85.207
2026-06-02 01:45:00,2026-06-02 01:45:00,85.204
2026-06-02 02:00:00,2026-06-02 02:00:00,85.208
2026-06-02 02:15:00,2026-06-02 02:15:00,85.199
2026-06-02 02:30:00,2026-06-02 02:30:00,85.195
2026-06-02 02:45:00,2026-06-02 02:45:00,85.196
2026-06-02 03:00:00,2026-06-02 03:00:00,85.199
2026-06-02 03:15:00,2026-06-02 03:15:00,85.196
2026-06-02 03:30:00,2026-06-02 03:30:00,85.195
2026-06-02 03:45:00,2026-06-02 03:45:00,85.199
2026-06-02 04:00:00,2026-06-02 04:00:00,85.195
2026-06-02 04:15:00,2026-06-02 04:15:00,85.192
2026-06-02 04:30:00,2026-06-02 04:30:00,85.185
2026-06-02 04:45:00,2026-06-02 04:45:00,85.189
2026-06-02 05:00:00,2026-06-02 05:00:00,85.192
2026-06-02 05:15:00,2026-06-02 05:15:00,85.189
2026-06-02 05:30:00,2026-06-02 05:30:00,85.191
2026-06-02 05:45:00,2026-06-02 05:45:00,85.201
2026-06-02 06:00:00,2026-06-02 06:00:00,85.192
2026-06-02 06:15:00,2026-06-02 06:15:00,85.188
2026-06-02 06:30:00,2026-06-02 06:30:00,85.191
2026-06-02 06:45:00,2026-06-02 06:45:00,85.187
2026-06-02 07:00:00,2026-06-02 07:00:00,85.195
2026-06-02 07:15:00,2026-06-02 07:15:00,85.192
2026-06-02 07:30:00,2026-06-02 07:30:00,85.188
2026-06-02 07:45:00,2026-06-02 07:45:00,85.175
2026-06-02 08:00:00,2026-06-02 08:00:00,85.179
2026-06-02 08:15:00,2026-06-02 08:15:00,85.191
2026-06-02 08:30:00,2026-06-02 08:30:00,85.185
2026-06-02 08:45:00,2026-06-02 08:45:00,85.186
2026-06-02 09:00:00,2026-06-02 09:00:00,85.182
2026-06-02 09:15:00,2026-06-02 09:15:00,85.185
2026-06-02 09:30:00,2026-06-02 09:30:00,85.187
2026-06-02 09:45:00,2026-06-02 09:45:00,85.179
2026-06-02 10:00:00,2026-06-02 10:00:00,85.175
2026-06-02 10:15:00,2026-06-02 10:15:00,85.178
2026-06-02 10:30:00,2026-06-02 10:30:00,85.183
2026-06-02 10:45:00,2026-06-02 10:45:00,85.18
2026-06-02 11:00:00,2026-06-02 11:00:00,85.175
2026-06-02 11:15:00,2026-06-02 11:15:00,85.172
2026-06-02 11:30:00,2026-06-02 11:30:00,85.174
2026-06-02 11:45:00,2026-06-02 11:45:00,85.177
2026-06-02 12:00:00,2026-06-02 12:00:00,85.174
2026-06-02 12:15:00,2026-06-02 12:15:00,85.173
2026-06-02 12:30:00,2026-06-02 12:30:00,85.174
2026-06-02 12:45:00,2026-06-02 12:45:00,85.168
2026-06-02 13:00:00,2026-06-02 13:00:00,85.17
2026-06-02 13:15:00,2026-06-02 13:15:00,85.17
2026-06-02 13:30:00,2026-06-02 13:30:00,85.175
2026-06-02 13:45:00,2026-06-02 13:45:00,85.171
2026-06-02 14:00:00,2026-06-02 14:00:00,85.164
2026-06-02 14:15:00,2026-06-02 14:15:00,85.176
2026-06-02 14:30:00,2026-06-02 14:30:00,85.179
2026-06-02 14:45:00,2026-06-02 14:45:00,85.184
2026-06-02 15:00:00,2026-06-02 15:00:00,85.189
2026-06-02 15:15:00,2026-06-02 15:15:00,85.187
2026-06-02 15:30:00,2026-06-02 15:30:00,85.185
2026-06-02 15:45:00,2026-06-02 15:45:00,85.193
2026-06-02 16:00:00,2026-06-02 16:00:00,85.193
2026-06-02 16:15:00,2026-06-02 16:15:00,85.18
2026-06-02 16:30:00,2026-06-02 16:30:00,85.174
2026-06-02 16:45:00,2026-06-02 16:45:00,85.19
2026-06-02 17:00:00,2026-06-02 17:00:00,85.203
2026-06-02 17:15:00,2026-06-02 17:15:00,85.18
2026-06-02 17:30:00,2026-06-02 17:30:00,85.183
2026-06-02 17:45:00,2026-06-02 17:45:00,85.197
2026-06-02 18:00:00,2026-06-02 18:00:00,85.192
2026-06-02 18:15:00,2026-06-02 18:15:00,85.19
2026-06-02 18:30:00,2026-06-02 18:30:00,85.19
2026-06-02 18:45:00,2026-06-02 18:45:00,85.185
2026-06-02 19:00:00,2026-06-02 19:00:00,85.184
2026-06-02 19:15:00,2026-06-02 19:15:00,85.189
2026-06-02 19:30:00,2026-06-02 19:30:00,85.182
2026-06-02 19:45:00,2026-06-02 19:45:00,85.189
2026-06-02 20:00:00,2026-06-02 20:00:00,85.196
2026-06-02 20:15:00,2026-06-02 20:15:00,85.2
2026-06-02 20:30:00,2026-06-02 20:30:00,85.195
2026-06-02 20:45:00,2026-06-02 20:45:00,85.195
2026-06-02 21:00:00,2026-06-02 21:00:00,85.195
2026-06-02 21:15:00,2026-06-02 21:15:00,85.198
2026-06-02 21:30:00,2026-06-02 21:30:00,85.204
2026-06-02 21:45:00,2026-06-02 21:45:00,85.213
2026-06-02 22:00:00,2026-06-02 22:00:00,85.217
2026-06-02 22:15:00,2026-06-02 22:15:00,85.214
2026-06-02 22:30:00,2026-06-02 22:30:00,85.219
2026-06-02 22:45:00,2026-06-02 22:45:00,85.209
2026-06-02 23:00:00,2026-06-02 23:00:00,85.209
2026-06-02 23:15:00,2026-06-02 23:15:00,85.225
2026-06-02 23:30:00,2026-06-02 23:30:00,85.218
2026-06-02 23:45:00,2026-06-02 23:45:00,85.207
2026-06-03 00:00:00,2026-06-03 00:00:00,85.209
2026-06-03 00:15:00,2026-06-03 00:15:00,85.215
2026-06-03 00:30:00,2026-06-03 00:30:00,85.22
2026-06-03 00:45:00,2026-06-03 00:45:00,85.233
2026-06-03 01:00:00,2026-06-03 01:00:00,85.23
2026-06-03 01:15:00,2026-06-03 01:15:00,85.224
2026-06-03 01:30:00,2026-06-03 01:30:00,85.222
2026-06-03 01:45:00,2026-06-03 01:45:00,85.22
2026-06-03 02:00:00,2026-06-03 02:00:00,85.219
2026-06-03 02:15:00,2026-06-03 02:15:00,85.219
2026-06-03 02:30:00,2026-06-03 02:30:00,85.221
2026-06-03 02:45:00,2026-06-03 02:45:00,85.224
2026-06-03 03:00:00,2026-06-03 03:00:00,85.219
2026-06-03 03:15:00,2026-06-03 03:15:00,85.22
2026-06-03 03:30:00,2026-06-03 03:30:00,85.221
2026-06-03 03:45:00,2026-06-03 03:45:00,85.222
2026-06-03 04:00:00,2026-06-03 04:00:00,85.219
2026-06-03 04:15:00,2026-06-03 04:15:00,85.216
2026-06-03 04:30:00,2026-06-03 04:30:00,85.219
2026-06-03 04:45:00,2026-06-03 04:45:00,85.214
2026-06-03 05:00:00,2026-06-03 05:00:00,85.213
2026-06-03 05:15:00,2026-06-03 05:15:00,85.219
2026-06-03 05:30:00,2026-06-03 05:30:00,85.216
2026-06-03 05:45:00,2026-06-03 05:45:00,85.215
2026-06-03 06:00:00,2026-06-03 06:00:00,85.217
2026-06-03 06:15:00,2026-06-03 06:15:00,85.211
2026-06-03 06:30:00,2026-06-03 06:30:00,85.204
2026-06-03 06:45:00,2026-06-03 06:45:00,85.216
2026-06-03 07:00:00,2026-06-03 07:00:00,85.226
2026-06-03 07:15:00,2026-06-03 07:15:00,85.207
2026-06-03 07:30:00,2026-06-03 07:30:00,85.201
2026-06-03 07:45:00,2026-06-03 07:45:00,85.209
2026-06-03 08:00:00,2026-06-03 08:00:00,85.217
2026-06-03 08:15:00,2026-06-03 08:15:00,85.206
2026-06-03 08:30:00,2026-06-03 08:30:00,85.215
2026-06-03 08:45:00,2026-06-03 08:45:00,85.195
2026-06-03 09:00:00,2026-06-03 09:00:00,85.2
2026-06-03 09:15:00,2026-06-03 09:15:00,85.2
2026-06-03 09:30:00,2026-06-03 09:30:00,85.198
2026-06-03 09:45:00,2026-06-03 09:45:00,85.211
2026-06-03 10:00:00,2026-06-03 10:00:00,85.207
2026-06-03 10:15:00,2026-06-03 10:15:00,85.196
2026-06-03 10:30:00,2026-06-03 10:30:00,85.198
2026-06-03 10:45:00,2026-06-03 10:45:00,85.209
2026-06-03 11:00:00,2026-06-03 11:00:00,85.209
2026-06-03 11:15:00,2026-06-03 11:15:00,85.208
2026-06-03 11:30:00,2026-06-03 11:30:00,85.197
2026-06-03 11:45:00,2026-06-03 11:45:00,85.189
2026-06-03 12:00:00,2026-06-03 12:00:00,85.184
2026-06-03 12:15:00,2026-06-03 12:15:00,85.191
2026-06-03 12:30:00,2026-06-03 12:30:00,85.19
2026-06-03 12:45:00,2026-06-03 12:45:00,85.208
2026-06-03 13:00:00,2026-06-03 13:00:00,85.204
2026-06-03 13:15:00,2026-06-03 13:15:00,85.204
2026-06-03 13:30:00,2026-06-03 13:30:00,85.203
2026-06-03 13:45:00,2026-06-03 13:45:00,85.209
2026-06-03 14:00:00,2026-06-03 14:00:00,85.203
2026-06-03 14:15:00,2026-06-03 14:15:00,85.201
2026-06-03 14:30:00,2026-06-03 14:30:00,85.203
2026-06-03 14:45:00,2026-06-03 14:45:00,85.201
2026-06-03 15:00:00,2026-06-03 15:00:00,85.217
2026-06-03 15:15:00,2026-06-03 15:15:00,85.216
2026-06-03 15:30:00,2026-06-03 15:30:00,85.217
2026-06-03 15:45:00,2026-06-03 15:45:00,85.218
2026-06-03 16:00:00,2026-06-03 16:00:00,85.218
2026-06-03 16:15:00,2026-06-03 16:15:00,85.21
2026-06-03 16:30:00,2026-06-03 16:30:00,85.218
2026-06-03 16:45:00,2026-06-03 16:45:00,85.221
2026-06-03 17:00:00,2026-06-03 17:00:00,85.22
2026-06-03 17:15:00,2026-06-03 17:15:00,85.217
2026-06-03 17:30:00,2026-06-03 17:30:00,85.215
2026-06-03 17:45:00,2026-06-03 17:45:00,85.221
2026-06-03 18:00:00,2026-06-03 18:00:00,85.219
2026-06-03 18:15:00,2026-06-03 18:15:00,85.215
2026-06-03 18:30:00,2026-06-03 18:30:00,85.215
2026-06-03 18:45:00,2026-06-03 18:45:00,85.22
2026-06-03 19:00:00,2026-06-03 19:00:00,85.221
2026-06-03 19:15:00,2026-06-03 19:15:00,85.217
2026-06-03 19:30:00,2026-06-03 19:30:00,85.214
2026-06-03 19:45:00,2026-06-03 19:45:00,85.201
2026-06-03 20:00:00,2026-06-03 20:00:00,85.208
2026-06-03 20:15:00,2026-06-03 20:15:00,85.211
2026-06-03 20:30:00,2026-06-03 20:30:00,85.209
2026-06-03 20:45:00,2026-06-03 20:45:00,85.214
2026-06-03 21:00:00,2026-06-03 21:00:00,85.223
2026-06-03 21:15:00,2026-06-03 21:15:00,85.224
2026-06-03 21:30:00,2026-06-03 21:30:00,85.225
2026-06-03 21:45:00,2026-06-03 21:45:00,85.225
2026-06-03 22:00:00,2026-06-03 22:00:00,85.24
2026-06-03 22:15:00,2026-06-03 22:15:00,85.217
2026-06-03 22:30:00,2026-06-03 22:30:00,85.221
2026-06-03 22:45:00,2026-06-03 22:45:00,85.219
2026-06-03 23:00:00,2026-06-03 23:00:00,85.214
2026-06-03 23:15:00,2026-06-03 23:15:00,85.218
2026-06-03 23:30:00,2026-06-03 23:30:00,85.216
2026-06-03 23:45:00,2026-06-03 23:45:00,85.226
2026-06-04 00:00:00,2026-06-04 00:00:00,85.225
2026-06-04 00:15:00,2026-06-04 00:15:00,85.227
2026-06-04 00:30:00,2026-06-04 00:30:00,85.218
2026-06-04 00:45:00,2026-06-04 00:45:00,85.22
2026-06-04 01:00:00,2026-06-04 01:00:00,85.226
2026-06-04 01:15:00,2026-06-04 01:15:00,85.219
2026-06-04 01:30:00,2026-06-04 01:30:00,85.215
2026-06-04 01:45:00,2026-06-04 01:45:00,85.223
2026-06-04 02:00:00,2026-06-04 02:00:00,85.228
2026-06-04 02:15:00,2026-06-04 02:15:00,85.228
2026-06-04 02:30:00,2026-06-04 02:30:00,85.221
2026-06-04 02:45:00,2026-06-04 02:45:00,85.226
2026-06-04 03:00:00,2026-06-04 03:00:00,85.221
2026-06-04 03:15:00,2026-06-04 03:15:00,85.224
2026-06-04 03:30:00,2026-06-04 03:30:00,85.223
2026-06-04 03:45:00,2026-06-04 03:45:00,85.227
2026-06-04 04:00:00,2026-06-04 04:00:00,85.221
2026-06-04 04:15:00,2026-06-04 04:15:00,85.24
2026-06-04 04:30:00,2026-06-04 04:30:00,85.242
2026-06-04 04:45:00,2026-06-04 04:45:00,85.235
2026-06-04 05:00:00,2026-06-04 05:00:00,85.233
2026-06-04 05:15:00,2026-06-04 05:15:00,85.207
2026-06-04 05:30:00,2026-06-04 05:30:00,85.214
2026-06-04 05:45:00,2026-06-04 05:45:00,85.224
2026-06-04 06:00:00,2026-06-04 06:00:00,85.225
2026-06-04 06:15:00,2026-06-04 06:15:00,85.227
2026-06-04 06:30:00,2026-06-04 06:30:00,85.23
2026-06-04 06:45:00,2026-06-04 06:45:00,85.225
2026-06-04 07:00:00,2026-06-04 07:00:00,85.223
2026-06-04 07:15:00,2026-06-04 07:15:00,85.22
2026-06-04 07:30:00,2026-06-04 07:30:00,85.216
2026-06-04 07:45:00,2026-06-04 07:45:00,85.23
2026-06-04 08:00:00,2026-06-04 08:00:00,85.226
2026-06-04 08:15:00,2026-06-04 08:15:00,85.21
2026-06-04 08:30:00,2026-06-04 08:30:00,85.212
2026-06-04 08:45:00,2026-06-04 08:45:00,85.223
2026-06-04 09:00:00,2026-06-04 09:00:00,85.221
2026-06-04 09:15:00,2026-06-04 09:15:00,85.211
2026-06-04 09:30:00,2026-06-04 09:30:00,85.219
2026-06-04 09:45:00,2026-06-04 09:45:00,85.213
2026-06-04 10:00:00,2026-06-04 10:00:00,85.221
2026-06-04 10:15:00,2026-06-04 10:15:00,85.215
2026-06-04 10:30:00,2026-06-04 10:30:00,85.208
2026-06-04 10:45:00,2026-06-04 10:45:00,85.219
2026-06-04 11:00:00,2026-06-04 11:00:00,85.215
2026-06-04 11:15:00,2026-06-04 11:15:00,85.214
2026-06-04 11:30:00,2026-06-04 11:30:00,85.201
2026-06-04 11:45:00,2026-06-04 11:45:00,85.208
2026-06-04 12:00:00,2026-06-04 12:00:00,85.206
2026-06-04 12:15:00,2026-06-04 12:15:00,85.211
2026-06-04 12:30:00,2026-06-04 12:30:00,85.218
2026-06-04 12:45:00,2026-06-04 12:45:00,85.214
2026-06-04 13:00:00,2026-06-04 13:00:00,85.206
2026-06-04 13:15:00,2026-06-04 13:15:00,85.214
2026-06-04 13:30:00,2026-06-04 13:30:00,85.219
2026-06-04 13:45:00,2026-06-04 13:45:00,85.222
2026-06-04 14:00:00,2026-06-04 14:00:00,85.223
2026-06-04 14:15:00,2026-06-04 14:15:00,85.217
2026-06-04 14:30:00,2026-06-04 14:30:00,85.218
2026-06-04 14:45:00,2026-06-04 14:45:00,85.225
2026-06-04 15:00:00,2026-06-04 15:00:00,85.225
2026-06-04 15:15:00,2026-06-04 15:15:00,85.213
2026-06-04 15:30:00,2026-06-04 15:30:00,85.208
2026-06-04 15:45:00,2026-06-04 15:45:00,85.217
2026-06-04 16:00:00,2026-06-04 16:00:00,85.21
2026-06-04 16:15:00,2026-06-04 16:15:00,85.206
2026-06-04 16:30:00,2026-06-04 16:30:00,85.206
2026-06-04 16:45:00,2026-06-04 16:45:00,85.211
2026-06-04 17:00:00,2026-06-04 17:00:00,85.218
2026-06-04 17:15:00,2026-06-04 17:15:00,85.219
2026-06-04 17:30:00,2026-06-04 17:30:00,85.215
2026-06-04 17:45:00,2026-06-04 17:45:00,85.206
2026-06-04 18:00:00,2026-06-04 18:00:00,85.21
2026-06-04 18:15:00,2026-06-04 18:15:00,85.219
2026-06-04 18:30:00,2026-06-04 18:30:00,85.224
2026-06-04 18:45:00,2026-06-04 18:45:00,85.219
2026-06-04 19:00:00,2026-06-04 19:00:00,85.218
2026-06-04 19:15:00,2026-06-04 19:15:00,85.217
2026-06-04 19:30:00,2026-06-04 19:30:00,85.229
2026-06-04 19:45:00,2026-06-04 19:45:00,85.227
2026-06-04 20:00:00,2026-06-04 20:00:00,85.225
2026-06-04 20:15:00,2026-06-04 20:15:00,85.22
2026-06-04 20:30:00,2026-06-04 20:30:00,85.218
2026-06-04 20:45:00,2026-06-04 20:45:00,85.217
2026-06-04 21:00:00,2026-06-04 21:00:00,85.218
2026-06-04 21:15:00,2026-06-04 21:15:00,85.229
2026-06-04 21:30:00,2026-06-04 21:30:00,85.229
2026-06-04 21:45:00,2026-06-04 21:45:00,85.23
2026-06-04 22:00:00,2026-06-04 22:00:00,85.234
2026-06-04 22:15:00,2026-06-04 22:15:00,85.222
2026-06-04 22:30:00,2026-06-04 22:30:00,85.221
2026-06-04 22:45:00,2026-06-04 22:45:00,85.226
2026-06-04 23:00:00,2026-06-04 23:00:00,85.221
2026-06-04 23:15:00,2026-06-04 23:15:00,85.227
2026-06-04 23:30:00,2026-06-04 23:30:00,85.228
2026-06-04 23:45:00,2026-06-04 23:45:00,85.225
2026-06-05 00:00:00,2026-06-05 00:00:00,85.23
2026-06-05 00:15:00,2026-06-05 00:15:00,85.233
2026-06-05 00:30:00,2026-06-05 00:30:00,85.235
2026-06-05 00:45:00,2026-06-05 00:45:00,85.23
2026-06-05 01:00:00,2026-06-05 01:00:00,85.227
2026-06-05 01:15:00,2026-06-05 01:15:00,85.234
2026-06-05 01:30:00,2026-06-05 01:30:00,85.234
2026-06-05 01:45:00,2026-06-05 01:45:00,85.222
2026-06-05 02:00:00,2026-06-05 02:00:00,85.233
2026-06-05 02:15:00,2026-06-05 02:15:00,85.236
2026-06-05 02:30:00,2026-06-05 02:30:00,85.233
2026-06-05 02:45:00,2026-06-05 02:45:00,85.239
2026-06-05 03:00:00,2026-06-05 03:00:00,85.239
2026-06-05 03:15:00,2026-06-05 03:15:00,85.232
2026-06-05 03:30:00,2026-06-05 03:30:00,85.229
2026-06-05 03:45:00,2026-06-05 03:45:00,85.236
2026-06-05 04:00:00,2026-06-05 04:00:00,85.233
2026-06-05 04:15:00,2026-06-05 04:15:00,85.223
2026-06-05 04:30:00,2026-06-05 04:30:00,85.227
2026-06-05 04:45:00,2026-06-05 04:45:00,85.229
2026-06-05 05:00:00,2026-06-05 05:00:00,85.221
2026-06-05 05:15:00,2026-06-05 05:15:00,85.225
2026-06-05 05:30:00,2026-06-05 05:30:00,85.228
2026-06-05 05:45:00,2026-06-05 05:45:00,85.222
2026-06-05 06:00:00,2026-06-05 06:00:00,85.227
2026-06-05 06:15:00,2026-06-05 06:15:00,85.223
2026-06-05 06:30:00,2026-06-05 06:30:00,85.217
2026-06-05 06:45:00,2026-06-05 06:45:00,85.223
2026-06-05 07:00:00,2026-06-05 07:00:00,85.213
2026-06-05 07:15:00,2026-06-05 07:15:00,85.222
2026-06-05 07:30:00,2026-06-05 07:30:00,85.213
2026-06-05 07:45:00,2026-06-05 07:45:00,85.218
2026-06-05 08:00:00,2026-06-05 08:00:00,85.22
2026-06-05 08:15:00,2026-06-05 08:15:00,85.222
2026-06-05 08:30:00,2026-06-05 08:30:00,85.221
2026-06-05 08:45:00,2026-06-05 08:45:00,85.223
2026-06-05 09:00:00,2026-06-05 09:00:00,85.221
2026-06-05 09:15:00,2026-06-05 09:15:00,85.218
2026-06-05 09:30:00,2026-06-05 09:30:00,85.228
2026-06-05 09:45:00,2026-06-05 09:45:00,85.229
2026-06-05 10:00:00,2026-06-05 10:00:00,85.221
2026-06-05 10:15:00,2026-06-05 10:15:00,85.215
2026-06-05 10:30:00,2026-06-05 10:30:00,85.208
2026-06-05 10:45:00,2026-06-05 10:45:00,85.21
2026-06-05 11:00:00,2026-06-05 11:00:00,85.217
2026-06-05 11:15:00,2026-06-05 11:15:00,85.22
2026-06-05 11:30:00,2026-06-05 11:30:00,85.207
2026-06-05 11:45:00,2026-06-05 11:45:00,85.214
2026-06-05 12:00:00,2026-06-05 12:00:00,85.209
2026-06-05 12:15:00,2026-06-05 12:15:00,85.221
2026-06-05 12:30:00,2026-06-05 12:30:00,85.214
2026-06-05 12:45:00,2026-06-05 12:45:00,85.211
2026-06-05 13:00:00,2026-06-05 13:00:00,85.205
2026-06-05 13:15:00,2026-06-05 13:15:00,85.223
2026-06-05 13:30:00,2026-06-05 13:30:00,85.218
2026-06-05 13:45:00,2026-06-05 13:45:00,85.214
2026-06-05 14:00:00,2026-06-05 14:00:00,85.223
2026-06-05 14:15:00,2026-06-05 14:15:00,85.221
2026-06-05 14:30:00,2026-06-05 14:30:00,85.218
2026-06-05 14:45:00,2026-06-05 14:45:00,85.218
2026-06-05 15:00:00,2026-06-05 15:00:00,85.221
2026-06-05 15:15:00,2026-06-05 15:15:00,85.213
2026-06-05 15:30:00,2026-06-05 15:30:00,85.218
2026-06-05 15:45:00,2026-06-05 15:45:00,85.218
2026-06-05 16:00:00,2026-06-05 16:00:00,85.207
2026-06-05 16:15:00,2026-06-05 16:15:00,85.212
2026-06-05 16:30:00,2026-06-05 16:30:00,85.209
2026-06-05 16:45:00,2026-06-05 16:45:00,85.213
2026-06-05 17:00:00,2026-06-05 17:00:00,85.213
2026-06-05 17:15:00,2026-06-05 17:15:00,85.203
2026-06-05 17:30:00,2026-06-05 17:30:00,85.199
2026-06-05 17:45:00,2026-06-05 17:45:00,85.218
2026-06-05 18:00:00,2026-06-05 18:00:00,85.213
2026-06-05 18:15:00,2026-06-05 18:15:00,85.205
2026-06-05 18:30:00,2026-06-05 18:30:00,85.209
2026-06-05 18:45:00,2026-06-05 18:45:00,85.201
2026-06-05 19:00:00,2026-06-05 19:00:00,85.205
2026-06-05 19:15:00,2026-06-05 19:15:00,85.21
2026-06-05 19:30:00,2026-06-05 19:30:00,85.211
2026-06-05 19:45:00,2026-06-05 19:45:00,85.213
2026-06-05 20:00:00,2026-06-05 20:00:00,85.211
2026-06-05 20:15:00,2026-06-05 20:15:00,85.205
2026-06-05 20:30:00,2026-06-05 20:30:00,85.205
2026-06-05 20:45:00,2026-06-05 20:45:00,85.213
2026-06-05 21:00:00,2026-06-05 21:00:00,85.212
2026-06-05 21:15:00,2026-06-05 21:15:00,85.212
2026-06-05 21:30:00,2026-06-05 21:30:00,85.207
2026-06-05 21:45:00,2026-06-05 21:45:00,85.214
2026-06-05 22:00:00,2026-06-05 22:00:00,85.211
2026-06-05 22:15:00,2026-06-05 22:15:00,85.213
2026-06-05 22:30:00,2026-06-05 22:30:00,85.218
2026-06-05 22:45:00,2026-06-05 22:45:00,85.213
2026-06-05 23:00:00,2026-06-05 23:00:00,85.215
2026-06-05 23:15:00,2026-06-05 23:15:00,85.22
2026-06-05 23:30:00,2026-06-05 23:30:00,85.223
2026-06-05 23:45:00,2026-06-05 23:45:00,85.221
2026-06-06 00:00:00,2026-06-06 00:00:00,85.222
2026-06-06 00:15:00,2026-06-06 00:15:00,85.221
2026-06-06 00:30:00,2026-06-06 00:30:00,85.218
2026-06-06 00:45:00,2026-06-06 00:45:00,85.224
2026-06-06 01:00:00,2026-06-06 01:00:00,85.222
2026-06-06 01:15:00,2026-06-06 01:15:00,85.23
2026-06-06 01:30:00,2026-06-06 01:30:00,85.229
2026-06-06 01:45:00,2026-06-06 01:45:00,85.222
2026-06-06 02:00:00,2026-06-06 02:00:00,85.22
2026-06-06 02:15:00,2026-06-06 02:15:00,85.223
2026-06-06 02:30:00,2026-06-06 02:30:00,85.224
2026-06-06 02:45:00,2026-06-06 02:45:00,85.221
2026-06-06 03:00:00,2026-06-06 03:00:00,85.225
2026-06-06 03:15:00,2026-06-06 03:15:00,85.227
2026-06-06 03:30:00,2026-06-06 03:30:00,85.229
2026-06-06 03:45:00,2026-06-06 03:45:00,85.225
2026-06-06 04:00:00,2026-06-06 04:00:00,85.225
2026-06-06 04:15:00,2026-06-06 04:15:00,85.229
2026-06-06 04:30:00,2026-06-06 04:30:00,85.224
2026-06-06 04:45:00,2026-06-06 04:45:00,85.215
2026-06-06 05:00:00,2026-06-06 05:00:00,85.213
2026-06-06 05:15:00,2026-06-06 05:15:00,85.226
2026-06-06 05:30:00,2026-06-06 05:30:00,85.225
2026-06-06 05:45:00,2026-06-06 05:45:00,85.224
2026-06-06 06:00:00,2026-06-06 06:00:00,85.231
2026-06-06 06:15:00,2026-06-06 06:15:00,85.218
2026-06-06 06:30:00,2026-06-06 06:30:00,85.211
2026-06-06 06:45:00,2026-06-06 06:45:00,85.219
2026-06-06 07:00:00,2026-06-06 07:00:00,85.221
2026-06-06 07:15:00,2026-06-06 07:15:00,85.217
2026-06-06 07:30:00,2026-06-06 07:30:00,85.211
2026-06-06 07:45:00,2026-06-06 07:45:00,85.22
2026-06-06 08:00:00,2026-06-06 08:00:00,85.223
2026-06-06 08:15:00,2026-06-06 08:15:00,85.225
2026-06-06 08:30:00,2026-06-06 08:30:00,85.225
2026-06-06 08:45:00,2026-06-06 08:45:00,85.219
2026-06-06 09:00:00,2026-06-06 09:00:00,85.219
2026-06-06 09:15:00,2026-06-06 09:15:00,85.213
2026-06-06 09:30:00,2026-06-06 09:30:00,85.212
2026-06-06 09:45:00,2026-06-06 09:45:00,85.215
2026-06-06 10:00:00,2026-06-06 10:00:00,85.209
2026-06-06 10:15:00,2026-06-06 10:15:00,85.218
2026-06-06 10:30:00,2026-06-06 10:30:00,85.207
2026-06-06 10:45:00,2026-06-06 10:45:00,85.217
2026-06-06 11:00:00,2026-06-06 11:00:00,85.22
2026-06-06 11:15:00,2026-06-06 11:15:00,85.223
2026-06-06 11:30:00,2026-06-06 11:30:00,85.218
2026-06-06 11:45:00,2026-06-06 11:45:00,85.219
2026-06-06 12:00:00,2026-06-06 12:00:00,85.222
2026-06-06 12:15:00,2026-06-06 12:15:00,85.222
2026-06-06 12:30:00,2026-06-06 12:30:00,85.228
2026-06-06 12:45:00,2026-06-06 12:45:00,85.206
2026-06-06 13:00:00,2026-06-06 13:00:00,85.21
2026-06-06 13:15:00,2026-06-06 13:15:00,85.223
2026-06-06 13:30:00,2026-06-06 13:30:00,85.23
2026-06-06 13:45:00,2026-06-06 13:45:00,85.218
2026-06-06 14:00:00,2026-06-06 14:00:00,85.223
2026-06-06 14:15:00,2026-06-06 14:15:00,85.225
2026-06-06 14:30:00,2026-06-06 14:30:00,85.224
2026-06-06 14:45:00,2026-06-06 14:45:00,85.221
2026-06-06 15:00:00,2026-06-06 15:00:00,85.217
2026-06-06 15:15:00,2026-06-06 15:15:00,85.229
2026-06-06 15:30:00,2026-06-06 15:30:00,85.228
2026-06-06 15:45:00,2026-06-06 15:45:00,85.217
2026-06-06 16:00:00,2026-06-06 16:00:00,85.214
2026-06-06 16:15:00,2026-06-06 16:15:00,85.214
2026-06-06 16:30:00,2026-06-06 16:30:00,85.209
2026-06-06 16:45:00,2026-06-06 16:45:00,85.218
2026-06-06 17:00:00,2026-06-06 17:00:00,85.225
2026-06-06 17:15:00,2026-06-06 17:15:00,85.212
2026-06-06 17:30:00,2026-06-06 17:30:00,85.213
2026-06-06 17:45:00,2026-06-06 17:45:00,85.218
2026-06-06 18:00:00,2026-06-06 18:00:00,85.214
2026-06-06 18:15:00,2026-06-06 18:15:00,85.219
2026-06-06 18:30:00,2026-06-06 18:30:00,85.226
2026-06-06 18:45:00,2026-06-06 18:45:00,85.218
2026-06-06 19:00:00,2026-06-06 19:00:00,85.215
2026-06-06 19:15:00,2026-06-06 19:15:00,85.222
2026-06-06 19:30:00,2026-06-06 19:30:00,85.215
2026-06-06 19:45:00,2026-06-06 19:45:00,85.213
2026-06-06 20:00:00,2026-06-06 20:00:00,85.218
2026-06-06 20:15:00,2026-06-06 20:15:00,85.22
2026-06-06 20:30:00,2026-06-06 20:30:00,85.218
2026-06-06 20:45:00,2026-06-06 20:45:00,85.219
2026-06-06 21:00:00,2026-06-06 21:00:00,85.219
2026-06-06 21:15:00,2026-06-06 21:15:00,85.225
2026-06-06 21:30:00,2026-06-06 21:30:00,85.222
2026-06-06 21:45:00,2026-06-06 21:45:00,85.219
2026-06-06 22:00:00,2026-06-06 22:00:00,85.214
2026-06-06 22:15:00,2026-06-06 22:15:00,85.222
2026-06-06 22:30:00,2026-06-06 22:30:00,85.226
2026-06-06 22:45:00,2026-06-06 22:45:00,85.225
2026-06-06 23:00:00,2026-06-06 23:00:00,85.224
2026-06-06 23:15:00,2026-06-06 23:15:00,85.226
2026-06-06 23:30:00,2026-06-06 23:30:00,85.233
2026-06-06 23:45:00,2026-06-06 23:45:00,85.223
2026-06-07 00:00:00,2026-06-07 00:00:00,85.224
2026-06-07 00:15:00,2026-06-07 00:15:00,85.225
2026-06-07 00:30:00,2026-06-07 00:30:00,85.221
2026-06-07 00:45:00,2026-06-07 00:45:00,85.218
2026-06-07 01:00:00,2026-06-07 01:00:00,85.218
2026-06-07 01:15:00,2026-06-07 01:15:00,85.219
2026-06-07 01:30:00,2026-06-07 01:30:00,85.212
2026-06-07 01:45:00,2026-06-07 01:45:00,85.225
2026-06-07 02:00:00,2026-06-07 02:00:00,85.228
2026-06-07 02:15:00,2026-06-07 02:15:00,85.229
2026-06-07 02:30:00,2026-06-07 02:30:00,85.232
2026-06-07 02:45:00,2026-06-07 02:45:00,85.222
2026-06-07 03:00:00,2026-06-07 03:00:00,85.22
2026-06-07 03:15:00,2026-06-07 03:15:00,85.228
2026-06-07 03:30:00,2026-06-07 03:30:00,85.23
2026-06-07 03:45:00,2026-06-07 03:45:00,85.225
2026-06-07 04:00:00,2026-06-07 04:00:00,85.227
2026-06-07 04:15:00,2026-06-07 04:15:00,85.228
2026-06-07 04:30:00,2026-06-07 04:30:00,85.224
2026-06-07 04:45:00,2026-06-07 04:45:00,85.225
2026-06-07 05:00:00,2026-06-07 05:00:00,85.231
2026-06-07 05:15:00,2026-06-07 05:15:00,85.215
2026-06-07 05:30:00,2026-06-07 05:30:00,85.208
2026-06-07 05:45:00,2026-06-07 05:45:00,85.216
2026-06-07 06:00:00,2026-06-07 06:00:00,85.216
2026-06-07 06:15:00,2026-06-07 06:15:00,85.224
2026-06-07 06:30:00,2026-06-07 06:30:00,85.225
2026-06-07 06:45:00,2026-06-07 06:45:00,85.218
2026-06-07 07:00:00,2026-06-07 07:00:00,85.221
2026-06-07 07:15:00,2026-06-07 07:15:00,85.221
2026-06-07 07:30:00,2026-06-07 07:30:00,85.225
2026-06-07 07:45:00,2026-06-07 07:45:00,85.231
2026-06-07 08:00:00,2026-06-07 08:00:00,85.22
2026-06-07 08:15:00,2026-06-07 08:15:00,85.22
2026-06-07 08:30:00,2026-06-07 08:30:00,85.222
2026-06-07 08:45:00,2026-06-07 08:45:00,85.229
2026-06-07 09:00:00,2026-06-07 09:00:00,85.227
2026-06-07 09:15:00,2026-06-07 09:15:00,85.233
2026-06-07 09:30:00,2026-06-07 09:30:00,85.233
2026-06-07 09:45:00,2026-06-07 09:45:00,85.207
2026-06-07 10:00:00,2026-06-07 10:00:00,85.218
2026-06-07 10:15:00,2026-06-07 10:15:00,85.222
2026-06-07 10:30:00,2026-06-07 10:30:00,85.219
2026-06-07 10:45:00,2026-06-07 10:45:00,85.241
2026-06-07 11:00:00,2026-06-07 11:00:00,85.235
2026-06-07 11:15:00,2026-06-07 11:15:00,85.235
2026-06-07 11:30:00,2026-06-07 11:30:00,85.237
2026-06-07 11:45:00,2026-06-07 11:45:00,85.241
2026-06-07 12:00:00,2026-06-07 12:00:00,85.236
2026-06-07 12:15:00,2026-06-07 12:15:00,85.246
2026-06-07 12:30:00,2026-06-07 12:30:00,85.247
2026-06-07 12:45:00,2026-06-07 12:45:00,85.239
2026-06-07 13:00:00,2026-06-07 13:00:00,85.231
2026-06-07 13:15:00,2026-06-07 13:15:00,85.229
2026-06-07 13:30:00,2026-06-07 13:30:00,85.24
2026-06-07 13:45:00,2026-06-07 13:45:00,85.226
2026-06-07 14:00:00,2026-06-07 14:00:00,85.226
2026-06-07 14:15:00,2026-06-07 14:15:00,85.229
2026-06-07 14:30:00,2026-06-07 14:30:00,85.222
2026-06-07 14:45:00,2026-06-07 14:45:00,85.227
2026-06-07 15:00:00,2026-06-07 15:00:00,85.231
2026-06-07 15:15:00,2026-06-07 15:15:00,85.231
2026-06-07 15:30:00,2026-06-07 15:30:00,85.227
2026-06-07 15:45:00,2026-06-07 15:45:00,85.229
2026-06-07 16:00:00,2026-06-07 16:00:00,85.22
2026-06-07 16:15:00,2026-06-07 16:15:00,85.231
2026-06-07 16:30:00,2026-06-07 16:30:00,85.236
2026-06-07 16:45:00,2026-06-07 16:45:00,85.231
2026-06-07 17:00:00,2026-06-07 17:00:00,85.235
2026-06-07 17:15:00,2026-06-07 17:15:00,85.225
2026-06-07 17:30:00,2026-06-07 17:30:00,85.215
2026-06-07 17:45:00,2026-06-07 17:45:00,85.218
2026-06-07 18:00:00,2026-06-07 18:00:00,85.22
2026-06-07 18:15:00,2026-06-07 18:15:00,85.223
2026-06-07 18:30:00,2026-06-07 18:30:00,85.228
2026-06-07 18:45:00,2026-06-07 18:45:00,85.227
2026-06-07 19:00:00,2026-06-07 19:00:00,85.219
2026-06-07 19:15:00,2026-06-07 19:15:00,85.212
2026-06-07 19:30:00,2026-06-07 19:30:00,85.209
2026-06-07 19:45:00,2026-06-07 19:45:00,85.223
2026-06-07 20:00:00,2026-06-07 20:00:00,85.222
2026-06-07 20:15:00,2026-06-07 20:15:00,85.227
2026-06-07 20:30:00,2026-06-07 20:30:00,85.23
2026-06-07 20:45:00,2026-06-07 20:45:00,85.23
2026-06-07 21:00:00,2026-06-07 21:00:00,85.227
2026-06-07 21:15:00,2026-06-07 21:15:00,85.235
2026-06-07 21:30:00,2026-06-07 21:30:00,85.237
2026-06-07 21:45:00,2026-06-07 21:45:00,85.227
2026-06-07 22:00:00,2026-06-07 22:00:00,85.23
2026-06-07 22:15:00,2026-06-07 22:15:00,85.23
2026-06-07 22:30:00,2026-06-07 22:30:00,85.227
2026-06-07 22:45:00,2026-06-07 22:45:00,85.231
2026-06-07 23:00:00,2026-06-07 23:00:00,85.231
2026-06-07 23:15:00,2026-06-07 23:15:00,85.229
2026-06-07 23:30:00,2026-06-07 23:30:00,85.227
2026-06-07 23:45:00,2026-06-07 23:45:00,85.222
2026-06-08 00:00:00,2026-06-08 00:00:00,85.225
2026-06-08 00:15:00,2026-06-08 00:15:00,85.229
2026-06-08 00:30:00,2026-06-08 00:30:00,85.229
2026-06-08 00:45:00,2026-06-08 00:45:00,85.229
2026-06-08 01:00:00,2026-06-08 01:00:00,85.229
2026-06-08 01:15:00,2026-06-08 01:15:00,85.222
2026-06-08 01:30:00,2026-06-08 01:30:00,85.227
2026-06-08 01:45:00,2026-06-08 01:45:00,85.221
2026-06-08 02:00:00,2026-06-08 02:00:00,85.227
2026-06-08 02:15:00,2026-06-08 02:15:00,85.226
2026-06-08 02:30:00,2026-06-08 02:30:00,85.227
2026-06-08 02:45:00,2026-06-08 02:45:00,85.227
2026-06-08 03:00:00,2026-06-08 03:00:00,85.226
2026-06-08 03:15:00,2026-06-08 03:15:00,85.222
2026-06-08 03:30:00,2026-06-08 03:30:00,85.224
2026-06-08 03:45:00,2026-06-08 03:45:00,85.228
2026-06-08 04:00:00,2026-06-08 04:00:00,85.225
2026-06-08 04:15:00,2026-06-08 04:15:00,85.215
2026-06-08 04:30:00,2026-06-08 04:30:00,85.217
2026-06-08 04:45:00,2026-06-08 04:45:00,85.227
2026-06-08 05:00:00,2026-06-08 05:00:00,85.225
2026-06-08 05:15:00,2026-06-08 05:15:00,85.222
2026-06-08 05:30:00,2026-06-08 05:30:00,85.219
2026-06-08 05:45:00,2026-06-08 05:45:00,85.216
2026-06-08 06:00:00,2026-06-08 06:00:00,85.216
2026-06-08 06:15:00,2026-06-08 06:15:00,85.217
2026-06-08 06:30:00,2026-06-08 06:30:00,85.221
2026-06-08 06:45:00,2026-06-08 06:45:00,85.223
2026-06-08 07:00:00,2026-06-08 07:00:00,85.221
2026-06-08 07:15:00,2026-06-08 07:15:00,85.216
2026-06-08 07:30:00,2026-06-08 07:30:00,85.21
2026-06-08 07:45:00,2026-06-08 07:45:00,85.219
2026-06-08 08:00:00,2026-06-08 08:00:00,85.215
2026-06-08 08:15:00,2026-06-08 08:15:00,85.217
2026-06-08 08:30:00,2026-06-08 08:30:00,85.217
2026-06-08 08:45:00,2026-06-08 08:45:00,85.215
2026-06-08 09:00:00,2026-06-08 09:00:00,85.203
2026-06-08 09:15:00,2026-06-08 09:15:00,85.206
2026-06-08 09:30:00,2026-06-08 09:30:00,85.209
2026-06-08 09:45:00,2026-06-08 09:45:00,85.212
2026-06-08 10:00:00,2026-06-08 10:00:00,85.222
2026-06-08 10:15:00,2026-06-08 10:15:00,85.214
2026-06-08 10:30:00,2026-06-08 10:30:00,85.213
2026-06-08 10:45:00,2026-06-08 10:45:00,85.219
2026-06-08 11:00:00,2026-06-08 11:00:00,85.212
2026-06-08 11:15:00,2026-06-08 11:15:00,85.208
2026-06-08 11:30:00,2026-06-08 11:30:00,85.207
2026-06-08 11:45:00,2026-06-08 11:45:00,85.207
2026-06-08 12:00:00,2026-06-08 12:00:00,85.202
2026-06-08 12:15:00,2026-06-08 12:15:00,85.214
2026-06-08 12:30:00,2026-06-08 12:30:00,85.221
2026-06-08 12:45:00,2026-06-08 12:45:00,85.213
2026-06-08 13:00:00,2026-06-08 13:00:00,85.213
2026-06-08 13:15:00,2026-06-08 13:15:00,85.204
2026-06-08 13:30:00,2026-06-08 13:30:00,85.202
2026-06-08 13:45:00,2026-06-08 13:45:00,85.2
2026-06-08 14:00:00,2026-06-08 14:00:00,85.201
2026-06-08 14:15:00,2026-06-08 14:15:00,85.21
2026-06-08 14:30:00,2026-06-08 14:30:00,85.202
2026-06-08 14:45:00,2026-06-08 14:45:00,85.21
2026-06-08 15:00:00,2026-06-08 15:00:00,85.21
2026-06-08 15:15:00,2026-06-08 15:15:00,85.202
2026-06-08 15:30:00,2026-06-08 15:30:00,85.205
2026-06-08 15:45:00,2026-06-08 15:45:00,85.208
2026-06-08 16:00:00,2026-06-08 16:00:00,85.208
2026-06-08 16:15:00,2026-06-08 16:15:00,85.2
2026-06-08 16:30:00,2026-06-08 16:30:00,85.201
2026-06-08 16:45:00,2026-06-08 16:45:00,85.2
2026-06-08 17:00:00,2026-06-08 17:00:00,85.197
2026-06-08 17:15:00,2026-06-08 17:15:00,85.205
2026-06-08 17:30:00,2026-06-08 17:30:00,85.204
2026-06-08 17:45:00,2026-06-08 17:45:00,85.199
2026-06-08 18:00:00,2026-06-08 18:00:00,85.198
2026-06-08 18:15:00,2026-06-08 18:15:00,85.194
2026-06-08 18:30:00,2026-06-08 18:30:00,85.184
2026-06-08 18:45:00,2026-06-08 18:45:00,85.188
2026-06-08 19:00:00,2026-06-08 19:00:00,85.186
2026-06-08 19:15:00,2026-06-08 19:15:00,85.191
2026-06-08 19:30:00,2026-06-08 19:30:00,85.194
2026-06-08 19:45:00,2026-06-08 19:45:00,85.189
2026-06-08 20:00:00,2026-06-08 20:00:00,85.189
2026-06-08 20:15:00,2026-06-08 20:15:00,85.185
2026-06-08 20:30:00,2026-06-08 20:30:00,85.19
2026-06-08 20:45:00,2026-06-08 20:45:00,85.188
2026-06-08 21:00:00,2026-06-08 21:00:00,85.192
2026-06-08 21:15:00,2026-06-08 21:15:00,85.193
2026-06-08 21:30:00,2026-06-08 21:30:00,85.194
2026-06-08 21:45:00,2026-06-08 21:45:00,85.194
2026-06-08 22:00:00,2026-06-08 22:00:00,85.191
2026-06-08 22:15:00,2026-06-08 22:15:00,85.19
2026-06-08 22:30:00,2026-06-08 22:30:00,85.187
2026-06-08 22:45:00,2026-06-08 22:45:00,85.192
2026-06-08 23:00:00,2026-06-08 23:00:00,85.191
2026-06-08 23:15:00,2026-06-08 23:15:00,85.185
2026-06-08 23:30:00,2026-06-08 23:30:00,85.186
2026-06-08 23:45:00,2026-06-08 23:45:00,85.185
2026-06-09 00:00:00,2026-06-09 00:00:00,85.179
2026-06-09 00:15:00,2026-06-09 00:15:00,85.184
2026-06-09 00:30:00,2026-06-09 00:30:00,85.185
2026-06-09 00:45:00,2026-06-09 00:45:00,85.179
2026-06-09 01:00:00,2026-06-09 01:00:00,85.183
2026-06-09 01:15:00,2026-06-09 01:15:00,85.191
2026-06-09 01:30:00,2026-06-09 01:30:00,85.187
2026-06-09 01:45:00,2026-06-09 01:45:00,85.183
2026-06-09 02:00:00,2026-06-09 02:00:00,85.191
2026-06-09 02:15:00,2026-06-09 02:15:00,85.188
2026-06-09 02:30:00,2026-06-09 02:30:00,85.181
2026-06-09 02:45:00,2026-06-09 02:45:00,85.193
2026-06-09 03:00:00,2026-06-09 03:00:00,85.193
2026-06-09 03:15:00,2026-06-09 03:15:00,85.19
2026-06-09 03:30:00,2026-06-09 03:30:00,85.189
2026-06-09 03:45:00,2026-06-09 03:45:00,85.189
2026-06-09 04:00:00,2026-06-09 04:00:00,85.186
2026-06-09 04:15:00,2026-06-09 04:15:00,85.187
2026-06-09 04:30:00,2026-06-09 04:30:00,85.187
2026-06-09 04:45:00,2026-06-09 04:45:00,85.183
2026-06-09 05:00:00,2026-06-09 05:00:00,85.183
2026-06-09 05:15:00,2026-06-09 05:15:00,85.173
2026-06-09 05:30:00,2026-06-09 05:30:00,85.174
2026-06-09 05:45:00,2026-06-09 05:45:00,85.19
2026-06-09 06:00:00,2026-06-09 06:00:00,85.18
2026-06-09 06:15:00,2026-06-09 06:15:00,85.191
2026-06-09 06:30:00,2026-06-09 06:30:00,85.186
2026-06-09 06:45:00,2026-06-09 06:45:00,85.169
2026-06-09 07:00:00,2026-06-09 07:00:00,85.171
2026-06-09 07:15:00,2026-06-09 07:15:00,85.184
2026-06-09 07:30:00,2026-06-09 07:30:00,85.182
2026-06-09 07:45:00,2026-06-09 07:45:00,85.178
2026-06-09 08:00:00,2026-06-09 08:00:00,85.186
2026-06-09 08:15:00,2026-06-09 08:15:00,85.168
2026-06-09 08:30:00,2026-06-09 08:30:00,85.162
2026-06-09 08:45:00,2026-06-09 08:45:00,85.158
2026-06-09 09:00:00,2026-06-09 09:00:00,85.157
2026-06-09 09:15:00,2026-06-09 09:15:00,85.174
2026-06-09 09:30:00,2026-06-09 09:30:00,85.173
2026-06-09 09:45:00,2026-06-09 09:45:00,85.179
2026-06-09 10:00:00,2026-06-09 10:00:00,85.173
2026-06-09 10:15:00,2026-06-09 10:15:00,85.156
2026-06-09 10:30:00,2026-06-09 10:30:00,85.153
2026-06-09 10:45:00,2026-06-09 10:45:00,85.163
2026-06-09 11:00:00,2026-06-09 11:00:00,85.177
2026-06-09 11:15:00,2026-06-09 11:15:00,85.167
2026-06-09 11:30:00,2026-06-09 11:30:00,85.175
2026-06-09 11:45:00,2026-06-09 11:45:00,85.173
2026-06-09 12:00:00,2026-06-09 12:00:00,85.168
2026-06-09 12:15:00,2026-06-09 12:15:00,85.163
2026-06-09 12:30:00,2026-06-09 12:30:00,85.157
2026-06-09 12:45:00,2026-06-09 12:45:00,85.165
2026-06-09 13:00:00,2026-06-09 13:00:00,85.168
2026-06-09 13:15:00,2026-06-09 13:15:00,85.152
2026-06-09 13:30:00,2026-06-09 13:30:00,85.167
2026-06-09 13:45:00,2026-06-09 13:45:00,85.172
2026-06-09 14:00:00,2026-06-09 14:00:00,85.166
2026-06-09 14:15:00,2026-06-09 14:15:00,85.167
2026-06-09 14:30:00,2026-06-09 14:30:00,85.168
2026-06-09 14:45:00,2026-06-09 14:45:00,85.163
2026-06-09 15:00:00,2026-06-09 15:00:00,85.159
2026-06-09 15:15:00,2026-06-09 15:15:00,85.162
2026-06-09 15:30:00,2026-06-09 15:30:00,85.16
2026-06-09 15:45:00,2026-06-09 15:45:00,85.17
2026-06-09 16:00:00,2026-06-09 16:00:00,85.161
2026-06-09 16:15:00,2026-06-09 16:15:00,85.155
2026-06-09 16:30:00,2026-06-09 16:30:00,85.151
2026-06-09 16:45:00,2026-06-09 16:45:00,85.152
2026-06-09 17:00:00,2026-06-09 17:00:00,85.155
2026-06-09 17:15:00,2026-06-09 17:15:00,85.146
2026-06-09 17:30:00,2026-06-09 17:30:00,85.144
2026-06-09 17:45:00,2026-06-09 17:45:00,85.144
2026-06-09 18:00:00,2026-06-09 18:00:00,85.144
2026-06-09 18:15:00,2026-06-09 18:15:00,85.147
2026-06-09 18:30:00,2026-06-09 18:30:00,85.144
2026-06-09 18:45:00,2026-06-09 18:45:00,85.146
2026-06-09 19:00:00,2026-06-09 19:00:00,85.145
2026-06-09 19:15:00,2026-06-09 19:15:00,85.145
2026-06-09 19:30:00,2026-06-09 19:30:00,85.154
2026-06-09 19:45:00,2026-06-09 19:45:00,85.153
2026-06-09 20:00:00,2026-06-09 20:00:00,85.154
2026-06-09 20:15:00,2026-06-09 20:15:00,85.152
2026-06-09 20:30:00,2026-06-09 20:30:00,85.156
2026-06-09 20:45:00,2026-06-09 20:45:00,85.154
2026-06-09 21:00:00,2026-06-09 21:00:00,85.152
2026-06-09 21:15:00,2026-06-09 21:15:00,85.157
2026-06-09 21:30:00,2026-06-09 21:30:00,85.155
2026-06-09 21:45:00,2026-06-09 21:45:00,85.157
2026-06-09 22:00:00,2026-06-09 22:00:00,85.161
2026-06-09 22:15:00,2026-06-09 22:15:00,85.154
2026-06-09 22:30:00,2026-06-09 22:30:00,85.152
2026-06-09 22:45:00,2026-06-09 22:45:00,85.15
2026-06-09 23:00:00,2026-06-09 23:00:00,85.148
2026-06-09 23:15:00,2026-06-09 23:15:00,85.148
2026-06-09 23:30:00,2026-06-09 23:30:00,85.149
2026-06-09 23:45:00,2026-06-09 23:45:00,85.154
2026-06-10 00:00:00,2026-06-10 00:00:00,85.157
2026-06-10 00:15:00,2026-06-10 00:15:00,85.151
2026-06-10 00:30:00,2026-06-10 00:30:00,85.154
2026-06-10 00:45:00,2026-06-10 00:45:00,85.149
2026-06-10 01:00:00,2026-06-10 01:00:00,85.151
2026-06-10 01:15:00,2026-06-10 01:15:00,85.156
2026-06-10 01:30:00,2026-06-10 01:30:00,85.154
2026-06-10 01:45:00,2026-06-10 01:45:00,85.149
2026-06-10 02:00:00,2026-06-10 02:00:00,85.151
2026-06-10 02:15:00,2026-06-10 02:15:00,85.154
2026-06-10 02:30:00,2026-06-10 02:30:00,85.148
2026-06-10 02:45:00,2026-06-10 02:45:00,85.151
2026-06-10 03:00:00,2026-06-10 03:00:00,85.152
2026-06-10 03:15:00,2026-06-10 03:15:00,85.161
2026-06-10 03:30:00,2026-06-10 03:30:00,85.157
2026-06-10 03:45:00,2026-06-10 03:45:00,85.154
2026-06-10 04:00:00,2026-06-10 04:00:00,85.152
2026-06-10 04:15:00,2026-06-10 04:15:00,85.146
2026-06-10 04:30:00,2026-06-10 04:30:00,85.146
2026-06-10 04:45:00,2026-06-10 04:45:00,85.148
2026-06-10 05:00:00,2026-06-10 05:00:00,85.139
2026-06-10 05:15:00,2026-06-10 05:15:00,85.144
2026-06-10 05:30:00,2026-06-10 05:30:00,85.145
2026-06-10 05:45:00,2026-06-10 05:45:00,85.139
2026-06-10 06:00:00,2026-06-10 06:00:00,85.14
2026-06-10 06:15:00,2026-06-10 06:15:00,85.152
2026-06-10 06:30:00,2026-06-10 06:30:00,85.156
2026-06-10 06:45:00,2026-06-10 06:45:00,85.15
2026-06-10 07:00:00,2026-06-10 07:00:00,85.152
2026-06-10 07:15:00,2026-06-10 07:15:00,85.147
2026-06-10 07:30:00,2026-06-10 07:30:00,85.141
2026-06-10 07:45:00,2026-06-10 07:45:00,85.142
2026-06-10 08:00:00,2026-06-10 08:00:00,85.142
2026-06-10 08:15:00,2026-06-10 08:15:00,85.14
2026-06-10 08:30:00,2026-06-10 08:30:00,85.143
2026-06-10 08:45:00,2026-06-10 08:45:00,85.14
2026-06-10 09:00:00,2026-06-10 09:00:00,85.135
2026-06-10 09:15:00,2026-06-10 09:15:00,85.134
2026-06-10 09:30:00,2026-06-10 09:30:00,85.131
2026-06-10 09:45:00,2026-06-10 09:45:00,85.129
2026-06-10 10:00:00,2026-06-10 10:00:00,85.137
2026-06-10 10:15:00,2026-06-10 10:15:00,85.131
2026-06-10 10:30:00,2026-06-10 10:30:00,85.127
2026-06-10 10:45:00,2026-06-10 10:45:00,85.129
2026-06-10 11:00:00,2026-06-10 11:00:00,85.138
2026-06-10 11:15:00,2026-06-10 11:15:00,85.131
2026-06-10 11:30:00,2026-06-10 11:30:00,85.128
2026-06-10 11:45:00,2026-06-10 11:45:00,85.133
2026-06-10 12:00:00,2026-06-10 12:00:00,85.13
2026-06-10 12:15:00,2026-06-10 12:15:00,85.135
2026-06-10 12:30:00,2026-06-10 12:30:00,85.132
2026-06-10 12:45:00,2026-06-10 12:45:00,85.133
2026-06-10 13:00:00,2026-06-10 13:00:00,85.13
2026-06-10 13:15:00,2026-06-10 13:15:00,85.134
2026-06-10 13:30:00,2026-06-10 13:30:00,85.135
2026-06-10 13:45:00,2026-06-10 13:45:00,85.136
2026-06-10 14:00:00,2026-06-10 14:00:00,85.133
2026-06-10 14:15:00,2026-06-10 14:15:00,85.132
2026-06-10 14:30:00,2026-06-10 14:30:00,85.133
2026-06-10 14:45:00,2026-06-10 14:45:00,85.127
2026-06-10 15:00:00,2026-06-10 15:00:00,85.131
2026-06-10 15:15:00,2026-06-10 15:15:00,85.13
2026-06-10 15:30:00,2026-06-10 15:30:00,85.132
2026-06-10 15:45:00,2026-06-10 15:45:00,85.12
2026-06-10 16:00:00,2026-06-10 16:00:00,85.128
2026-06-10 16:15:00,2026-06-10 16:15:00,85.122
2026-06-10 16:30:00,2026-06-10 16:30:00,85.125
2026-06-10 16:45:00,2026-06-10 16:45:00,85.118
2026-06-10 17:00:00,2026-06-10 17:00:00,85.111
2026-06-10 17:15:00,2026-06-10 17:15:00,85.112
2026-06-10 17:30:00,2026-06-10 17:30:00,85.112
2026-06-10 17:45:00,2026-06-10 17:45:00,85.113
2026-06-10 18:00:00,2026-06-10 18:00:00,85.109
2026-06-10 18:15:00,2026-06-10 18:15:00,85.108
2026-06-10 18:30:00,2026-06-10 18:30:00,85.106
2026-06-10 18:45:00,2026-06-10 18:45:00,85.114
2026-06-10 19:00:00,2026-06-10 19:00:00,85.116
2026-06-10 19:15:00,2026-06-10 19:15:00,85.115
2026-06-10 19:30:00,2026-06-10 19:30:00,85.115
2026-06-10 19:45:00,2026-06-10 19:45:00,85.122
2026-06-10 20:00:00,2026-06-10 20:00:00,85.12
2026-06-10 20:15:00,2026-06-10 20:15:00,85.122
2026-06-10 20:30:00,2026-06-10 20:30:00,85.124
2026-06-10 20:45:00,2026-06-10 20:45:00,85.125
2026-06-10 21:00:00,2026-06-10 21:00:00,85.122
2026-06-10 21:15:00,2026-06-10 21:15:00,85.123
2026-06-10 21:30:00,2026-06-10 21:30:00,85.115
2026-06-10 21:45:00,2026-06-10 21:45:00,85.117
2026-06-10 22:00:00,2026-06-10 22:00:00,85.117
2026-06-10 22:15:00,2026-06-10 22:15:00,85.116
2026-06-10 22:30:00,2026-06-10 22:30:00,85.115
2026-06-10 22:45:00,2026-06-10 22:45:00,85.118
2026-06-10 23:00:00,2026-06-10 23:00:00,85.115
2026-06-10 23:15:00,2026-06-10 23:15:00,85.123
2026-06-10 23:30:00,2026-06-10 23:30:00,85.123
2026-06-10 23:45:00,2026-06-10 23:45:00,85.118
2026-06-11 00:00:00,2026-06-11 00:00:00,85.118
2026-06-11 00:15:00,2026-06-11 00:15:00,85.122
2026-06-11 00:30:00,2026-06-11 00:30:00,85.119
2026-06-11 00:45:00,2026-06-11 00:45:00,85.126
2026-06-11 01:00:00,2026-06-11 01:00:00,85.126
2026-06-11 01:15:00,2026-06-11 01:15:00,85.117
2026-06-11 01:30:00,2026-06-11 01:30:00,85.113
2026-06-11 01:45:00,2026-06-11 01:45:00,85.112
2026-06-11 02:00:00,2026-06-11 02:00:00,85.114
2026-06-11 02:15:00,2026-06-11 02:15:00,85.114
2026-06-11 02:30:00,2026-06-11 02:30:00,85.113
2026-06-11 02:45:00,2026-06-11 02:45:00,85.115
2026-06-11 03:00:00,2026-06-11 03:00:00,85.115
2026-06-11 03:15:00,2026-06-11 03:15:00,85.114
2026-06-11 03:30:00,2026-06-11 03:30:00,85.116
2026-06-11 03:45:00,2026-06-11 03:45:00,85.114
2026-06-11 04:00:00,2026-06-11 04:00:00,85.115
2026-06-11 04:15:00,2026-06-11 04:15:00,85.106
2026-06-11 04:30:00,2026-06-11 04:30:00,85.113
2026-06-11 04:45:00,2026-06-11 04:45:00,85.122
2026-06-11 05:00:00,2026-06-11 05:00:00,85.121
2026-06-11 05:15:00,2026-06-11 05:15:00,85.116
2026-06-11 05:30:00,2026-06-11 05:30:00,85.114
2026-06-11 05:45:00,2026-06-11 05:45:00,85.108
2026-06-11 06:00:00,2026-06-11 06:00:00,85.103
2026-06-11 06:15:00,2026-06-11 06:15:00,85.117
2026-06-11 06:30:00,2026-06-11 06:30:00,85.114
2026-06-11 06:45:00,2026-06-11 06:45:00,85.108
2026-06-11 07:00:00,2026-06-11 07:00:00,85.108
2026-06-11 07:15:00,2026-06-11 07:15:00,85.104
2026-06-11 07:30:00,2026-06-11 07:30:00,85.105
2026-06-11 07:45:00,2026-06-11 07:45:00,85.1
2026-06-11 08:00:00,2026-06-11 08:00:00,85.098
2026-06-11 08:15:00,2026-06-11 08:15:00,85.108
2026-06-11 08:30:00,2026-06-11 08:30:00,85.111
2026-06-11 08:45:00,2026-06-11 08:45:00,85.099
2026-06-11 09:00:00,2026-06-11 09:00:00,85.091
2026-06-11 09:15:00,2026-06-11 09:15:00,85.101
2026-06-11 09:30:00,2026-06-11 09:30:00,85.111
2026-06-11 09:45:00,2026-06-11 09:45:00,85.101
2026-06-11 10:00:00,2026-06-11 10:00:00,85.099
2026-06-11 10:15:00,2026-06-11 10:15:00,85.092
2026-06-11 10:30:00,2026-06-11 10:30:00,85.089
2026-06-11 10:45:00,2026-06-11 10:45:00,85.095
2026-06-11 11:00:00,2026-06-11 11:00:00,85.095
2026-06-11 11:15:00,2026-06-11 11:15:00,85.104
2026-06-11 11:30:00,2026-06-11 11:30:00,85.105
2026-06-11 11:45:00,2026-06-11 11:45:00,85.091
2026-06-11 12:00:00,2026-06-11 12:00:00,85.091
2026-06-11 12:15:00,2026-06-11 12:15:00,85.094
2026-06-11 12:30:00,2026-06-11 12:30:00,85.091
2026-06-11 12:45:00,2026-06-11 12:45:00,85.087
2026-06-11 13:00:00,2026-06-11 13:00:00,85.08
2026-06-11 13:15:00,2026-06-11 13:15:00,85.089
2026-06-11 13:30:00,2026-06-11 13:30:00,85.089
2026-06-11 13:45:00,2026-06-11 13:45:00,85.083
2026-06-11 14:00:00,2026-06-11 14:00:00,85.089
2026-06-11 14:15:00,2026-06-11 14:15:00,85.083
2026-06-11 14:30:00,2026-06-11 14:30:00,85.081
2026-06-11 14:45:00,2026-06-11 14:45:00,85.078
2026-06-11 15:00:00,2026-06-11 15:00:00,85.074
2026-06-11 15:15:00,2026-06-11 15:15:00,85.077
2026-06-11 15:30:00,2026-06-11 15:30:00,85.084
2026-06-11 15:45:00,2026-06-11 15:45:00,85.085
2026-06-11 16:00:00,2026-06-11 16:00:00,85.084
2026-06-11 16:15:00,2026-06-11 16:15:00,85.087
2026-06-11 16:30:00,2026-06-11 16:30:00,85.082
2026-06-11 16:45:00,2026-06-11 16:45:00,85.082
2026-06-11 17:00:00,2026-06-11 17:00:00,85.088
2026-06-11 17:15:00,2026-06-11 17:15:00,85.085
2026-06-11 17:30:00,2026-06-11 17:30:00,85.085
2026-06-11 17:45:00,2026-06-11 17:45:00,85.09
2026-06-11 18:00:00,2026-06-11 18:00:00,85.094
2026-06-11 18:15:00,2026-06-11 18:15:00,85.083
2026-06-11 18:30:00,2026-06-11 18:30:00,85.082
2026-06-11 18:45:00,2026-06-11 18:45:00,85.087
2026-06-11 19:00:00,2026-06-11 19:00:00,85.087
2026-06-11 19:15:00,2026-06-11 19:15:00,85.086
2026-06-11 19:30:00,2026-06-11 19:30:00,85.091
2026-06-11 19:45:00,2026-06-11 19:45:00,85.082
2026-06-11 20:00:00,2026-06-11 20:00:00,85.079
2026-06-11 20:15:00,2026-06-11 20:15:00,85.086
2026-06-11 20:30:00,2026-06-11 20:30:00,85.081
2026-06-11 20:45:00,2026-06-11 20:45:00,85.088
2026-06-11 21:00:00,2026-06-11 21:00:00,85.088
2026-06-11 21:15:00,2026-06-11 21:15:00,85.093
2026-06-11 21:30:00,2026-06-11 21:30:00,85.096
2026-06-11 21:45:00,2026-06-11 21:45:00,85.094
2026-06-11 22:00:00,2026-06-11 22:00:00,85.091
2026-06-11 22:15:00,2026-06-11 22:15:00,85.099
2026-06-11 22:30:00,2026-06-11 22:30:00,85.1
2026-06-11 22:45:00,2026-06-11 22:45:00,85.094
2026-06-11 23:00:00,2026-06-11 23:00:00,85.1
2026-06-11 23:15:00,2026-06-11 23:15:00,85.096
2026-06-11 23:30:00,2026-06-11 23:30:00,85.096
2026-06-11 23:45:00,2026-06-11 23:45:00,85.099
2026-06-12 00:00:00,2026-06-12 00:00:00,85.093
2026-06-12 00:15:00,2026-06-12 00:15:00,85.103
2026-06-12 00:30:00,2026-06-12 00:30:00,85.104
2026-06-12 00:45:00,2026-06-12 00:45:00,85.1
2026-06-12 01:00:00,2026-06-12 01:00:00,85.095
2026-06-12 01:15:00,2026-06-12 01:15:00,85.091
2026-06-12 01:30:00,2026-06-12 01:30:00,85.092
2026-06-12 01:45:00,2026-06-12 01:45:00,85.095
2026-06-12 02:00:00,2026-06-12 02:00:00,85.106
2026-06-12 02:15:00,2026-06-12 02:15:00,85.098
2026-06-12 02:30:00,2026-06-12 02:30:00,85.1
2026-06-12 02:45:00,2026-06-12 02:45:00,85.098
2026-06-12 03:00:00,2026-06-12 03:00:00,85.103
2026-06-12 03:15:00,2026-06-12 03:15:00,85.1
2026-06-12 03:30:00,2026-06-12 03:30:00,85.102
2026-06-12 03:45:00,2026-06-12 03:45:00,85.107
2026-06-12 04:00:00,2026-06-12 04:00:00,85.101
2026-06-12 04:15:00,2026-06-12 04:15:00,85.097
2026-06-12 04:30:00,2026-06-12 04:30:00,85.097
2026-06-12 04:45:00,2026-06-12 04:45:00,85.091
2026-06-12 05:00:00,2026-06-12 05:00:00,85.097
2026-06-12 05:15:00,2026-06-12 05:15:00,85.101
2026-06-12 05:30:00,2026-06-12 05:30:00,85.103
2026-06-12 05:45:00,2026-06-12 05:45:00,85.099
2026-06-12 06:00:00,2026-06-12 06:00:00,85.095
2026-06-12 06:15:00,2026-06-12 06:15:00,85.104
2026-06-12 06:30:00,2026-06-12 06:30:00,85.099
2026-06-12 06:45:00,2026-06-12 06:45:00,85.096
2026-06-12 07:00:00,2026-06-12 07:00:00,85.096
2026-06-12 07:15:00,2026-06-12 07:15:00,85.098
2026-06-12 07:30:00,2026-06-12 07:30:00,85.091
2026-06-12 07:45:00,2026-06-12 07:45:00,85.086
2026-06-12 08:00:00,2026-06-12 08:00:00,85.092
2026-06-12 08:15:00,2026-06-12 08:15:00,85.099
2026-06-12 08:30:00,2026-06-12 08:30:00,85.092
2026-06-12 08:45:00,2026-06-12 08:45:00,85.095
2026-06-12 09:00:00,2026-06-12 09:00:00,85.095
2026-06-12 09:15:00,2026-06-12 09:15:00,85.095
2026-06-12 09:30:00,2026-06-12 09:30:00,85.093
2026-06-12 09:45:00,2026-06-12 09:45:00,85.082
2026-06-12 10:00:00,2026-06-12 10:00:00,85.089
2026-06-12 10:15:00,2026-06-12 10:15:00,85.1
2026-06-12 10:30:00,2026-06-12 10:30:00,85.094
2026-06-12 10:45:00,2026-06-12 10:45:00,85.088
2026-06-12 11:00:00,2026-06-12 11:00:00,85.094
2026-06-12 11:15:00,2026-06-12 11:15:00,85.086
2026-06-12 11:30:00,2026-06-12 11:30:00,85.081
2026-06-12 11:45:00,2026-06-12 11:45:00,85.074
2026-06-12 12:00:00,2026-06-12 12:00:00,85.078
2026-06-12 12:15:00,2026-06-12 12:15:00,85.083
2026-06-12 12:30:00,2026-06-12 12:30:00,85.081
2026-06-12 12:45:00,2026-06-12 12:45:00,85.084
2026-06-12 13:00:00,2026-06-12 13:00:00,85.083
2026-06-12 13:15:00,2026-06-12 13:15:00,85.074
2026-06-12 13:30:00,2026-06-12 13:30:00,85.073
2026-06-12 13:45:00,2026-06-12 13:45:00,85.082
2026-06-12 14:00:00,2026-06-12 14:00:00,85.085
2026-06-12 14:15:00,2026-06-12 14:15:00,85.081
2026-06-12 14:30:00,2026-06-12 14:30:00,85.075
2026-06-12 14:45:00,2026-06-12 14:45:00,85.077
2026-06-12 15:00:00,2026-06-12 15:00:00,85.079
2026-06-12 15:15:00,2026-06-12 15:15:00,85.069
2026-06-12 15:30:00,2026-06-12 15:30:00,85.071
2026-06-12 15:45:00,2026-06-12 15:45:00,85.077
2026-06-12 16:00:00,2026-06-12 16:00:00,85.073
2026-06-12 16:15:00,2026-06-12 16:15:00,85.079
2026-06-12 16:30:00,2026-06-12 16:30:00,85.081
2026-06-12 16:45:00,2026-06-12 16:45:00,85.074
2026-06-12 17:00:00,2026-06-12 17:00:00,85.072
2026-06-12 17:15:00,2026-06-12 17:15:00,85.074
2026-06-12 17:30:00,2026-06-12 17:30:00,85.079
2026-06-12 17:45:00,2026-06-12 17:45:00,85.086
2026-06-12 18:00:00,2026-06-12 18:00:00,85.085
2026-06-12 18:15:00,2026-06-12 18:15:00,85.085
2026-06-12 18:30:00,2026-06-12 18:30:00,85.085
2026-06-12 18:45:00,2026-06-12 18:45:00,85.078
2026-06-12 19:00:00,2026-06-12 19:00:00,85.079
2026-06-12 19:15:00,2026-06-12 19:15:00,85.091
2026-06-12 19:30:00,2026-06-12 19:30:00,85.091
2026-06-12 19:45:00,2026-06-12 19:45:00,85.086
2026-06-12 20:00:00,2026-06-12 20:00:00,85.085
2026-06-12 20:15:00,2026-06-12 20:15:00,85.081
2026-06-12 20:30:00,2026-06-12 20:30:00,85.078
2026-06-12 20:45:00,2026-06-12 20:45:00,85.09
2026-06-12 21:00:00,2026-06-12 21:00:00,85.091
2026-06-12 21:15:00,2026-06-12 21:15:00,85.085
2026-06-12 21:30:00,2026-06-12 21:30:00,85.087
2026-06-12 21:45:00,2026-06-12 21:45:00,85.089
2026-06-12 22:00:00,2026-06-12 22:00:00,85.088
2026-06-12 22:15:00,2026-06-12 22:15:00,85.084
2026-06-12 22:30:00,2026-06-12 22:30:00,85.088
2026-06-12 22:45:00,2026-06-12 22:45:00,85.091
2026-06-12 23:00:00,2026-06-12 23:00:00,85.088
2026-06-12 23:15:00,2026-06-12 23:15:00,85.092
2026-06-12 23:30:00,2026-06-12 23:30:00,85.092
2026-06-12 23:45:00,2026-06-12 23:45:00,85.092
2026-06-13 00:00:00,2026-06-13 00:00:00,85.092
2026-06-13 00:15:00,2026-06-13 00:15:00,85.091
2026-06-13 00:30:00,2026-06-13 00:30:00,85.09
2026-06-13 00:45:00,2026-06-13 00:45:00,85.084
2026-06-13 01:00:00,2026-06-13 01:00:00,85.094
2026-06-13 01:15:00,2026-06-13 01:15:00,85.081
2026-06-13 01:30:00,2026-06-13 01:30:00,85.075
2026-06-13 01:45:00,2026-06-13 01:45:00,85.083
2026-06-13 02:00:00,2026-06-13 02:00:00,85.088
2026-06-13 02:15:00,2026-06-13 02:15:00,85.087
2026-06-13 02:30:00,2026-06-13 02:30:00,85.084
2026-06-13 02:45:00,2026-06-13 02:45:00,85.095
2026-06-13 03:00:00,2026-06-13 03:00:00,85.082
2026-06-13 03:15:00,2026-06-13 03:15:00,85.088
2026-06-13 03:30:00,2026-06-13 03:30:00,85.096
2026-06-13 03:45:00,2026-06-13 03:45:00,85.088
2026-06-13 04:00:00,2026-06-13 04:00:00,85.08
2026-06-13 04:15:00,2026-06-13 04:15:00,85.089
2026-06-13 04:30:00,2026-06-13 04:30:00,85.084
2026-06-13 04:45:00,2026-06-13 04:45:00,85.082
2026-06-13 05:00:00,2026-06-13 05:00:00,85.09
2026-06-13 05:15:00,2026-06-13 05:15:00,85.087
2026-06-13 05:30:00,2026-06-13 05:30:00,85.084
2026-06-13 05:45:00,2026-06-13 05:45:00,85.084
2026-06-13 06:00:00,2026-06-13 06:00:00,85.086
2026-06-13 06:15:00,2026-06-13 06:15:00,85.085
2026-06-13 06:30:00,2026-06-13 06:30:00,85.089
2026-06-13 06:45:00,2026-06-13 06:45:00,85.101
2026-06-13 07:00:00,2026-06-13 07:00:00,85.095
2026-06-13 07:15:00,2026-06-13 07:15:00,85.094
2026-06-13 07:30:00,2026-06-13 07:30:00,85.095
2026-06-13 07:45:00,2026-06-13 07:45:00,85.095
2026-06-13 08:00:00,2026-06-13 08:00:00,85.088
2026-06-13 08:15:00,2026-06-13 08:15:00,85.085
2026-06-13 08:30:00,2026-06-13 08:30:00,85.091
2026-06-13 08:45:00,2026-06-13 08:45:00,85.097
2026-06-13 09:00:00,2026-06-13 09:00:00,85.103
2026-06-13 09:15:00,2026-06-13 09:15:00,85.084
2026-06-13 09:30:00,2026-06-13 09:30:00,85.085
2026-06-13 09:45:00,2026-06-13 09:45:00,85.088
2026-06-13 10:00:00,2026-06-13 10:00:00,85.093
2026-06-13 10:15:00,2026-06-13 10:15:00,85.089
2026-06-13 10:30:00,2026-06-13 10:30:00,85.1
2026-06-13 10:45:00,2026-06-13 10:45:00,85.086
2026-06-13 11:00:00,2026-06-13 11:00:00,85.086
2026-06-13 11:15:00,2026-06-13 11:15:00,85.084
2026-06-13 11:30:00,2026-06-13 11:30:00,85.084
2026-06-13 11:45:00,2026-06-13 11:45:00,85.083
2026-06-13 12:00:00,2026-06-13 12:00:00,85.084
2026-06-13 12:15:00,2026-06-13 12:15:00,85.096
2026-06-13 12:30:00,2026-06-13 12:30:00,85.09
2026-06-13 12:45:00,2026-06-13 12:45:00,85.076
2026-06-13 13:00:00,2026-06-13 13:00:00,85.075
2026-06-13 13:15:00,2026-06-13 13:15:00,85.078
2026-06-13 13:30:00,2026-06-13 13:30:00,85.082
2026-06-13 13:45:00,2026-06-13 13:45:00,85.081
2026-06-13 14:00:00,2026-06-13 14:00:00,85.075
2026-06-13 14:15:00,2026-06-13 14:15:00,85.082
2026-06-13 14:30:00,2026-06-13 14:30:00,85.075
2026-06-13 14:45:00,2026-06-13 14:45:00,85.079
2026-06-13 15:00:00,2026-06-13 15:00:00,85.08
2026-06-13 15:15:00,2026-06-13 15:15:00,85.079
2026-06-13 15:30:00,2026-06-13 15:30:00,85.079
2026-06-13 15:45:00,2026-06-13 15:45:00,85.07
2026-06-13 16:00:00,2026-06-13 16:00:00,85.075
2026-06-13 16:15:00,2026-06-13 16:15:00,85.076
2026-06-13 16:30:00,2026-06-13 16:30:00,85.08
2026-06-13 16:45:00,2026-06-13 16:45:00,85.084
2026-06-13 17:00:00,2026-06-13 17:00:00,85.092
2026-06-13 17:15:00,2026-06-13 17:15:00,85.093
2026-06-13 17:30:00,2026-06-13 17:30:00,85.094
2026-06-13 17:45:00,2026-06-13 17:45:00,85.077
2026-06-13 18:00:00,2026-06-13 18:00:00,85.083
2026-06-13 18:15:00,2026-06-13 18:15:00,85.089
2026-06-13 18:30:00,2026-06-13 18:30:00,85.075
2026-06-13 18:45:00,2026-06-13 18:45:00,85.07
2026-06-13 19:00:00,2026-06-13 19:00:00,85.078
2026-06-13 19:15:00,2026-06-13 19:15:00,85.09
2026-06-13 19:30:00,2026-06-13 19:30:00,85.098
2026-06-13 19:45:00,2026-06-13 19:45:00,85.102
2026-06-13 20:00:00,2026-06-13 20:00:00,85.102
2026-06-13 20:15:00,2026-06-13 20:15:00,85.097
2026-06-13 20:30:00,2026-06-13 20:30:00,85.1
2026-06-13 20:45:00,2026-06-13 20:45:00,85.103
2026-06-13 21:00:00,2026-06-13 21:00:00,85.101
2026-06-13 21:15:00,2026-06-13 21:15:00,85.111
2026-06-13 21:30:00,2026-06-13 21:30:00,85.105
2026-06-13 21:45:00,2026-06-13 21:45:00,85.111
2026-06-13 22:00:00,2026-06-13 22:00:00,85.115
2026-06-13 22:15:00,2026-06-13 22:15:00,85.097
2026-06-13 22:30:00,2026-06-13 22:30:00,85.093
2026-06-13 22:45:00,2026-06-13 22:45:00,85.101
2026-06-13 23:00:00,2026-06-13 23:00:00,85.105
2026-06-13 23:15:00,2026-06-13 23:15:00,85.104
2026-06-13 23:30:00,2026-06-13 23:30:00,85.102
2026-06-13 23:45:00,2026-06-13 23:45:00,85.107
2026-06-14 00:00:00,2026-06-14 00:00:00,85.102
2026-06-14 00:15:00,2026-06-14 00:15:00,85.1
2026-06-14 00:30:00,2026-06-14 00:30:00,85.1
2026-06-14 00:45:00,2026-06-14 00:45:00,85.099
2026-06-14 01:00:00,2026-06-14 01:00:00,85.107
2026-06-14 01:15:00,2026-06-14 01:15:00,85.106
2026-06-14 01:30:00,2026-06-14 01:30:00,85.109
2026-06-14 01:45:00,2026-06-14 01:45:00,85.1
2026-06-14 02:00:00,2026-06-14 02:00:00,85.103
2026-06-14 02:15:00,2026-06-14 02:15:00,85.1
2026-06-14 02:30:00,2026-06-14 02:30:00,85.11
2026-06-14 02:45:00,2026-06-14 02:45:00,85.108
2026-06-14 03:00:00,2026-06-14 03:00:00,85.104
2026-06-14 03:15:00,2026-06-14 03:15:00,85.113
2026-06-14 03:30:00,2026-06-14 03:30:00,85.115
2026-06-14 03:45:00,2026-06-14 03:45:00,85.118
2026-06-14 04:00:00,2026-06-14 04:00:00,85.115
2026-06-14 04:15:00,2026-06-14 04:15:00,85.112
2026-06-14 04:30:00,2026-06-14 04:30:00,85.107
2026-06-14 04:45:00,2026-06-14 04:45:00,85.116
2026-06-14 05:00:00,2026-06-14 05:00:00,85.121
2026-06-14 05:15:00,2026-06-14 05:15:00,85.123
2026-06-14 05:30:00,2026-06-14 05:30:00,85.122
2026-06-14 05:45:00,2026-06-14 05:45:00,85.111
2026-06-14 06:00:00,2026-06-14 06:00:00,85.114
2026-06-14 06:15:00,2026-06-14 06:15:00,85.103
2026-06-14 06:30:00,2026-06-14 06:30:00,85.105
2026-06-14 06:45:00,2026-06-14 06:45:00,85.118
2026-06-14 07:00:00,2026-06-14 07:00:00,85.111
2026-06-14 07:15:00,2026-06-14 07:15:00,85.123
2026-06-14 07:30:00,2026-06-14 07:30:00,85.119
2026-06-14 07:45:00,2026-06-14 07:45:00,85.118
2026-06-14 08:00:00,2026-06-14 08:00:00,85.115
2026-06-14 08:15:00,2026-06-14 08:15:00,85.114
2026-06-14 08:30:00,2026-06-14 08:30:00,85.116
2026-06-14 08:45:00,2026-06-14 08:45:00,85.109
2026-06-14 09:00:00,2026-06-14 09:00:00,85.105
2026-06-14 09:15:00,2026-06-14 09:15:00,85.1
2026-06-14 09:30:00,2026-06-14 09:30:00,85.092
2026-06-14 09:45:00,2026-06-14 09:45:00,85.108
2026-06-14 10:00:00,2026-06-14 10:00:00,85.111
2026-06-14 10:15:00,2026-06-14 10:15:00,85.106
2026-06-14 10:30:00,2026-06-14 10:30:00,85.108
2026-06-14 10:45:00,2026-06-14 10:45:00,85.107
2026-06-14 11:00:00,2026-06-14 11:00:00,85.104
2026-06-14 11:15:00,2026-06-14 11:15:00,85.115
2026-06-14 11:30:00,2026-06-14 11:30:00,85.112
2026-06-14 11:45:00,2026-06-14 11:45:00,85.114
2026-06-14 12:00:00,2026-06-14 12:00:00,85.116
2026-06-14 12:15:00,2026-06-14 12:15:00,85.094
2026-06-14 12:30:00,2026-06-14 12:30:00,85.096
2026-06-14 12:45:00,2026-06-14 12:45:00,85.101
2026-06-14 13:00:00,2026-06-14 13:00:00,85.104
2026-06-14 13:15:00,2026-06-14 13:15:00,85.104
2026-06-14 13:30:00,2026-06-14 13:30:00,85.111
2026-06-14 13:45:00,2026-06-14 13:45:00,85.113
2026-06-14 14:00:00,2026-06-14 14:00:00,85.112
2026-06-14 14:15:00,2026-06-14 14:15:00,85.113
2026-06-14 14:30:00,2026-06-14 14:30:00,85.109
2026-06-14 14:45:00,2026-06-14 14:45:00,85.105
2026-06-14 15:00:00,2026-06-14 15:00:00,85.095
2026-06-14 15:15:00,2026-06-14 15:15:00,85.106
2026-06-14 15:30:00,2026-06-14 15:30:00,85.112
2026-06-14 15:45:00,2026-06-14 15:45:00,85.106
2026-06-14 16:00:00,2026-06-14 16:00:00,85.104
2026-06-14 16:15:00,2026-06-14 16:15:00,85.102
2026-06-14 16:30:00,2026-06-14 16:30:00,85.095
2026-06-14 16:45:00,2026-06-14 16:45:00,85.11
2026-06-14 17:00:00,2026-06-14 17:00:00,85.107
2026-06-14 17:15:00,2026-06-14 17:15:00,85.1
2026-06-14 17:30:00,2026-06-14 17:30:00,85.108
2026-06-14 17:45:00,2026-06-14 17:45:00,85.101
2026-06-14 18:00:00,2026-06-14 18:00:00,85.101
2026-06-14 18:15:00,2026-06-14 18:15:00,85.108
2026-06-14 18:30:00,2026-06-14 18:30:00,85.109
2026-06-14 18:45:00,2026-06-14 18:45:00,85.106
2026-06-14 19:00:00,2026-06-14 19:00:00,85.114
2026-06-14 19:15:00,2026-06-14 19:15:00,85.111
2026-06-14 19:30:00,2026-06-14 19:30:00,85.104
2026-06-14 19:45:00,2026-06-14 19:45:00,85.108
2026-06-14 20:00:00,2026-06-14 20:00:00,85.108
2026-06-14 20:15:00,2026-06-14 20:15:00,85.105
2026-06-14 20:30:00,2026-06-14 20:30:00,85.101
2026-06-14 20:45:00,2026-06-14 20:45:00,85.098
2026-06-14 21:00:00,2026-06-14 21:00:00,85.105
2026-06-14 21:15:00,2026-06-14 21:15:00,85.12
2026-06-14 21:30:00,2026-06-14 21:30:00,85.117
2026-06-14 21:45:00,2026-06-14 21:45:00,85.122
2026-06-14 22:00:00,2026-06-14 22:00:00,85.121
2026-06-14 22:15:00,2026-06-14 22:15:00,85.122
2026-06-14 22:30:00,2026-06-14 22:30:00,85.124
2026-06-14 22:45:00,2026-06-14 22:45:00,85.122
2026-06-14 23:00:00,2026-06-14 23:00:00,85.118
2026-06-14 23:15:00,2026-06-14 23:15:00,85.119
2026-06-14 23:30:00,2026-06-14 23:30:00,85.117
2026-06-14 23:45:00,2026-06-14 23:45:00,85.121
2026-06-15 00:00:00,2026-06-15 00:00:00,85.119
2026-06-15 00:15:00,2026-06-15 00:15:00,85.122
2026-06-15 00:30:00,2026-06-15 00:30:00,85.123
2026-06-15 00:45:00,2026-06-15 00:45:00,85.12
2026-06-15 01:00:00,2026-06-15 01:00:00,85.135
2026-06-15 01:15:00,2026-06-15 01:15:00,85.124
2026-06-15 01:30:00,2026-06-15 01:30:00,85.126
2026-06-15 01:45:00,2026-06-15 01:45:00,85.133
2026-06-15 02:00:00,2026-06-15 02:00:00,85.133
2026-06-15 02:15:00,2026-06-15 02:15:00,85.136
2026-06-15 02:30:00,2026-06-15 02:30:00,85.131
2026-06-15 02:45:00,2026-06-15 02:45:00,85.142
2026-06-15 03:00:00,2026-06-15 03:00:00,85.141
2026-06-15 03:15:00,2026-06-15 03:15:00,85.134
2026-06-15 03:30:00,2026-06-15 03:30:00,85.14
2026-06-15 03:45:00,2026-06-15 03:45:00,85.143
2026-06-15 04:00:00,2026-06-15 04:00:00,85.147
2026-06-15 04:15:00,2026-06-15 04:15:00,85.143
2026-06-15 04:30:00,2026-06-15 04:30:00,85.146
2026-06-15 04:45:00,2026-06-15 04:45:00,85.132
2026-06-15 05:00:00,2026-06-15 05:00:00,85.132
2026-06-15 05:15:00,2026-06-15 05:15:00,85.138
2026-06-15 05:30:00,2026-06-15 05:30:00,85.145
2026-06-15 05:45:00,2026-06-15 05:45:00,85.14
2026-06-15 06:00:00,2026-06-15 06:00:00,85.138
2026-06-15 06:15:00,2026-06-15 06:15:00,85.14
2026-06-15 06:30:00,2026-06-15 06:30:00,85.143
2026-06-15 06:45:00,2026-06-15 06:45:00,85.149
2026-06-15 07:00:00,2026-06-15 07:00:00,85.148
2026-06-15 07:15:00,2026-06-15 07:15:00,85.137
2026-06-15 07:30:00,2026-06-15 07:30:00,85.138
2026-06-15 07:45:00,2026-06-15 07:45:00,85.138
2026-06-15 08:00:00,2026-06-15 08:00:00,85.138
2026-06-15 08:15:00,2026-06-15 08:15:00,85.136
2026-06-15 08:30:00,2026-06-15 08:30:00,85.138
2026-06-15 08:45:00,2026-06-15 08:45:00,85.145
2026-06-15 09:00:00,2026-06-15 09:00:00,85.136
2026-06-15 09:15:00,2026-06-15 09:15:00,85.143
2026-06-15 09:30:00,2026-06-15 09:30:00,85.136
2026-06-15 09:45:00,2026-06-15 09:45:00,85.136
2026-06-15 10:00:00,2026-06-15 10:00:00,85.143
2026-06-15 10:15:00,2026-06-15 10:15:00,85.146
2026-06-15 10:30:00,2026-06-15 10:30:00,85.141
2026-06-15 10:45:00,2026-06-15 10:45:00,85.148
2026-06-15 11:00:00,2026-06-15 11:00:00,85.142
2026-06-15 11:15:00,2026-06-15 11:15:00,85.122
2026-06-15 11:30:00,2026-06-15 11:30:00,85.133
2026-06-15 11:45:00,2026-06-15 11:45:00,85.137
2026-06-15 12:00:00,2026-06-15 12:00:00,85.143
2026-06-15 12:15:00,2026-06-15 12:15:00,85.154
2026-06-15 12:30:00,2026-06-15 12:30:00,85.149
2026-06-15 12:45:00,2026-06-15 12:45:00,85.133
2026-06-15 13:00:00,2026-06-15 13:00:00,85.131
2026-06-15 13:15:00,2026-06-15 13:15:00,85.142
2026-06-15 13:30:00,2026-06-15 13:30:00,85.136
2026-06-15 13:45:00,2026-06-15 13:45:00,85.142
2026-06-15 14:00:00,2026-06-15 14:00:00,85.15
2026-06-15 14:15:00,2026-06-15 14:15:00,85.146
2026-06-15 14:30:00,2026-06-15 14:30:00,85.149
2026-06-15 14:45:00,2026-06-15 14:45:00,85.174
2026-06-15 15:00:00,2026-06-15 15:00:00,85.178
2026-06-15 15:15:00,2026-06-15 15:15:00,85.161
2026-06-15 15:30:00,2026-06-15 15:30:00,85.167
2026-06-15 15:45:00,2026-06-15 15:45:00,85.17
2026-06-15 16:00:00,2026-06-15 16:00:00,85.164
2026-06-15 16:15:00,2026-06-15 16:15:00,85.175
2026-06-15 16:30:00,2026-06-15 16:30:00,85.169
2026-06-15 16:45:00,2026-06-15 16:45:00,85.173
2026-06-15 17:00:00,2026-06-15 17:00:00,85.179
2026-06-15 17:15:00,2026-06-15 17:15:00,85.176
2026-06-15 17:30:00,2026-06-15 17:30:00,85.172
2026-06-15 17:45:00,2026-06-15 17:45:00,85.171
2026-06-15 18:00:00,2026-06-15 18:00:00,85.165
2026-06-15 18:15:00,2026-06-15 18:15:00,85.18
2026-06-15 18:30:00,2026-06-15 18:30:00,85.163
2026-06-15 18:45:00,2026-06-15 18:45:00,85.182
2026-06-15 19:00:00,2026-06-15 19:00:00,85.178
2026-06-15 19:15:00,2026-06-15 19:15:00,85.178
2026-06-15 19:30:00,2026-06-15 19:30:00,85.174
2026-06-15 19:45:00,2026-06-15 19:45:00,85.181
2026-06-15 20:00:00,2026-06-15 20:00:00,85.186
2026-06-15 20:15:00,2026-06-15 20:15:00,85.186
2026-06-15 20:30:00,2026-06-15 20:30:00,85.19
2026-06-15 20:45:00,2026-06-15 20:45:00,85.185
2026-06-15 21:00:00,2026-06-15 21:00:00,85.19
2026-06-15 21:15:00,2026-06-15 21:15:00,85.185
2026-06-15 21:30:00,2026-06-15 21:30:00,85.189
2026-06-15 21:45:00,2026-06-15 21:45:00,85.192
2026-06-15 22:00:00,2026-06-15 22:00:00,85.192
2026-06-15 22:15:00,2026-06-15 22:15:00,85.197
2026-06-15 22:30:00,2026-06-15 22:30:00,85.188
2026-06-15 22:45:00,2026-06-15 22:45:00,85.189
2026-06-15 23:00:00,2026-06-15 23:00:00,85.188
2026-06-15 23:15:00,2026-06-15 23:15:00,85.195
2026-06-15 23:30:00,2026-06-15 23:30:00,85.198
2026-06-15 23:45:00,2026-06-15 23:45:00,85.196
2026-06-16 00:00:00,2026-06-16 00:00:00,85.195
2026-06-16 00:15:00,2026-06-16 00:15:00,85.191
2026-06-16 00:30:00,2026-06-16 00:30:00,85.192
2026-06-16 00:45:00,2026-06-16 00:45:00,85.19
2026-06-16 01:00:00,2026-06-16 01:00:00,85.189
2026-06-16 01:15:00,2026-06-16 01:15:00,85.196
2026-06-16 01:30:00,2026-06-16 01:30:00,85.202
2026-06-16 01:45:00,2026-06-16 01:45:00,85.197
2026-06-16 02:00:00,2026-06-16 02:00:00,85.2
2026-06-16 02:15:00,2026-06-16 02:15:00,85.197
2026-06-16 02:30:00,2026-06-16 02:30:00,85.19
2026-06-16 02:45:00,2026-06-16 02:45:00,85.199
2026-06-16 03:00:00,2026-06-16 03:00:00,85.203
2026-06-16 03:15:00,2026-06-16 03:15:00,85.196
2026-06-16 03:30:00,2026-06-16 03:30:00,85.195
2026-06-16 03:45:00,2026-06-16 03:45:00,85.195
2026-06-16 04:00:00,2026-06-16 04:00:00,85.189
2026-06-16 04:15:00,2026-06-16 04:15:00,85.2
2026-06-16 04:30:00,2026-06-16 04:30:00,85.205
2026-06-16 04:45:00,2026-06-16 04:45:00,85.2
2026-06-16 05:00:00,2026-06-16 05:00:00,85.204
2026-06-16 05:15:00,2026-06-16 05:15:00,85.206
2026-06-16 05:30:00,2026-06-16 05:30:00,85.203
2026-06-16 05:45:00,2026-06-16 05:45:00,85.188
2026-06-16 06:00:00,2026-06-16 06:00:00,85.189
2026-06-16 06:15:00,2026-06-16 06:15:00,85.2
2026-06-16 06:30:00,2026-06-16 06:30:00,85.202
2026-06-16 06:45:00,2026-06-16 06:45:00,85.206
2026-06-16 07:00:00,2026-06-16 07:00:00,85.207
2026-06-16 07:15:00,2026-06-16 07:15:00,85.194
2026-06-16 07:30:00,2026-06-16 07:30:00,85.191
2026-06-16 07:45:00,2026-06-16 07:45:00,85.202
2026-06-16 08:00:00,2026-06-16 08:00:00,85.207
2026-06-16 08:15:00,2026-06-16 08:15:00,85.206
2026-06-16 08:30:00,2026-06-16 08:30:00,85.203
2026-06-16 08:45:00,2026-06-16 08:45:00,85.195
2026-06-16 09:00:00,2026-06-16 09:00:00,85.191
2026-06-16 09:15:00,2026-06-16 09:15:00,85.199
2026-06-16 09:30:00,2026-06-16 09:30:00,85.205
2026-06-16 09:45:00,2026-06-16 09:45:00,85.2
2026-06-16 10:00:00,2026-06-16 10:00:00,85.198
2026-06-16 10:15:00,2026-06-16 10:15:00,85.198
2026-06-16 10:30:00,2026-06-16 10:30:00,85.202
2026-06-16 10:45:00,2026-06-16 10:45:00,85.192
2026-06-16 11:00:00,2026-06-16 11:00:00,85.191
2026-06-16 11:15:00,2026-06-16 11:15:00,85.194
2026-06-16 11:30:00,2026-06-16 11:30:00,85.193
2026-06-16 11:45:00,2026-06-16 11:45:00,85.204
2026-06-16 12:00:00,2026-06-16 12:00:00,85.199
2026-06-16 12:15:00,2026-06-16 12:15:00,85.195
2026-06-16 12:30:00,2026-06-16 12:30:00,85.205
2026-06-16 12:45:00,2026-06-16 12:45:00,85.19
2026-06-16 13:00:00,2026-06-16 13:00:00,85.189
2026-06-16 13:15:00,2026-06-16 13:15:00,85.193
2026-06-16 13:30:00,2026-06-16 13:30:00,85.197
2026-06-16 13:45:00,2026-06-16 13:45:00,85.199
2026-06-16 14:00:00,2026-06-16 14:00:00,85.199
2026-06-16 14:15:00,2026-06-16 14:15:00,85.194
2026-06-16 14:30:00,2026-06-16 14:30:00,85.198
2026-06-16 14:45:00,2026-06-16 14:45:00,85.198
2026-06-16 15:00:00,2026-06-16 15:00:00,85.191
2026-06-16 15:15:00,2026-06-16 15:15:00,85.193
2026-06-16 15:30:00,2026-06-16 15:30:00,85.186
2026-06-16 15:45:00,2026-06-16 15:45:00,85.202
2026-06-16 16:00:00,2026-06-16 16:00:00,85.204
2026-06-16 16:15:00,2026-06-16 16:15:00,85.208
2026-06-16 16:30:00,2026-06-16 16:30:00,85.209
2026-06-16 16:45:00,2026-06-16 16:45:00,85.208
2026-06-16 17:00:00,2026-06-16 17:00:00,85.212
2026-06-16 17:15:00,2026-06-16 17:15:00,85.2
2026-06-16 17:30:00,2026-06-16 17:30:00,85.198
2026-06-16 17:45:00,2026-06-16 17:45:00,85.217
2026-06-16 18:00:00,2026-06-16 18:00:00,85.216
2026-06-16 18:15:00,2026-06-16 18:15:00,85.199
2026-06-16 18:30:00,2026-06-16 18:30:00,85.207
2026-06-16 18:45:00,2026-06-16 18:45:00,85.219
2026-06-16 19:00:00,2026-06-16 19:00:00,85.215
2026-06-16 19:15:00,2026-06-16 19:15:00,85.215
2026-06-16 19:30:00,2026-06-16 19:30:00,85.217
2026-06-16 19:45:00,2026-06-16 19:45:00,85.217
2026-06-16 20:00:00,2026-06-16 20:00:00,85.213
2026-06-16 20:15:00,2026-06-16 20:15:00,85.225
2026-06-16 20:30:00,2026-06-16 20:30:00,85.224
2026-06-16 20:45:00,2026-06-16 20:45:00,85.221
2026-06-16 21:00:00,2026-06-16 21:00:00,85.224
2026-06-16 21:15:00,2026-06-16 21:15:00,85.221
2026-06-16 21:30:00,2026-06-16 21:30:00,85.221
2026-06-16 21:45:00,2026-06-16 21:45:00,85.228
2026-06-16 22:00:00,2026-06-16 22:00:00,85.227
2026-06-16 22:15:00,2026-06-16 22:15:00,85.233
2026-06-16 22:30:00,2026-06-16 22:30:00,85.232
2026-06-16 22:45:00,2026-06-16 22:45:00,85.231
2026-06-16 23:00:00,2026-06-16 23:00:00,85.228
2026-06-16 23:15:00,2026-06-16 23:15:00,85.236
2026-06-16 23:30:00,2026-06-16 23:30:00,85.239
2026-06-16 23:45:00,2026-06-16 23:45:00,85.243
2026-06-17 00:00:00,2026-06-17 00:00:00,85.24
2026-06-17 00:15:00,2026-06-17 00:15:00,85.233
2026-06-17 00:30:00,2026-06-17 00:30:00,85.238
2026-06-17 00:45:00,2026-06-17 00:45:00,85.238
2026-06-17 01:00:00,2026-06-17 01:00:00,85.242
2026-06-17 01:15:00,2026-06-17 01:15:00,85.235
2026-06-17 01:30:00,2026-06-17 01:30:00,85.239
2026-06-17 01:45:00,2026-06-17 01:45:00,85.246
2026-06-17 02:00:00,2026-06-17 02:00:00,85.241
2026-06-17 02:15:00,2026-06-17 02:15:00,85.243
2026-06-17 02:30:00,2026-06-17 02:30:00,85.246
2026-06-17 02:45:00,2026-06-17 02:45:00,85.237
2026-06-17 03:00:00,2026-06-17 03:00:00,85.239
2026-06-17 03:15:00,2026-06-17 03:15:00,85.243
2026-06-17 03:30:00,2026-06-17 03:30:00,85.232
2026-06-17 03:45:00,2026-06-17 03:45:00,85.237
2026-06-17 04:00:00,2026-06-17 04:00:00,85.24
2026-06-17 04:15:00,2026-06-17 04:15:00,85.243
2026-06-17 04:30:00,2026-06-17 04:30:00,85.24
2026-06-17 04:45:00,2026-06-17 04:45:00,85.247
2026-06-17 05:00:00,2026-06-17 05:00:00,85.251
2026-06-17 05:15:00,2026-06-17 05:15:00,85.24
2026-06-17 05:30:00,2026-06-17 05:30:00,85.237
2026-06-17 05:45:00,2026-06-17 05:45:00,85.228
2026-06-17 06:00:00,2026-06-17 06:00:00,85.232
2026-06-17 06:15:00,2026-06-17 06:15:00,85.242
2026-06-17 06:30:00,2026-06-17 06:30:00,85.243
2026-06-17 06:45:00,2026-06-17 06:45:00,85.245
2026-06-17 07:00:00,2026-06-17 07:00:00,85.24
2026-06-17 07:15:00,2026-06-17 07:15:00,85.241
2026-06-17 07:30:00,2026-06-17 07:30:00,85.242
2026-06-17 07:45:00,2026-06-17 07:45:00,85.25
2026-06-17 08:00:00,2026-06-17 08:00:00,85.241
2026-06-17 08:15:00,2026-06-17 08:15:00,85.254
2026-06-17 08:30:00,2026-06-17 08:30:00,85.258
2026-06-17 08:45:00,2026-06-17 08:45:00,85.276
2026-06-17 09:00:00,2026-06-17 09:00:00,85.296
2026-06-17 09:15:00,2026-06-17 09:15:00,85.273
2026-06-17 09:30:00,2026-06-17 09:30:00,85.277
2026-06-17 09:45:00,2026-06-17 09:45:00,85.295
2026-06-17 10:00:00,2026-06-17 10:00:00,85.309
2026-06-17 10:15:00,2026-06-17 10:15:00,85.313
2026-06-17 10:30:00,2026-06-17 10:30:00,85.312
2026-06-17 10:45:00,2026-06-17 10:45:00,85.305
2026-06-17 11:00:00,2026-06-17 11:00:00,85.307
2026-06-17 11:15:00,2026-06-17 11:15:00,85.318
2026-06-17 11:30:00,2026-06-17 11:30:00,85.32
2026-06-17 11:45:00,2026-06-17 11:45:00,85.311
2026-06-17 12:00:00,2026-06-17 12:00:00,85.31
2026-06-17 12:15:00,2026-06-17 12:15:00,85.302
2026-06-17 12:30:00,2026-06-17 12:30:00,85.308
2026-06-17 12:45:00,2026-06-17 12:45:00,85.307
2026-06-17 13:00:00,2026-06-17 13:00:00,85.303
2026-06-17 13:15:00,2026-06-17 13:15:00,85.336
2026-06-17 13:30:00,2026-06-17 13:30:00,85.333
2026-06-17 13:45:00,2026-06-17 13:45:00,85.326
2026-06-17 14:00:00,2026-06-17 14:00:00,85.333
2026-06-17 14:15:00,2026-06-17 14:15:00,85.317
2026-06-17 14:30:00,2026-06-17 14:30:00,85.315
2026-06-17 14:45:00,2026-06-17 14:45:00,85.315
2026-06-17 15:00:00,2026-06-17 15:00:00,85.324
2026-06-17 15:15:00,2026-06-17 15:15:00,85.316
2026-06-17 15:30:00,2026-06-17 15:30:00,85.323
2026-06-17 15:45:00,2026-06-17 15:45:00,85.307
2026-06-17 16:00:00,2026-06-17 16:00:00,85.309
2026-06-17 16:15:00,2026-06-17 16:15:00,85.314
2026-06-17 16:30:00,2026-06-17 16:30:00,85.316
2026-06-17 16:45:00,2026-06-17 16:45:00,85.326
2026-06-17 17:00:00,2026-06-17 17:00:00,85.32
2026-06-17 17:15:00,2026-06-17 17:15:00,85.316
2026-06-17 17:30:00,2026-06-17 17:30:00,85.321
2026-06-17 17:45:00,2026-06-17 17:45:00,85.321
2026-06-17 18:00:00,2026-06-17 18:00:00,85.318
2026-06-17 18:15:00,2026-06-17 18:15:00,85.322
2026-06-17 18:30:00,2026-06-17 18:30:00,85.328
2026-06-17 18:45:00,2026-06-17 18:45:00,85.32
2026-06-17 19:00:00,2026-06-17 19:00:00,85.325
2026-06-17 19:15:00,2026-06-17 19:15:00,85.324
2026-06-17 19:30:00,2026-06-17 19:30:00,85.319
2026-06-17 19:45:00,2026-06-17 19:45:00,85.317
2026-06-17 20:00:00,2026-06-17 20:00:00,85.326
2026-06-17 20:15:00,2026-06-17 20:15:00,85.313
2026-06-17 20:30:00,2026-06-17 20:30:00,85.313
2026-06-17 20:45:00,2026-06-17 20:45:00,85.328
2026-06-17 21:00:00,2026-06-17 21:00:00,85.331
2026-06-17 21:15:00,2026-06-17 21:15:00,85.327
2026-06-17 21:30:00,2026-06-17 21:30:00,85.33
2026-06-17 21:45:00,2026-06-17 21:45:00,85.325
2026-06-17 22:00:00,2026-06-17 22:00:00,85.328
2026-06-17 22:15:00,2026-06-17 22:15:00,85.322
2026-06-17 22:30:00,2026-06-17 22:30:00,85.321
2026-06-17 22:45:00,2026-06-17 22:45:00,85.318
2026-06-17 23:00:00,2026-06-17 23:00:00,85.317
2026-06-17 23:15:00,2026-06-17 23:15:00,85.321
2026-06-17 23:30:00,2026-06-17 23:30:00,85.32
2026-06-17 23:45:00,2026-06-17 23:45:00,85.336
2026-06-18 00:00:00,2026-06-18 00:00:00,85.334
2026-06-18 00:15:00,2026-06-18 00:15:00,85.325
2026-06-18 00:30:00,2026-06-18 00:30:00,85.323
2026-06-18 00:45:00,2026-06-18 00:45:00,85.319
2026-06-18 01:00:00,2026-06-18 01:00:00,85.312
2026-06-18 01:15:00,2026-06-18 01:15:00,85.328
2026-06-18 01:30:00,2026-06-18 01:30:00,85.328
2026-06-18 01:45:00,2026-06-18 01:45:00,85.324
2026-06-18 02:00:00,2026-06-18 02:00:00,85.326
2026-06-18 02:15:00,2026-06-18 02:15:00,85.325
2026-06-18 02:30:00,2026-06-18 02:30:00,85.324
2026-06-18 02:45:00,2026-06-18 02:45:00,85.322
2026-06-18 03:00:00,2026-06-18 03:00:00,85.326
2026-06-18 03:15:00,2026-06-18 03:15:00,85.324
2026-06-18 03:30:00,2026-06-18 03:30:00,85.325
2026-06-18 03:45:00,2026-06-18 03:45:00,85.323
2026-06-18 04:00:00,2026-06-18 04:00:00,85.318
2026-06-18 04:15:00,2026-06-18 04:15:00,85.322
2026-06-18 04:30:00,2026-06-18 04:30:00,85.327
2026-06-18 04:45:00,2026-06-18 04:45:00,85.324
2026-06-18 05:00:00,2026-06-18 05:00:00,85.316
2026-06-18 05:15:00,2026-06-18 05:15:00,85.317
2026-06-18 05:30:00,2026-06-18 05:30:00,85.308
2026-06-18 05:45:00,2026-06-18 05:45:00,85.316
2026-06-18 06:00:00,2026-06-18 06:00:00,85.322
2026-06-18 06:15:00,2026-06-18 06:15:00,85.319
2026-06-18 06:30:00,2026-06-18 06:30:00,85.32
2026-06-18 06:45:00,2026-06-18 06:45:00,85.314
2026-06-18 07:00:00,2026-06-18 07:00:00,85.312
2026-06-18 07:15:00,2026-06-18 07:15:00,85.307
2026-06-18 07:30:00,2026-06-18 07:30:00,85.317
2026-06-18 07:45:00,2026-06-18 07:45:00,85.321
2026-06-18 08:00:00,2026-06-18 08:00:00,85.326
2026-06-18 08:15:00,2026-06-18 08:15:00,85.314
2026-06-18 08:30:00,2026-06-18 08:30:00,85.31
2026-06-18 08:45:00,2026-06-18 08:45:00,85.315
2026-06-18 09:00:00,2026-06-18 09:00:00,85.308
2026-06-18 09:15:00,2026-06-18 09:15:00,85.309
2026-06-18 09:30:00,2026-06-18 09:30:00,85.308
2026-06-18 09:45:00,2026-06-18 09:45:00,85.304
2026-06-18 10:00:00,2026-06-18 10:00:00,85.313
2026-06-18 10:15:00,2026-06-18 10:15:00,85.311
2026-06-18 10:30:00,2026-06-18 10:30:00,85.31
2026-06-18 10:45:00,2026-06-18 10:45:00,85.309
2026-06-18 11:00:00,2026-06-18 11:00:00,85.309
2026-06-18 11:15:00,2026-06-18 11:15:00,85.302
2026-06-18 11:30:00,2026-06-18 11:30:00,85.301
2026-06-18 11:45:00,2026-06-18 11:45:00,85.304
2026-06-18 12:00:00,2026-06-18 12:00:00,85.307
2026-06-18 12:15:00,2026-06-18 12:15:00,85.322
2026-06-18 12:30:00,2026-06-18 12:30:00,85.306
2026-06-18 12:45:00,2026-06-18 12:45:00,85.304
2026-06-18 13:00:00,2026-06-18 13:00:00,85.303
2026-06-18 13:15:00,2026-06-18 13:15:00,85.308
2026-06-18 13:30:00,2026-06-18 13:30:00,85.302
2026-06-18 13:45:00,2026-06-18 13:45:00,85.303
2026-06-18 14:00:00,2026-06-18 14:00:00,85.307
2026-06-18 14:15:00,2026-06-18 14:15:00,85.308
2026-06-18 14:30:00,2026-06-18 14:30:00,85.311
2026-06-18 14:45:00,2026-06-18 14:45:00,85.301
2026-06-18 15:00:00,2026-06-18 15:00:00,85.301
2026-06-18 15:15:00,2026-06-18 15:15:00,85.308
2026-06-18 15:30:00,2026-06-18 15:30:00,85.304
2026-06-18 15:45:00,2026-06-18 15:45:00,85.305
2026-06-18 16:00:00,2026-06-18 16:00:00,85.291
2026-06-18 16:15:00,2026-06-18 16:15:00,85.296
2026-06-18 16:30:00,2026-06-18 16:30:00,85.299
2026-06-18 16:45:00,2026-06-18 16:45:00,85.297
2026-06-18 17:00:00,2026-06-18 17:00:00,85.292
2026-06-18 17:15:00,2026-06-18 17:15:00,85.291
2026-06-18 17:30:00,2026-06-18 17:30:00,85.293
2026-06-18 17:45:00,2026-06-18 17:45:00,85.295
2026-06-18 18:00:00,2026-06-18 18:00:00,85.297
2026-06-18 18:15:00,2026-06-18 18:15:00,85.292
2026-06-18 18:30:00,2026-06-18 18:30:00,85.293
2026-06-18 18:45:00,2026-06-18 18:45:00,85.286
2026-06-18 19:00:00,2026-06-18 19:00:00,85.29
2026-06-18 19:15:00,2026-06-18 19:15:00,85.283
2026-06-18 19:30:00,2026-06-18 19:30:00,85.288
2026-06-18 19:45:00,2026-06-18 19:45:00,85.293
2026-06-18 20:00:00,2026-06-18 20:00:00,85.293
2026-06-18 20:15:00,2026-06-18 20:15:00,85.294
2026-06-18 20:30:00,2026-06-18 20:30:00,85.291
2026-06-18 20:45:00,2026-06-18 20:45:00,85.288
2026-06-18 21:00:00,2026-06-18 21:00:00,85.289
2026-06-18 21:15:00,2026-06-18 21:15:00,85.303
2026-06-18 21:30:00,2026-06-18 21:30:00,85.301
2026-06-18 21:45:00,2026-06-18 21:45:00,85.298
2026-06-18 22:00:00,2026-06-18 22:00:00,85.296
2026-06-18 22:15:00,2026-06-18 22:15:00,85.299
2026-06-18 22:30:00,2026-06-18 22:30:00,85.296
2026-06-18 22:45:00,2026-06-18 22:45:00,85.293
2026-06-18 23:00:00,2026-06-18 23:00:00,85.285
2026-06-18 23:15:00,2026-06-18 23:15:00,85.293
2026-06-18 23:30:00,2026-06-18 23:30:00,85.293
2026-06-18 23:45:00,2026-06-18 23:45:00,85.285
2026-06-19 00:00:00,2026-06-19 00:00:00,85.287
2026-06-19 00:15:00,2026-06-19 00:15:00,85.291
2026-06-19 00:30:00,2026-06-19 00:30:00,85.289
2026-06-19 00:45:00,2026-06-19 00:45:00,85.294
2026-06-19 01:00:00,2026-06-19 01:00:00,85.297
2026-06-19 01:15:00,2026-06-19 01:15:00,85.292
2026-06-19 01:30:00,2026-06-19 01:30:00,85.287
2026-06-19 01:45:00,2026-06-19 01:45:00,85.289
2026-06-19 02:00:00,2026-06-19 02:00:00,85.289
2026-06-19 02:15:00,2026-06-19 02:15:00,85.29
2026-06-19 02:30:00,2026-06-19 02:30:00,85.285
2026-06-19 02:45:00,2026-06-19 02:45:00,85.294
2026-06-19 03:00:00,2026-06-19 03:00:00,85.293
2026-06-19 03:15:00,2026-06-19 03:15:00,85.297
2026-06-19 03:30:00,2026-06-19 03:30:00,85.293
2026-06-19 03:45:00,2026-06-19 03:45:00,85.298
2026-06-19 04:00:00,2026-06-19 04:00:00,85.294
2026-06-19 04:15:00,2026-06-19 04:15:00,85.284
2026-06-19 04:30:00,2026-06-19 04:30:00,85.288
2026-06-19 04:45:00,2026-06-19 04:45:00,85.288
2026-06-19 05:00:00,2026-06-19 05:00:00,85.285
2026-06-19 05:15:00,2026-06-19 05:15:00,85.277
2026-06-19 05:30:00,2026-06-19 05:30:00,85.281
2026-06-19 05:45:00,2026-06-19 05:45:00,85.286
2026-06-19 06:00:00,2026-06-19 06:00:00,85.285
2026-06-19 06:15:00,2026-06-19 06:15:00,85.277
2026-06-19 06:30:00,2026-06-19 06:30:00,85.277
2026-06-19 06:45:00,2026-06-19 06:45:00,85.283
2026-06-19 07:00:00,2026-06-19 07:00:00,85.282
2026-06-19 07:15:00,2026-06-19 07:15:00,85.269
2026-06-19 07:30:00,2026-06-19 07:30:00,85.271
2026-06-19 07:45:00,2026-06-19 07:45:00,85.281
2026-06-19 08:00:00,2026-06-19 08:00:00,85.287
2026-06-19 08:15:00,2026-06-19 08:15:00,85.283
2026-06-19 08:30:00,2026-06-19 08:30:00,85.277
2026-06-19 08:45:00,2026-06-19 08:45:00,85.273
2026-06-19 09:00:00,2026-06-19 09:00:00,85.272
2026-06-19 09:15:00,2026-06-19 09:15:00,85.274
2026-06-19 09:30:00,2026-06-19 09:30:00,85.271
2026-06-19 09:45:00,2026-06-19 09:45:00,85.271
2026-06-19 10:00:00,2026-06-19 10:00:00,85.269
2026-06-19 10:15:00,2026-06-19 10:15:00,85.272
2026-06-19 10:30:00,2026-06-19 10:30:00,85.269
2026-06-19 10:45:00,2026-06-19 10:45:00,85.267
2026-06-19 11:00:00,2026-06-19 11:00:00,85.257
2026-06-19 11:15:00,2026-06-19 11:15:00,85.271
2026-06-19 11:30:00,2026-06-19 11:30:00,85.274
2026-06-19 11:45:00,2026-06-19 11:45:00,85.267
2026-06-19 12:00:00,2026-06-19 12:00:00,85.266
2026-06-19 12:15:00,2026-06-19 12:15:00,85.26
2026-06-19 12:30:00,2026-06-19 12:30:00,85.261
2026-06-19 12:45:00,2026-06-19 12:45:00,85.258
2026-06-19 13:00:00,2026-06-19 13:00:00,85.259
2026-06-19 13:15:00,2026-06-19 13:15:00,85.264
2026-06-19 13:30:00,2026-06-19 13:30:00,85.26
2026-06-19 13:45:00,2026-06-19 13:45:00,85.26
2026-06-19 14:00:00,2026-06-19 14:00:00,85.263
2026-06-19 14:15:00,2026-06-19 14:15:00,85.253
2026-06-19 14:30:00,2026-06-19 14:30:00,85.25
2026-06-19 14:45:00,2026-06-19 14:45:00,85.246
2026-06-19 15:00:00,2026-06-19 15:00:00,85.25
2026-06-19 15:15:00,2026-06-19 15:15:00,85.26
2026-06-19 15:30:00,2026-06-19 15:30:00,85.263
2026-06-19 15:45:00,2026-06-19 15:45:00,85.244
2026-06-19 16:00:00,2026-06-19 16:00:00,85.243
2026-06-19 16:15:00,2026-06-19 16:15:00,85.244
2026-06-19 16:30:00,2026-06-19 16:30:00,85.244
2026-06-19 16:45:00,2026-06-19 16:45:00,85.241
2026-06-19 17:00:00,2026-06-19 17:00:00,85.256
2026-06-19 17:15:00,2026-06-19 17:15:00,85.243
2026-06-19 17:30:00,2026-06-19 17:30:00,85.237
2026-06-19 17:45:00,2026-06-19 17:45:00,85.238
2026-06-19 18:00:00,2026-06-19 18:00:00,85.234
2026-06-19 18:15:00,2026-06-19 18:15:00,85.24
2026-06-19 18:30:00,2026-06-19 18:30:00,85.246
2026-06-19 18:45:00,2026-06-19 18:45:00,85.235
2026-06-19 19:00:00,2026-06-19 19:00:00,85.237
2026-06-19 19:15:00,2026-06-19 19:15:00,85.247
2026-06-19 19:30:00,2026-06-19 19:30:00,85.245
2026-06-19 19:45:00,2026-06-19 19:45:00,85.244
2026-06-19 20:00:00,2026-06-19 20:00:00,85.246
2026-06-19 20:15:00,2026-06-19 20:15:00,85.239
2026-06-19 20:30:00,2026-06-19 20:30:00,85.238
2026-06-19 20:45:00,2026-06-19 20:45:00,85.242
2026-06-19 21:00:00,2026-06-19 21:00:00,85.242
2026-06-19 21:15:00,2026-06-19 21:15:00,85.244
2026-06-19 21:30:00,2026-06-19 21:30:00,85.243
2026-06-19 21:45:00,2026-06-19 21:45:00,85.249
2026-06-19 22:00:00,2026-06-19 22:00:00,85.241
2026-06-19 22:15:00,2026-06-19 22:15:00,85.249
2026-06-19 22:30:00,2026-06-19 22:30:00,85.248
2026-06-19 22:45:00,2026-06-19 22:45:00,85.243
2026-06-19 23:00:00,2026-06-19 23:00:00,85.243
2026-06-19 23:15:00,2026-06-19 23:15:00,85.244
2026-06-19 23:30:00,2026-06-19 23:30:00,85.248
2026-06-19 23:45:00,2026-06-19 23:45:00,85.252
2026-06-20 00:00:00,2026-06-20 00:00:00,85.25
2026-06-20 00:15:00,2026-06-20 00:15:00,85.25
2026-06-20 00:30:00,2026-06-20 00:30:00,85.248
2026-06-20 00:45:00,2026-06-20 00:45:00,85.241
2026-06-20 01:00:00,2026-06-20 01:00:00,85.246
2026-06-20 01:15:00,2026-06-20 01:15:00,85.235
2026-06-20 01:30:00,2026-06-20 01:30:00,85.238
2026-06-20 01:45:00,2026-06-20 01:45:00,85.246
2026-06-20 02:00:00,2026-06-20 02:00:00,85.249
2026-06-20 02:15:00,2026-06-20 02:15:00,85.249
2026-06-20 02:30:00,2026-06-20 02:30:00,85.251
2026-06-20 02:45:00,2026-06-20 02:45:00,85.244
2026-06-20 03:00:00,2026-06-20 03:00:00,85.26
2026-06-20 03:15:00,2026-06-20 03:15:00,85.243
2026-06-20 03:30:00,2026-06-20 03:30:00,85.243
2026-06-20 03:45:00,2026-06-20 03:45:00,85.245
2026-06-20 04:00:00,2026-06-20 04:00:00,85.246
2026-06-20 04:15:00,2026-06-20 04:15:00,85.24
2026-06-20 04:30:00,2026-06-20 04:30:00,85.238
2026-06-20 04:45:00,2026-06-20 04:45:00,85.244
2026-06-20 05:00:00,2026-06-20 05:00:00,85.242
2026-06-20 05:15:00,2026-06-20 05:15:00,85.24
2026-06-20 05:30:00,2026-06-20 05:30:00,85.239
2026-06-20 05:45:00,2026-06-20 05:45:00,85.231
2026-06-20 06:00:00,2026-06-20 06:00:00,85.23
2026-06-20 06:15:00,2026-06-20 06:15:00,85.235
2026-06-20 06:30:00,2026-06-20 06:30:00,85.242
2026-06-20 06:45:00,2026-06-20 06:45:00,85.234
2026-06-20 07:00:00,2026-06-20 07:00:00,85.238
2026-06-20 07:15:00,2026-06-20 07:15:00,85.235
2026-06-20 07:30:00,2026-06-20 07:30:00,85.231
2026-06-20 07:45:00,2026-06-20 07:45:00,85.232
2026-06-20 08:00:00,2026-06-20 08:00:00,85.232
2026-06-20 08:15:00,2026-06-20 08:15:00,85.227
2026-06-20 08:30:00,2026-06-20 08:30:00,85.23
2026-06-20 08:45:00,2026-06-20 08:45:00,85.231
2026-06-20 09:00:00,2026-06-20 09:00:00,85.224
2026-06-20 09:15:00,2026-06-20 09:15:00,85.233
2026-06-20 09:30:00,2026-06-20 09:30:00,85.232
2026-06-20 09:45:00,2026-06-20 09:45:00,85.223
2026-06-20 10:00:00,2026-06-20 10:00:00,85.225
2026-06-20 10:15:00,2026-06-20 10:15:00,85.219
2026-06-20 10:30:00,2026-06-20 10:30:00,85.215
2026-06-20 10:45:00,2026-06-20 10:45:00,85.23
2026-06-20 11:00:00,2026-06-20 11:00:00,85.235
2026-06-20 11:15:00,2026-06-20 11:15:00,85.213
2026-06-20 11:30:00,2026-06-20 11:30:00,85.215
2026-06-20 11:45:00,2026-06-20 11:45:00,85.214
2026-06-20 12:00:00,2026-06-20 12:00:00,85.205
2026-06-20 12:15:00,2026-06-20 12:15:00,85.219
2026-06-20 12:30:00,2026-06-20 12:30:00,85.227
2026-06-20 12:45:00,2026-06-20 12:45:00,85.213
2026-06-20 13:00:00,2026-06-20 13:00:00,85.215
2026-06-20 13:15:00,2026-06-20 13:15:00,85.217
2026-06-20 13:30:00,2026-06-20 13:30:00,85.219
2026-06-20 13:45:00,2026-06-20 13:45:00,85.211
2026-06-20 14:00:00,2026-06-20 14:00:00,85.209
2026-06-20 14:15:00,2026-06-20 14:15:00,85.224
2026-06-20 14:30:00,2026-06-20 14:30:00,85.225
2026-06-20 14:45:00,2026-06-20 14:45:00,85.217
2026-06-20 15:00:00,2026-06-20 15:00:00,85.212
2026-06-20 15:15:00,2026-06-20 15:15:00,85.216
2026-06-20 15:30:00,2026-06-20 15:30:00,85.214
2026-06-20 15:45:00,2026-06-20 15:45:00,85.21
2026-06-20 16:00:00,2026-06-20 16:00:00,85.221
2026-06-20 16:15:00,2026-06-20 16:15:00,85.223
2026-06-20 16:30:00,2026-06-20 16:30:00,85.219
2026-06-20 16:45:00,2026-06-20 16:45:00,85.212
2026-06-20 17:00:00,2026-06-20 17:00:00,85.217
2026-06-20 17:15:00,2026-06-20 17:15:00,85.212
2026-06-20 17:30:00,2026-06-20 17:30:00,85.211
2026-06-20 17:45:00,2026-06-20 17:45:00,85.211
2026-06-20 18:00:00,2026-06-20 18:00:00,85.208
2026-06-20 18:15:00,2026-06-20 18:15:00,85.199
2026-06-20 18:30:00,2026-06-20 18:30:00,85.206
2026-06-20 18:45:00,2026-06-20 18:45:00,85.209
2026-06-20 19:00:00,2026-06-20 19:00:00,85.199
2026-06-20 19:15:00,2026-06-20 19:15:00,85.2
2026-06-20 19:30:00,2026-06-20 19:30:00,85.204
2026-06-20 19:45:00,2026-06-20 19:45:00,85.205
2026-06-20 20:00:00,2026-06-20 20:00:00,85.208
2026-06-20 20:15:00,2026-06-20 20:15:00,85.203
2026-06-20 20:30:00,2026-06-20 20:30:00,85.211
2026-06-20 20:45:00,2026-06-20 20:45:00,85.215
2026-06-20 21:00:00,2026-06-20 21:00:00,85.222
2026-06-20 21:15:00,2026-06-20 21:15:00,85.212
2026-06-20 21:30:00,2026-06-20 21:30:00,85.215
2026-06-20 21:45:00,2026-06-20 21:45:00,85.222
2026-06-20 22:00:00,2026-06-20 22:00:00,85.224
2026-06-20 22:15:00,2026-06-20 22:15:00,85.221
2026-06-20 22:30:00,2026-06-20 22:30:00,85.224
2026-06-20 22:45:00,2026-06-20 22:45:00,85.223
2026-06-20 23:00:00,2026-06-20 23:00:00,85.217
2026-06-20 23:15:00,2026-06-20 23:15:00,85.223
2026-06-20 23:30:00,2026-06-20 23:30:00,85.223
2026-06-20 23:45:00,2026-06-20 23:45:00,85.216
2026-06-21 00:00:00,2026-06-21 00:00:00,85.219
2026-06-21 00:15:00,2026-06-21 00:15:00,85.221
2026-06-21 00:30:00,2026-06-21 00:30:00,85.221
2026-06-21 00:45:00,2026-06-21 00:45:00,85.219
2026-06-21 01:00:00,2026-06-21 01:00:00,85.219
2026-06-21 01:15:00,2026-06-21 01:15:00,85.217
2026-06-21 01:30:00,2026-06-21 01:30:00,85.223
2026-06-21 01:45:00,2026-06-21 01:45:00,85.218
2026-06-21 02:00:00,2026-06-21 02:00:00,85.222
2026-06-21 02:15:00,2026-06-21 02:15:00,85.228
2026-06-21 02:30:00,2026-06-21 02:30:00,85.222
2026-06-21 02:45:00,2026-06-21 02:45:00,85.215
2026-06-21 03:00:00,2026-06-21 03:00:00,85.217
2026-06-21 03:15:00,2026-06-21 03:15:00,85.213
2026-06-21 03:30:00,2026-06-21 03:30:00,85.217
2026-06-21 03:45:00,2026-06-21 03:45:00,85.215
2026-06-21 04:00:00,2026-06-21 04:00:00,85.218
2026-06-21 04:15:00,2026-06-21 04:15:00,85.221
2026-06-21 04:30:00,2026-06-21 04:30:00,85.228
2026-06-21 04:45:00,2026-06-21 04:45:00,85.211
2026-06-21 05:00:00,2026-06-21 05:00:00,85.213
2026-06-21 05:15:00,2026-06-21 05:15:00,85.227
2026-06-21 05:30:00,2026-06-21 05:30:00,85.226
2026-06-21 05:45:00,2026-06-21 05:45:00,85.226
2026-06-21 06:00:00,2026-06-21 06:00:00,85.225
2026-06-21 06:15:00,2026-06-21 06:15:00,85.224
2026-06-21 06:30:00,2026-06-21 06:30:00,85.222
2026-06-21 06:45:00,2026-06-21 06:45:00,85.217
2026-06-21 07:00:00,2026-06-21 07:00:00,85.216
2026-06-21 07:15:00,2026-06-21 07:15:00,85.217
2026-06-21 07:30:00,2026-06-21 07:30:00,85.215
2026-06-21 07:45:00,2026-06-21 07:45:00,85.216
2026-06-21 08:00:00,2026-06-21 08:00:00,85.21
2026-06-21 08:15:00,2026-06-21 08:15:00,85.21
2026-06-21 08:30:00,2026-06-21 08:30:00,85.204
2026-06-21 08:45:00,2026-06-21 08:45:00,85.206
2026-06-21 09:00:00,2026-06-21 09:00:00,85.205
2026-06-21 09:15:00,2026-06-21 09:15:00,85.216
2026-06-21 09:30:00,2026-06-21 09:30:00,85.204
2026-06-21 09:45:00,2026-06-21 09:45:00,85.198
2026-06-21 10:00:00,2026-06-21 10:00:00,85.188
2026-06-21 10:15:00,2026-06-21 10:15:00,85.2
2026-06-21 10:30:00,2026-06-21 10:30:00,85.197
2026-06-21 10:45:00,2026-06-21 10:45:00,85.195
2026-06-21 11:00:00,2026-06-21 11:00:00,85.198
2026-06-21 11:15:00,2026-06-21 11:15:00,85.194
2026-06-21 11:30:00,2026-06-21 11:30:00,85.194
2026-06-21 11:45:00,2026-06-21 11:45:00,85.197
2026-06-21 12:00:00,2026-06-21 12:00:00,85.196
2026-06-21 12:15:00,2026-06-21 12:15:00,85.193
2026-06-21 12:30:00,2026-06-21 12:30:00,85.192
2026-06-21 12:45:00,2026-06-21 12:45:00,85.19
2026-06-21 13:00:00,2026-06-21 13:00:00,85.187
2026-06-21 13:15:00,2026-06-21 13:15:00,85.198
2026-06-21 13:30:00,2026-06-21 13:30:00,85.195
2026-06-21 13:45:00,2026-06-21 13:45:00,85.192
2026-06-21 14:00:00,2026-06-21 14:00:00,85.182
2026-06-21 14:15:00,2026-06-21 14:15:00,85.189
2026-06-21 14:30:00,2026-06-21 14:30:00,85.187
2026-06-21 14:45:00,2026-06-21 14:45:00,85.182
2026-06-21 15:00:00,2026-06-21 15:00:00,85.186
2026-06-21 15:15:00,2026-06-21 15:15:00,85.179
2026-06-21 15:30:00,2026-06-21 15:30:00,85.18
2026-06-21 15:45:00,2026-06-21 15:45:00,85.171
2026-06-21 16:00:00,2026-06-21 16:00:00,85.178
2026-06-21 16:15:00,2026-06-21 16:15:00,85.179
2026-06-21 16:30:00,2026-06-21 16:30:00,85.182
2026-06-21 16:45:00,2026-06-21 16:45:00,85.182
2026-06-21 17:00:00,2026-06-21 17:00:00,85.178
2026-06-21 17:15:00,2026-06-21 17:15:00,85.183
2026-06-21 17:30:00,2026-06-21 17:30:00,85.187
2026-06-21 17:45:00,2026-06-21 17:45:00,85.193
2026-06-21 18:00:00,2026-06-21 18:00:00,85.192
2026-06-21 18:15:00,2026-06-21 18:15:00,85.19
2026-06-21 18:30:00,2026-06-21 18:30:00,85.19
2026-06-21 18:45:00,2026-06-21 18:45:00,85.19
2026-06-21 19:00:00,2026-06-21 19:00:00,85.19
2026-06-21 19:15:00,2026-06-21 19:15:00,85.186
2026-06-21 19:30:00,2026-06-21 19:30:00,85.184
2026-06-21 19:45:00,2026-06-21 19:45:00,85.175
2026-06-21 20:00:00,2026-06-21 20:00:00,85.175
2026-06-21 20:15:00,2026-06-21 20:15:00,85.183
2026-06-21 20:30:00,2026-06-21 20:30:00,85.189
2026-06-21 20:45:00,2026-06-21 20:45:00,85.188
2026-06-21 21:00:00,2026-06-21 21:00:00,85.192
2026-06-21 21:15:00,2026-06-21 21:15:00,85.184
2026-06-21 21:30:00,2026-06-21 21:30:00,85.183
2026-06-21 21:45:00,2026-06-21 21:45:00,85.189
2026-06-21 22:00:00,2026-06-21 22:00:00,85.187
2026-06-21 22:15:00,2026-06-21 22:15:00,85.182
2026-06-21 22:30:00,2026-06-21 22:30:00,85.189
2026-06-21 22:45:00,2026-06-21 22:45:00,85.182
2026-06-21 23:00:00,2026-06-21 23:00:00,85.182
2026-06-21 23:15:00,2026-06-21 23:15:00,85.192
2026-06-21 23:30:00,2026-06-21 23:30:00,85.192
2026-06-21 23:45:00,2026-06-21 23:45:00,85.189
2026-06-22 00:00:00,2026-06-22 00:00:00,85.189
2026-06-22 00:15:00,2026-06-22 00:15:00,85.194
2026-06-22 00:30:00,2026-06-22 00:30:00,85.19
2026-06-22 00:45:00,2026-06-22 00:45:00,85.186
2026-06-22 01:00:00,2026-06-22 01:00:00,85.192
2026-06-22 01:15:00,2026-06-22 01:15:00,85.192
2026-06-22 01:30:00,2026-06-22 01:30:00,85.192
2026-06-22 01:45:00,2026-06-22 01:45:00,85.19
2026-06-22 02:00:00,2026-06-22 02:00:00,85.193
2026-06-22 02:15:00,2026-06-22 02:15:00,85.192
2026-06-22 02:30:00,2026-06-22 02:30:00,85.191
2026-06-22 02:45:00,2026-06-22 02:45:00,85.196
2026-06-22 03:00:00,2026-06-22 03:00:00,85.201
2026-06-22 03:15:00,2026-06-22 03:15:00,85.191
2026-06-22 03:30:00,2026-06-22 03:30:00,85.193
2026-06-22 03:45:00,2026-06-22 03:45:00,85.195
2026-06-22 04:00:00,2026-06-22 04:00:00,85.199
2026-06-22 04:15:00,2026-06-22 04:15:00,85.187
2026-06-22 04:30:00,2026-06-22 04:30:00,85.18
2026-06-22 04:45:00,2026-06-22 04:45:00,85.189
2026-06-22 05:00:00,2026-06-22 05:00:00,85.194
2026-06-22 05:15:00,2026-06-22 05:15:00,85.193
2026-06-22 05:30:00,2026-06-22 05:30:00,85.192
2026-06-22 05:45:00,2026-06-22 05:45:00,85.188
2026-06-22 06:00:00,2026-06-22 06:00:00,85.182
2026-06-22 06:15:00,2026-06-22 06:15:00,85.181
2026-06-22 06:30:00,2026-06-22 06:30:00,85.177
2026-06-22 06:45:00,2026-06-22 06:45:00,85.174
2026-06-22 07:00:00,2026-06-22 07:00:00,85.175
2026-06-22 07:15:00,2026-06-22 07:15:00,85.185
2026-06-22 07:30:00,2026-06-22 07:30:00,85.179
2026-06-22 07:45:00,2026-06-22 07:45:00,85.175
2026-06-22 08:00:00,2026-06-22 08:00:00,85.178
2026-06-22 08:15:00,2026-06-22 08:15:00,85.166
2026-06-22 08:30:00,2026-06-22 08:30:00,85.168
2026-06-22 08:45:00,2026-06-22 08:45:00,85.176
2026-06-22 09:00:00,2026-06-22 09:00:00,85.174
2026-06-22 09:15:00,2026-06-22 09:15:00,85.18
2026-06-22 09:30:00,2026-06-22 09:30:00,85.18
2026-06-22 09:45:00,2026-06-22 09:45:00,85.17
2026-06-22 10:00:00,2026-06-22 10:00:00,85.171
2026-06-22 10:15:00,2026-06-22 10:15:00,85.192
2026-06-22 10:30:00,2026-06-22 10:30:00,85.2
2026-06-22 10:45:00,2026-06-22 10:45:00,85.219
2026-06-22 11:00:00,2026-06-22 11:00:00,85.215
2026-06-22 11:15:00,2026-06-22 11:15:00,85.217
2026-06-22 11:30:00,2026-06-22 11:30:00,85.216
2026-06-22 11:45:00,2026-06-22 11:45:00,85.222
2026-06-22 12:00:00,2026-06-22 12:00:00,85.217
2026-06-22 12:15:00,2026-06-22 12:15:00,85.211
2026-06-22 12:30:00,2026-06-22 12:30:00,85.21
2026-06-22 12:45:00,2026-06-22 12:45:00,85.22
2026-06-22 13:00:00,2026-06-22 13:00:00,85.215
2026-06-22 13:15:00,2026-06-22 13:15:00,85.225
2026-06-22 13:30:00,2026-06-22 13:30:00,85.228
2026-06-22 13:45:00,2026-06-22 13:45:00,85.222
2026-06-22 14:00:00,2026-06-22 14:00:00,85.224
2026-06-22 14:15:00,2026-06-22 14:15:00,85.218
2026-06-22 14:30:00,2026-06-22 14:30:00,85.211
2026-06-22 14:45:00,2026-06-22 14:45:00,85.229
2026-06-22 15:00:00,2026-06-22 15:00:00,85.228
2026-06-22 15:15:00,2026-06-22 15:15:00,85.225
2026-06-22 15:30:00,2026-06-22 15:30:00,85.223
2026-06-22 15:45:00,2026-06-22 15:45:00,85.221
2026-06-22 16:00:00,2026-06-22 16:00:00,85.218
2026-06-22 16:15:00,2026-06-22 16:15:00,85.215
2026-06-22 16:30:00,2026-06-22 16:30:00,85.214
2026-06-22 16:45:00,2026-06-22 16:45:00,85.22
2026-06-22 17:00:00,2026-06-22 17:00:00,85.222
2026-06-22 17:15:00,2026-06-22 17:15:00,85.22
2026-06-22 17:30:00,2026-06-22 17:30:00,85.215
2026-06-22 17:45:00,2026-06-22 17:45:00,85.196
2026-06-22 18:00:00,2026-06-22 18:00:00,85.205
2026-06-22 18:15:00,2026-06-22 18:15:00,85.203
2026-06-22 18:30:00,2026-06-22 18:30:00,85.21
2026-06-22 18:45:00,2026-06-22 18:45:00,85.211
2026-06-22 19:00:00,2026-06-22 19:00:00,85.214
2026-06-22 19:15:00,2026-06-22 19:15:00,85.213
2026-06-22 19:30:00,2026-06-22 19:30:00,85.212
2026-06-22 19:45:00,2026-06-22 19:45:00,85.2
2026-06-22 20:00:00,2026-06-22 20:00:00,85.207
2026-06-22 20:15:00,2026-06-22 20:15:00,85.214
2026-06-22 20:30:00,2026-06-22 20:30:00,85.218
2026-06-22 20:45:00,2026-06-22 20:45:00,85.224
2026-06-22 21:00:00,2026-06-22 21:00:00,85.226
2026-06-22 21:15:00,2026-06-22 21:15:00,85.221
2026-06-22 21:30:00,2026-06-22 21:30:00,85.221
2026-06-22 21:45:00,2026-06-22 21:45:00,85.22
2026-06-22 22:00:00,2026-06-22 22:00:00,85.215
2026-06-22 22:15:00,2026-06-22 22:15:00,85.225
2026-06-22 22:30:00,2026-06-22 22:30:00,85.221
2026-06-22 22:45:00,2026-06-22 22:45:00,85.23
2026-06-22 23:00:00,2026-06-22 23:00:00,85.229
2026-06-22 23:15:00,2026-06-22 23:15:00,85.225
2026-06-22 23:30:00,2026-06-22 23:30:00,85.227
2026-06-22 23:45:00,2026-06-22 23:45:00,85.226
2026-06-23 00:00:00,2026-06-23 00:00:00,85.228
2026-06-23 00:15:00,2026-06-23 00:15:00,85.225
2026-06-23 00:30:00,2026-06-23 00:30:00,85.228
2026-06-23 00:45:00,2026-06-23 00:45:00,85.231
2026-06-23 01:00:00,2026-06-23 01:00:00,85.234
2026-06-23 01:15:00,2026-06-23 01:15:00,85.223
2026-06-23 01:30:00,2026-06-23 01:30:00,85.232
2026-06-23 01:45:00,2026-06-23 01:45:00,85.232
2026-06-23 02:00:00,2026-06-23 02:00:00,85.226
2026-06-23 02:15:00,2026-06-23 02:15:00,85.233
2026-06-23 02:30:00,2026-06-23 02:30:00,85.231
2026-06-23 02:45:00,2026-06-23 02:45:00,85.242
2026-06-23 03:00:00,2026-06-23 03:00:00,85.235
2026-06-23 03:15:00,2026-06-23 03:15:00,85.24
2026-06-23 03:30:00,2026-06-23 03:30:00,85.237
2026-06-23 03:45:00,2026-06-23 03:45:00,85.242
2026-06-23 04:00:00,2026-06-23 04:00:00,85.242
2026-06-23 04:15:00,2026-06-23 04:15:00,85.236
2026-06-23 04:30:00,2026-06-23 04:30:00,85.238
2026-06-23 04:45:00,2026-06-23 04:45:00,85.249
2026-06-23 05:00:00,2026-06-23 05:00:00,85.251
2026-06-23 05:15:00,2026-06-23 05:15:00,85.258
2026-06-23 05:30:00,2026-06-23 05:30:00,85.262
2026-06-23 05:45:00,2026-06-23 05:45:00,85.268
2026-06-23 06:00:00,2026-06-23 06:00:00,85.267
2026-06-23 06:15:00,2026-06-23 06:15:00,85.264
2026-06-23 06:30:00,2026-06-23 06:30:00,85.26
2026-06-23 06:45:00,2026-06-23 06:45:00,85.264
2026-06-23 07:00:00,2026-06-23 07:00:00,85.274
2026-06-23 07:15:00,2026-06-23 07:15:00,85.258
2026-06-23 07:30:00,2026-06-23 07:30:00,85.275
2026-06-23 07:45:00,2026-06-23 07:45:00,85.262
2026-06-23 08:00:00,2026-06-23 08:00:00,85.262
2026-06-23 08:15:00,2026-06-23 08:15:00,85.272
2026-06-23 08:30:00,2026-06-23 08:30:00,85.271
2026-06-23 08:45:00,2026-06-23 08:45:00,85.253
2026-06-23 09:00:00,2026-06-23 09:00:00,85.24
2026-06-23 09:15:00,2026-06-23 09:15:00,85.254
2026-06-23 09:30:00,2026-06-23 09:30:00,85.26
2026-06-23 09:45:00,2026-06-23 09:45:00,85.258
2026-06-23 10:00:00,2026-06-23 10:00:00,85.262
2026-06-23 10:15:00,2026-06-23 10:15:00,85.268
2026-06-23 10:30:00,2026-06-23 10:30:00,85.259
2026-06-23 10:45:00,2026-06-23 10:45:00,85.262
2026-06-23 11:00:00,2026-06-23 11:00:00,85.265
2026-06-23 11:15:00,2026-06-23 11:15:00,85.263
2026-06-23 11:30:00,2026-06-23 11:30:00,85.263
2026-06-23 11:45:00,2026-06-23 11:45:00,85.252
2026-06-23 12:00:00,2026-06-23 12:00:00,85.26
2026-06-23 12:15:00,2026-06-23 12:15:00,85.251
2026-06-23 12:30:00,2026-06-23 12:30:00,85.249
2026-06-23 12:45:00,2026-06-23 12:45:00,85.262
2026-06-23 13:00:00,2026-06-23 13:00:00,85.257
2026-06-23 13:15:00,2026-06-23 13:15:00,85.254
2026-06-23 13:30:00,2026-06-23 13:30:00,85.249
2026-06-23 13:45:00,2026-06-23 13:45:00,85.248
2026-06-23 14:00:00,2026-06-23 14:00:00,85.261
2026-06-23 14:15:00,2026-06-23 14:15:00,85.26
2026-06-23 14:30:00,2026-06-23 14:30:00,85.262
2026-06-23 14:45:00,2026-06-23 14:45:00,85.274
2026-06-23 15:00:00,2026-06-23 15:00:00,85.27
2026-06-23 15:15:00,2026-06-23 15:15:00,85.256
2026-06-23 15:30:00,2026-06-23 15:30:00,85.26
2026-06-23 15:45:00,2026-06-23 15:45:00,85.263
2026-06-23 16:00:00,2026-06-23 16:00:00,85.26
2026-06-23 16:15:00,2026-06-23 16:15:00,85.256
2026-06-23 16:30:00,2026-06-23 16:30:00,85.26
2026-06-23 16:45:00,2026-06-23 16:45:00,85.264
2026-06-23 17:00:00,2026-06-23 17:00:00,85.261
2026-06-23 17:15:00,2026-06-23 17:15:00,85.259
2026-06-23 17:30:00,2026-06-23 17:30:00,85.261
2026-06-23 17:45:00,2026-06-23 17:45:00,85.265
2026-06-23 18:00:00,2026-06-23 18:00:00,85.261
2026-06-23 18:15:00,2026-06-23 18:15:00,85.253
2026-06-23 18:30:00,2026-06-23 18:30:00,85.265
2026-06-23 18:45:00,2026-06-23 18:45:00,85.264
2026-06-23 19:00:00,2026-06-23 19:00:00,85.259
2026-06-23 19:15:00,2026-06-23 19:15:00,85.265
2026-06-23 19:30:00,2026-06-23 19:30:00,85.263
2026-06-23 19:45:00,2026-06-23 19:45:00,85.261
2026-06-23 20:00:00,2026-06-23 20:00:00,85.256
2026-06-23 20:15:00,2026-06-23 20:15:00,85.262
2026-06-23 20:30:00,2026-06-23 20:30:00,85.261
2026-06-23 20:45:00,2026-06-23 20:45:00,85.267
2026-06-23 21:00:00,2026-06-23 21:00:00,85.264
2026-06-23 21:15:00,2026-06-23 21:15:00,85.255
2026-06-23 21:30:00,2026-06-23 21:30:00,85.259
2026-06-23 21:45:00,2026-06-23 21:45:00,85.263
2026-06-23 22:00:00,2026-06-23 22:00:00,85.261
2026-06-23 22:15:00,2026-06-23 22:15:00,85.265
2026-06-23 22:30:00,2026-06-23 22:30:00,85.268
2026-06-23 22:45:00,2026-06-23 22:45:00,85.265
2026-06-23 23:00:00,2026-06-23 23:00:00,85.266
2026-06-23 23:15:00,2026-06-23 23:15:00,85.257
2026-06-23 23:30:00,2026-06-23 23:30:00,85.255
2026-06-23 23:45:00,2026-06-23 23:45:00,85.261
2026-06-24 00:00:00,2026-06-24 00:00:00,85.262
2026-06-24 00:15:00,2026-06-24 00:15:00,85.264
2026-06-24 00:30:00,2026-06-24 00:30:00,85.269
2026-06-24 00:45:00,2026-06-24 00:45:00,85.262
2026-06-24 01:00:00,2026-06-24 01:00:00,85.259
2026-06-24 01:15:00,2026-06-24 01:15:00,85.268
2026-06-24 01:30:00,2026-06-24 01:30:00,85.267
2026-06-24 01:45:00,2026-06-24 01:45:00,85.264
2026-06-24 02:00:00,2026-06-24 02:00:00,85.271
2026-06-24 02:15:00,2026-06-24 02:15:00,85.264
2026-06-24 02:30:00,2026-06-24 02:30:00,85.262
2026-06-24 02:45:00,2026-06-24 02:45:00,85.262
2026-06-24 03:00:00,2026-06-24 03:00:00,85.264
2026-06-24 03:15:00,2026-06-24 03:15:00,85.265
2026-06-24 03:30:00,2026-06-24 03:30:00,85.265
2026-06-24 03:45:00,2026-06-24 03:45:00,85.256
2026-06-24 04:00:00,2026-06-24 04:00:00,85.256
2026-06-24 04:15:00,2026-06-24 04:15:00,85.262
2026-06-24 04:30:00,2026-06-24 04:30:00,85.259
2026-06-24 04:45:00,2026-06-24 04:45:00,85.262
2026-06-24 05:00:00,2026-06-24 05:00:00,85.256
2026-06-24 05:15:00,2026-06-24 05:15:00,85.268
2026-06-24 05:30:00,2026-06-24 05:30:00,85.258
2026-06-24 05:45:00,2026-06-24 05:45:00,85.264
2026-06-24 06:00:00,2026-06-24 06:00:00,85.266
2026-06-24 06:15:00,2026-06-24 06:15:00,85.254
2026-06-24 06:30:00,2026-06-24 06:30:00,85.243
2026-06-24 06:45:00,2026-06-24 06:45:00,85.259
2026-06-24 07:00:00,2026-06-24 07:00:00,85.259
2026-06-24 07:15:00,2026-06-24 07:15:00,85.261
2026-06-24 07:30:00,2026-06-24 07:30:00,85.261
2026-06-24 07:45:00,2026-06-24 07:45:00,85.255
2026-06-24 08:00:00,2026-06-24 08:00:00,85.261
2026-06-24 08:15:00,2026-06-24 08:15:00,85.252
2026-06-24 08:30:00,2026-06-24 08:30:00,85.242
2026-06-24 08:45:00,2026-06-24 08:45:00,85.254
2026-06-24 09:00:00,2026-06-24 09:00:00,85.247
2026-06-24 09:15:00,2026-06-24 09:15:00,85.247
2026-06-24 09:30:00,2026-06-24 09:30:00,85.256
2026-06-24 09:45:00,2026-06-24 09:45:00,85.253
2026-06-24 10:00:00,2026-06-24 10:00:00,85.249
2026-06-24 10:15:00,2026-06-24 10:15:00,85.24
2026-06-24 10:30:00,2026-06-24 10:30:00,85.252
2026-06-24 10:45:00,2026-06-24 10:45:00,85.249
2026-06-24 11:00:00,2026-06-24 11:00:00,85.245
2026-06-24 11:15:00,2026-06-24 11:15:00,85.243
2026-06-24 11:30:00,2026-06-24 11:30:00,85.24
2026-06-24 11:45:00,2026-06-24 11:45:00,85.243
2026-06-24 12:00:00,2026-06-24 12:00:00,85.233
2026-06-24 12:15:00,2026-06-24 12:15:00,85.252
2026-06-24 12:30:00,2026-06-24 12:30:00,85.26
2026-06-24 12:45:00,2026-06-24 12:45:00,85.243
2026-06-24 13:00:00,2026-06-24 13:00:00,85.238
2026-06-24 13:15:00,2026-06-24 13:15:00,85.25
2026-06-24 13:30:00,2026-06-24 13:30:00,85.251
2026-06-24 13:45:00,2026-06-24 13:45:00,85.253
2026-06-24 14:00:00,2026-06-24 14:00:00,85.245
2026-06-24 14:15:00,2026-06-24 14:15:00,85.253
2026-06-24 14:30:00,2026-06-24 14:30:00,85.246
2026-06-24 14:45:00,2026-06-24 14:45:00,85.234
2026-06-24 15:00:00,2026-06-24 15:00:00,85.227
2026-06-24 15:15:00,2026-06-24 15:15:00,85.239
2026-06-24 15:30:00,2026-06-24 15:30:00,85.248
2026-06-24 15:45:00,2026-06-24 15:45:00,85.242
2026-06-24 16:00:00,2026-06-24 16:00:00,85.253
2026-06-24 16:15:00,2026-06-24 16:15:00,85.236
2026-06-24 16:30:00,2026-06-24 16:30:00,85.236
2026-06-24 16:45:00,2026-06-24 16:45:00,85.233
2026-06-24 17:00:00,2026-06-24 17:00:00,85.235
2026-06-24 17:15:00,2026-06-24 17:15:00,85.249
2026-06-24 17:30:00,2026-06-24 17:30:00,85.245
2026-06-24 17:45:00,2026-06-24 17:45:00,85.233
2026-06-24 18:00:00,2026-06-24 18:00:00,85.234
2026-06-24 18:15:00,2026-06-24 18:15:00,85.233
2026-06-24 18:30:00,2026-06-24 18:30:00,85.231
2026-06-24 18:45:00,2026-06-24 18:45:00,85.243
2026-06-24 19:00:00,2026-06-24 19:00:00,85.243
2026-06-24 19:15:00,2026-06-24 19:15:00,85.245
2026-06-24 19:30:00,2026-06-24 19:30:00,85.239
2026-06-24 19:45:00,2026-06-24 19:45:00,85.231
2026-06-24 20:00:00,2026-06-24 20:00:00,85.232
2026-06-24 20:15:00,2026-06-24 20:15:00,85.237
2026-06-24 20:30:00,2026-06-24 20:30:00,85.243
2026-06-24 20:45:00,2026-06-24 20:45:00,85.241
2026-06-24 21:00:00,2026-06-24 21:00:00,85.247
2026-06-24 21:15:00,2026-06-24 21:15:00,85.243
2026-06-24 21:30:00,2026-06-24 21:30:00,85.246
2026-06-24 21:45:00,2026-06-24 21:45:00,85.24
2026-06-24 22:00:00,2026-06-24 22:00:00,85.243
2026-06-24 22:15:00,2026-06-24 22:15:00,85.239
2026-06-24 22:30:00,2026-06-24 22:30:00,85.234
2026-06-24 22:45:00,2026-06-24 22:45:00,85.239
2026-06-24 23:00:00,2026-06-24 23:00:00,85.239
2026-06-24 23:15:00,2026-06-24 23:15:00,85.236
2026-06-24 23:30:00,2026-06-24 23:30:00,85.238
2026-06-24 23:45:00,2026-06-24 23:45:00,85.242
2026-06-25 00:00:00,2026-06-25 00:00:00,85.237
2026-06-25 00:15:00,2026-06-25 00:15:00,85.235
2026-06-25 00:30:00,2026-06-25 00:30:00,85.233
2026-06-25 00:45:00,2026-06-25 00:45:00,85.226
2026-06-25 01:00:00,2026-06-25 01:00:00,85.233
2026-06-25 01:15:00,2026-06-25 01:15:00,85.235
2026-06-25 01:30:00,2026-06-25 01:30:00,85.24
2026-06-25 01:45:00,2026-06-25 01:45:00,85.238
2026-06-25 02:00:00,2026-06-25 02:00:00,85.237
2026-06-25 02:15:00,2026-06-25 02:15:00,85.232
2026-06-25 02:30:00,2026-06-25 02:30:00,85.234
2026-06-25 02:45:00,2026-06-25 02:45:00,85.224
2026-06-25 03:00:00,2026-06-25 03:00:00,85.225
2026-06-25 03:15:00,2026-06-25 03:15:00,85.242
2026-06-25 03:30:00,2026-06-25 03:30:00,85.236
2026-06-25 03:45:00,2026-06-25 03:45:00,85.238
2026-06-25 04:00:00,2026-06-25 04:00:00,85.238
2026-06-25 04:15:00,2026-06-25 04:15:00,85.235
2026-06-25 04:30:00,2026-06-25 04:30:00,85.233
2026-06-25 04:45:00,2026-06-25 04:45:00,85.23
2026-06-25 05:00:00,2026-06-25 05:00:00,85.228
2026-06-25 05:15:00,2026-06-25 05:15:00,85.228
2026-06-25 05:30:00,2026-06-25 05:30:00,85.231
2026-06-25 05:45:00,2026-06-25 05:45:00,85.232
2026-06-25 06:00:00,2026-06-25 06:00:00,85.233
2026-06-25 06:15:00,2026-06-25 06:15:00,85.225
2026-06-25 06:30:00,2026-06-25 06:30:00,85.226
2026-06-25 06:45:00,2026-06-25 06:45:00,85.238
2026-06-25 07:00:00,2026-06-25 07:00:00,85.236
2026-06-25 07:15:00,2026-06-25 07:15:00,85.216
2026-06-25 07:30:00,2026-06-25 07:30:00,85.211
2026-06-25 07:45:00,2026-06-25 07:45:00,85.224
2026-06-25 08:00:00,2026-06-25 08:00:00,85.228
2026-06-25 08:15:00,2026-06-25 08:15:00,85.226
2026-06-25 08:30:00,2026-06-25 08:30:00,85.234
2026-06-25 08:45:00,2026-06-25 08:45:00,85.226
2026-06-25 09:00:00,2026-06-25 09:00:00,85.223
2026-06-25 09:15:00,2026-06-25 09:15:00,85.214
2026-06-25 09:30:00,2026-06-25 09:30:00,85.209
2026-06-25 09:45:00,2026-06-25 09:45:00,85.212
2026-06-25 10:00:00,2026-06-25 10:00:00,85.21
2026-06-25 10:15:00,2026-06-25 10:15:00,85.223
2026-06-25 10:30:00,2026-06-25 10:30:00,85.233
2026-06-25 10:45:00,2026-06-25 10:45:00,85.214
2026-06-25 11:00:00,2026-06-25 11:00:00,85.213
2026-06-25 11:15:00,2026-06-25 11:15:00,85.208
2026-06-25 11:30:00,2026-06-25 11:30:00,85.205
2026-06-25 11:45:00,2026-06-25 11:45:00,85.203
2026-06-25 12:00:00,2026-06-25 12:00:00,85.2
2026-06-25 12:15:00,2026-06-25 12:15:00,85.201
2026-06-25 12:30:00,2026-06-25 12:30:00,85.205
2026-06-25 12:45:00,2026-06-25 12:45:00,85.212
2026-06-25 13:00:00,2026-06-25 13:00:00,85.207
2026-06-25 13:15:00,2026-06-25 13:15:00,85.192
2026-06-25 13:30:00,2026-06-25 13:30:00,85.195
2026-06-25 13:45:00,2026-06-25 13:45:00,85.197
2026-06-25 14:00:00,2026-06-25 14:00:00,85.19
2026-06-25 14:15:00,2026-06-25 14:15:00,85.199
2026-06-25 14:30:00,2026-06-25 14:30:00,85.199
2026-06-25 14:45:00,2026-06-25 14:45:00,85.193
2026-06-25 15:00:00,2026-06-25 15:00:00,85.2
2026-06-25 15:15:00,2026-06-25 15:15:00,85.204
2026-06-25 15:30:00,2026-06-25 15:30:00,85.199
2026-06-25 15:45:00,2026-06-25 15:45:00,85.207
2026-06-25 16:00:00,2026-06-25 16:00:00,85.209
2026-06-25 16:15:00,2026-06-25 16:15:00,85.202
2026-06-25 16:30:00,2026-06-25 16:30:00,85.199
2026-06-25 16:45:00,2026-06-25 16:45:00,85.21
2026-06-25 17:00:00,2026-06-25 17:00:00,85.209
2026-06-25 17:15:00,2026-06-25 17:15:00,85.213
2026-06-25 17:30:00,2026-06-25 17:30:00,85.209
2026-06-25 17:45:00,2026-06-25 17:45:00,85.2
2026-06-25 18:00:00,2026-06-25 18:00:00,85.188
2026-06-25 18:15:00,2026-06-25 18:15:00,85.205
2026-06-25 18:30:00,2026-06-25 18:30:00,85.209
2026-06-25 18:45:00,2026-06-25 18:45:00,85.202
2026-06-25 19:00:00,2026-06-25 19:00:00,85.21
2026-06-25 19:15:00,2026-06-25 19:15:00,85.198
2026-06-25 19:30:00,2026-06-25 19:30:00,85.187
2026-06-25 19:45:00,2026-06-25 19:45:00,85.197
2026-06-25 20:00:00,2026-06-25 20:00:00,85.204
2026-06-25 20:15:00,2026-06-25 20:15:00,85.194
2026-06-25 20:30:00,2026-06-25 20:30:00,85.193
2026-06-25 20:45:00,2026-06-25 20:45:00,85.203
2026-06-25 21:00:00,2026-06-25 21:00:00,85.202
2026-06-25 21:15:00,2026-06-25 21:15:00,85.2
2026-06-25 21:30:00,2026-06-25 21:30:00,85.204
2026-06-25 21:45:00,2026-06-25 21:45:00,85.204
2026-06-25 22:00:00,2026-06-25 22:00:00,85.203
2026-06-25 22:15:00,2026-06-25 22:15:00,85.205
2026-06-25 22:30:00,2026-06-25 22:30:00,85.204
2026-06-25 22:45:00,2026-06-25 22:45:00,85.2
2026-06-25 23:00:00,2026-06-25 23:00:00,85.197
2026-06-25 23:15:00,2026-06-25 23:15:00,85.201
2026-06-25 23:30:00,2026-06-25 23:30:00,85.198
2026-06-25 23:45:00,2026-06-25 23:45:00,85.201
2026-06-26 00:00:00,2026-06-26 00:00:00,85.201
2026-06-26 00:15:00,2026-06-26 00:15:00,85.197
2026-06-26 00:30:00,2026-06-26 00:30:00,85.2
2026-06-26 00:45:00,2026-06-26 00:45:00,85.201
2026-06-26 01:00:00,2026-06-26 01:00:00,85.195
2026-06-26 01:15:00,2026-06-26 01:15:00,85.199
2026-06-26 01:30:00,2026-06-26 01:30:00,85.2
2026-06-26 01:45:00,2026-06-26 01:45:00,85.195
2026-06-26 02:00:00,2026-06-26 02:00:00,85.19
2026-06-26 02:15:00,2026-06-26 02:15:00,85.198
2026-06-26 02:30:00,2026-06-26 02:30:00,85.202
2026-06-26 02:45:00,2026-06-26 02:45:00,85.199
2026-06-26 03:00:00,2026-06-26 03:00:00,85.199
2026-06-26 03:15:00,2026-06-26 03:15:00,85.204
2026-06-26 03:30:00,2026-06-26 03:30:00,85.202
2026-06-26 03:45:00,2026-06-26 03:45:00,85.2
2026-06-26 04:00:00,2026-06-26 04:00:00,85.202
2026-06-26 04:15:00,2026-06-26 04:15:00,85.196
2026-06-26 04:30:00,2026-06-26 04:30:00,85.193
2026-06-26 04:45:00,2026-06-26 04:45:00,85.203
2026-06-26 05:00:00,2026-06-26 05:00:00,85.203
2026-06-26 05:15:00,2026-06-26 05:15:00,85.197
2026-06-26 05:30:00,2026-06-26 05:30:00,85.193
2026-06-26 05:45:00,2026-06-26 05:45:00,85.192
2026-06-26 06:00:00,2026-06-26 06:00:00,85.184
2026-06-26 06:15:00,2026-06-26 06:15:00,85.175
2026-06-26 06:30:00,2026-06-26 06:30:00,85.178
2026-06-26 06:45:00,2026-06-26 06:45:00,85.186
2026-06-26 07:00:00,2026-06-26 07:00:00,85.179
2026-06-26 07:15:00,2026-06-26 07:15:00,85.188
2026-06-26 07:30:00,2026-06-26 07:30:00,85.189
2026-06-26 07:45:00,2026-06-26 07:45:00,85.176
2026-06-26 08:00:00,2026-06-26 08:00:00,85.176
2026-06-26 08:15:00,2026-06-26 08:15:00,85.188
2026-06-26 08:30:00,2026-06-26 08:30:00,85.188
2026-06-26 08:45:00,2026-06-26 08:45:00,85.19
2026-06-26 09:00:00,2026-06-26 09:00:00,85.182
2026-06-26 09:15:00,2026-06-26 09:15:00,85.178
2026-06-26 09:30:00,2026-06-26 09:30:00,85.174
2026-06-26 09:45:00,2026-06-26 09:45:00,85.185
2026-06-26 10:00:00,2026-06-26 10:00:00,85.181
2026-06-26 10:15:00,2026-06-26 10:15:00,85.188
2026-06-26 10:30:00,2026-06-26 10:30:00,85.181
2026-06-26 10:45:00,2026-06-26 10:45:00,85.169
2026-06-26 11:00:00,2026-06-26 11:00:00,85.167
2026-06-26 11:15:00,2026-06-26 11:15:00,85.171
2026-06-26 11:30:00,2026-06-26 11:30:00,85.184
2026-06-26 11:45:00,2026-06-26 11:45:00,85.18
2026-06-26 12:00:00,2026-06-26 12:00:00,85.179
2026-06-26 12:15:00,2026-06-26 12:15:00,85.172
2026-06-26 12:30:00,2026-06-26 12:30:00,85.173
2026-06-26 12:45:00,2026-06-26 12:45:00,85.171
2026-06-26 13:00:00,2026-06-26 13:00:00,85.167
2026-06-26 13:15:00,2026-06-26 13:15:00,85.177
2026-06-26 13:30:00,2026-06-26 13:30:00,85.176
2026-06-26 13:45:00,2026-06-26 13:45:00,85.167
2026-06-26 14:00:00,2026-06-26 14:00:00,85.171
2026-06-26 14:15:00,2026-06-26 14:15:00,85.169
2026-06-26 14:30:00,2026-06-26 14:30:00,85.163
2026-06-26 14:45:00,2026-06-26 14:45:00,85.165
2026-06-26 15:00:00,2026-06-26 15:00:00,85.17
2026-06-26 15:15:00,2026-06-26 15:15:00,85.161
2026-06-26 15:30:00,2026-06-26 15:30:00,85.157
2026-06-26 15:45:00,2026-06-26 15:45:00,85.172
2026-06-26 16:00:00,2026-06-26 16:00:00,85.165
2026-06-26 16:15:00,2026-06-26 16:15:00,85.163
2026-06-26 16:30:00,2026-06-26 16:30:00,85.167
2026-06-26 16:45:00,2026-06-26 16:45:00,85.157
2026-06-26 17:00:00,2026-06-26 17:00:00,85.16
2026-06-26 17:15:00,2026-06-26 17:15:00,85.165
2026-06-26 17:30:00,2026-06-26 17:30:00,85.159
2026-06-26 17:45:00,2026-06-26 17:45:00,85.156
2026-06-26 18:00:00,2026-06-26 18:00:00,85.16
2026-06-26 18:15:00,2026-06-26 18:15:00,85.153
2026-06-26 18:30:00,2026-06-26 18:30:00,85.152
2026-06-26 18:45:00,2026-06-26 18:45:00,85.157
2026-06-26 19:00:00,2026-06-26 19:00:00,85.161
2026-06-26 19:15:00,2026-06-26 19:15:00,85.168
2026-06-26 19:30:00,2026-06-26 19:30:00,85.164
2026-06-26 19:45:00,2026-06-26 19:45:00,85.161
2026-06-26 20:00:00,2026-06-26 20:00:00,85.16
2026-06-26 20:15:00,2026-06-26 20:15:00,85.168
2026-06-26 20:30:00,2026-06-26 20:30:00,85.166
2026-06-26 20:45:00,2026-06-26 20:45:00,85.167
2026-06-26 21:00:00,2026-06-26 21:00:00,85.17
2026-06-26 21:15:00,2026-06-26 21:15:00,85.157
2026-06-26 21:30:00,2026-06-26 21:30:00,85.159
2026-06-26 21:45:00,2026-06-26 21:45:00,85.166
2026-06-26 22:00:00,2026-06-26 22:00:00,85.163
2026-06-26 22:15:00,2026-06-26 22:15:00,85.16
2026-06-26 22:30:00,2026-06-26 22:30:00,85.164
2026-06-26 22:45:00,2026-06-26 22:45:00,85.152
2026-06-26 23:00:00,2026-06-26 23:00:00,85.148
2026-06-26 23:15:00,2026-06-26 23:15:00,85.161
2026-06-26 23:30:00,2026-06-26 23:30:00,85.163
2026-06-26 23:45:00,2026-06-26 23:45:00,85.164
2026-06-27 00:00:00,2026-06-27 00:00:00,85.162
2026-06-27 00:15:00,2026-06-27 00:15:00,85.164
2026-06-27 00:30:00,2026-06-27 00:30:00,85.159
2026-06-27 00:45:00,2026-06-27 00:45:00,85.158
2026-06-27 01:00:00,2026-06-27 01:00:00,85.154
2026-06-27 01:15:00,2026-06-27 01:15:00,85.164
2026-06-27 01:30:00,2026-06-27 01:30:00,85.171
2026-06-27 01:45:00,2026-06-27 01:45:00,85.161
2026-06-27 02:00:00,2026-06-27 02:00:00,85.166
2026-06-27 02:15:00,2026-06-27 02:15:00,85.159
2026-06-27 02:30:00,2026-06-27 02:30:00,85.166
2026-06-27 02:45:00,2026-06-27 02:45:00,85.171
2026-06-27 03:00:00,2026-06-27 03:00:00,85.168
2026-06-27 03:15:00,2026-06-27 03:15:00,85.161
2026-06-27 03:30:00,2026-06-27 03:30:00,85.157
2026-06-27 03:45:00,2026-06-27 03:45:00,85.158
2026-06-27 04:00:00,2026-06-27 04:00:00,85.158
2026-06-27 04:15:00,2026-06-27 04:15:00,85.162
2026-06-27 04:30:00,2026-06-27 04:30:00,85.155
2026-06-27 04:45:00,2026-06-27 04:45:00,85.163
2026-06-27 05:00:00,2026-06-27 05:00:00,85.165
2026-06-27 05:15:00,2026-06-27 05:15:00,85.154
2026-06-27 05:30:00,2026-06-27 05:30:00,85.15
2026-06-27 05:45:00,2026-06-27 05:45:00,85.153
2026-06-27 06:00:00,2026-06-27 06:00:00,85.15
2026-06-27 06:15:00,2026-06-27 06:15:00,85.155
2026-06-27 06:30:00,2026-06-27 06:30:00,85.155
2026-06-27 06:45:00,2026-06-27 06:45:00,85.157
2026-06-27 07:00:00,2026-06-27 07:00:00,85.161
2026-06-27 07:15:00,2026-06-27 07:15:00,85.148
2026-06-27 07:30:00,2026-06-27 07:30:00,85.153
2026-06-27 07:45:00,2026-06-27 07:45:00,85.146
2026-06-27 08:00:00,2026-06-27 08:00:00,85.142
2026-06-27 08:15:00,2026-06-27 08:15:00,85.157
2026-06-27 08:30:00,2026-06-27 08:30:00,85.153
2026-06-27 08:45:00,2026-06-27 08:45:00,85.145
2026-06-27 09:00:00,2026-06-27 09:00:00,85.147
2026-06-27 09:15:00,2026-06-27 09:15:00,85.146
2026-06-27 09:30:00,2026-06-27 09:30:00,85.147
2026-06-27 09:45:00,2026-06-27 09:45:00,85.145
2026-06-27 10:00:00,2026-06-27 10:00:00,85.143
2026-06-27 10:15:00,2026-06-27 10:15:00,85.141
2026-06-27 10:30:00,2026-06-27 10:30:00,85.135
2026-06-27 10:45:00,2026-06-27 10:45:00,85.134
2026-06-27 11:00:00,2026-06-27 11:00:00,85.13
2026-06-27 11:15:00,2026-06-27 11:15:00,85.13
2026-06-27 11:30:00,2026-06-27 11:30:00,85.134
2026-06-27 11:45:00,2026-06-27 11:45:00,85.133
2026-06-27 12:00:00,2026-06-27 12:00:00,85.118
2026-06-27 12:15:00,2026-06-27 12:15:00,85.126
2026-06-27 12:30:00,2026-06-27 12:30:00,85.124
2026-06-27 12:45:00,2026-06-27 12:45:00,85.113
2026-06-27 13:00:00,2026-06-27 13:00:00,85.111
2026-06-27 13:15:00,2026-06-27 13:15:00,85.133
2026-06-27 13:30:00,2026-06-27 13:30:00,85.12
2026-06-27 13:45:00,2026-06-27 13:45:00,85.124
2026-06-27 14:00:00,2026-06-27 14:00:00,85.125
2026-06-27 14:15:00,2026-06-27 14:15:00,85.121
2026-06-27 14:30:00,2026-06-27 14:30:00,85.117
2026-06-27 14:45:00,2026-06-27 14:45:00,85.121
2026-06-27 15:00:00,2026-06-27 15:00:00,85.118
2026-06-27 15:15:00,2026-06-27 15:15:00,85.113
2026-06-27 15:30:00,2026-06-27 15:30:00,85.116
2026-06-27 15:45:00,2026-06-27 15:45:00,85.111
2026-06-27 16:00:00,2026-06-27 16:00:00,85.109
2026-06-27 16:15:00,2026-06-27 16:15:00,85.115
2026-06-27 16:30:00,2026-06-27 16:30:00,85.117
2026-06-27 16:45:00,2026-06-27 16:45:00,85.117
2026-06-27 17:00:00,2026-06-27 17:00:00,85.113
2026-06-27 17:15:00,2026-06-27 17:15:00,85.113
2026-06-27 17:30:00,2026-06-27 17:30:00,85.11
2026-06-27 17:45:00,2026-06-27 17:45:00,85.119
2026-06-27 18:00:00,2026-06-27 18:00:00,85.125
2026-06-27 18:15:00,2026-06-27 18:15:00,85.114
2026-06-27 18:30:00,2026-06-27 18:30:00,85.11
2026-06-27 18:45:00,2026-06-27 18:45:00,85.107
2026-06-27 19:00:00,2026-06-27 19:00:00,85.107
2026-06-27 19:15:00,2026-06-27 19:15:00,85.119
2026-06-27 19:30:00,2026-06-27 19:30:00,85.12
2026-06-27 19:45:00,2026-06-27 19:45:00,85.115
2026-06-27 20:00:00,2026-06-27 20:00:00,85.108
2026-06-27 20:15:00,2026-06-27 20:15:00,85.105
2026-06-27 20:30:00,2026-06-27 20:30:00,85.11
2026-06-27 20:45:00,2026-06-27 20:45:00,85.119
2026-06-27 21:00:00,2026-06-27 21:00:00,85.12
2026-06-27 21:15:00,2026-06-27 21:15:00,85.123
2026-06-27 21:30:00,2026-06-27 21:30:00,85.123
2026-06-27 21:45:00,2026-06-27 21:45:00,85.109
2026-06-27 22:00:00,2026-06-27 22:00:00,85.109
2026-06-27 22:15:00,2026-06-27 22:15:00,85.118
2026-06-27 22:30:00,2026-06-27 22:30:00,85.118
2026-06-27 22:45:00,2026-06-27 22:45:00,85.119
2026-06-27 23:00:00,2026-06-27 23:00:00,85.122
2026-06-27 23:15:00,2026-06-27 23:15:00,85.117
2026-06-27 23:30:00,2026-06-27 23:30:00,85.115
2026-06-27 23:45:00,2026-06-27 23:45:00,85.113
2026-06-28 00:00:00,2026-06-28 00:00:00,85.116
2026-06-28 00:15:00,2026-06-28 00:15:00,85.12
2026-06-28 00:30:00,2026-06-28 00:30:00,85.119
2026-06-28 00:45:00,2026-06-28 00:45:00,85.109
2026-06-28 01:00:00,2026-06-28 01:00:00,85.116
2026-06-28 01:15:00,2026-06-28 01:15:00,85.111
2026-06-28 01:30:00,2026-06-28 01:30:00,85.105
2026-06-28 01:45:00,2026-06-28 01:45:00,85.117
2026-06-28 02:00:00,2026-06-28 02:00:00,85.121
2026-06-28 02:15:00,2026-06-28 02:15:00,85.113
2026-06-28 02:30:00,2026-06-28 02:30:00,85.111
2026-06-28 02:45:00,2026-06-28 02:45:00,85.117
2026-06-28 03:00:00,2026-06-28 03:00:00,85.113
2026-06-28 03:15:00,2026-06-28 03:15:00,85.117
2026-06-28 03:30:00,2026-06-28 03:30:00,85.116
2026-06-28 03:45:00,2026-06-28 03:45:00,85.109
2026-06-28 04:00:00,2026-06-28 04:00:00,85.105
2026-06-28 04:15:00,2026-06-28 04:15:00,85.102
2026-06-28 04:30:00,2026-06-28 04:30:00,85.107
2026-06-28 04:45:00,2026-06-28 04:45:00,85.112
2026-06-28 05:00:00,2026-06-28 05:00:00,85.113
2026-06-28 05:15:00,2026-06-28 05:15:00,85.109
2026-06-28 05:30:00,2026-06-28 05:30:00,85.111
2026-06-28 05:45:00,2026-06-28 05:45:00,85.1
2026-06-28 06:00:00,2026-06-28 06:00:00,85.091
2026-06-28 06:15:00,2026-06-28 06:15:00,85.101
2026-06-28 06:30:00,2026-06-28 06:30:00,85.107
2026-06-28 06:45:00,2026-06-28 06:45:00,85.116
2026-06-28 07:00:00,2026-06-28 07:00:00,85.111
2026-06-28 07:15:00,2026-06-28 07:15:00,85.097
2026-06-28 07:30:00,2026-06-28 07:30:00,85.098
2026-06-28 07:45:00,2026-06-28 07:45:00,85.094
2026-06-28 08:00:00,2026-06-28 08:00:00,85.101
2026-06-28 08:15:00,2026-06-28 08:15:00,85.101
2026-06-28 08:30:00,2026-06-28 08:30:00,85.101
2026-06-28 08:45:00,2026-06-28 08:45:00,85.092
2026-06-28 09:00:00,2026-06-28 09:00:00,85.094
2026-06-28 09:15:00,2026-06-28 09:15:00,85.084
2026-06-28 09:30:00,2026-06-28 09:30:00,85.077
2026-06-28 09:45:00,2026-06-28 09:45:00,85.086
2026-06-28 10:00:00,2026-06-28 10:00:00,85.078
2026-06-28 10:15:00,2026-06-28 10:15:00,85.081
2026-06-28 10:30:00,2026-06-28 10:30:00,85.082
2026-06-28 10:45:00,2026-06-28 10:45:00,85.085
2026-06-28 11:00:00,2026-06-28 11:00:00,85.08
2026-06-28 11:15:00,2026-06-28 11:15:00,85.091
2026-06-28 11:30:00,2026-06-28 11:30:00,85.087
2026-06-28 11:45:00,2026-06-28 11:45:00,85.068
2026-06-28 12:00:00,2026-06-28 12:00:00,85.078
2026-06-28 12:15:00,2026-06-28 12:15:00,85.061
2026-06-28 12:30:00,2026-06-28 12:30:00,85.059
2026-06-28 12:45:00,2026-06-28 12:45:00,85.082
2026-06-28 13:00:00,2026-06-28 13:00:00,85.074
2026-06-28 13:15:00,2026-06-28 13:15:00,85.075
2026-06-28 13:30:00,2026-06-28 13:30:00,85.068
2026-06-28 13:45:00,2026-06-28 13:45:00,85.07
2026-06-28 14:00:00,2026-06-28 14:00:00,85.06
2026-06-28 14:15:00,2026-06-28 14:15:00,85.083
2026-06-28 14:30:00,2026-06-28 14:30:00,85.075
2026-06-28 14:45:00,2026-06-28 14:45:00,85.066
2026-06-28 15:00:00,2026-06-28 15:00:00,85.077
2026-06-28 15:15:00,2026-06-28 15:15:00,85.062
2026-06-28 15:30:00,2026-06-28 15:30:00,85.063
2026-06-28 15:45:00,2026-06-28 15:45:00,85.063
2026-06-28 16:00:00,2026-06-28 16:00:00,85.064
2026-06-28 16:15:00,2026-06-28 16:15:00,85.063
2026-06-28 16:30:00,2026-06-28 16:30:00,85.069
2026-06-28 16:45:00,2026-06-28 16:45:00,85.067
2026-06-28 17:00:00,2026-06-28 17:00:00,85.064
2026-06-28 17:15:00,2026-06-28 17:15:00,85.065
2026-06-28 17:30:00,2026-06-28 17:30:00,85.063
2026-06-28 17:45:00,2026-06-28 17:45:00,85.06
2026-06-28 18:00:00,2026-06-28 18:00:00,85.057
2026-06-28 18:15:00,2026-06-28 18:15:00,85.058
2026-06-28 18:30:00,2026-06-28 18:30:00,85.059
2026-06-28 18:45:00,2026-06-28 18:45:00,85.061
2026-06-28 19:00:00,2026-06-28 19:00:00,85.073
2026-06-28 19:15:00,2026-06-28 19:15:00,85.061
2026-06-28 19:30:00,2026-06-28 19:30:00,85.065
2026-06-28 19:45:00,2026-06-28 19:45:00,85.067
2026-06-28 20:00:00,2026-06-28 20:00:00,85.067
2026-06-28 20:15:00,2026-06-28 20:15:00,85.064
2026-06-28 20:30:00,2026-06-28 20:30:00,85.07
2026-06-28 20:45:00,2026-06-28 20:45:00,85.071
2026-06-28 21:00:00,2026-06-28 21:00:00,85.07
2026-06-28 21:15:00,2026-06-28 21:15:00,85.07
2026-06-28 21:30:00,2026-06-28 21:30:00,85.066
2026-06-28 21:45:00,2026-06-28 21:45:00,85.07
2026-06-28 22:00:00,2026-06-28 22:00:00,85.071
2026-06-28 22:15:00,2026-06-28 22:15:00,85.067
2026-06-28 22:30:00,2026-06-28 22:30:00,85.063
2026-06-28 22:45:00,2026-06-28 22:45:00,85.065
2026-06-28 23:00:00,2026-06-28 23:00:00,85.067
2026-06-28 23:15:00,2026-06-28 23:15:00,85.066
2026-06-28 23:30:00,2026-06-28 23:30:00,85.068
2026-06-28 23:45:00,2026-06-28 23:45:00,85.068
2026-06-29 00:00:00,2026-06-29 00:00:00,85.068
2026-06-29 00:15:00,2026-06-29 00:15:00,85.065
2026-06-29 00:30:00,2026-06-29 00:30:00,85.064
2026-06-29 00:45:00,2026-06-29 00:45:00,85.064
2026-06-29 01:00:00,2026-06-29 01:00:00,85.064
2026-06-29 01:15:00,2026-06-29 01:15:00,85.06
2026-06-29 01:30:00,2026-06-29 01:30:00,85.057
2026-06-29 01:45:00,2026-06-29 01:45:00,85.067
2026-06-29 02:00:00,2026-06-29 02:00:00,85.066
2026-06-29 02:15:00,2026-06-29 02:15:00,85.063
2026-06-29 02:30:00,2026-06-29 02:30:00,85.057
2026-06-29 02:45:00,2026-06-29 02:45:00,85.067
2026-06-29 03:00:00,2026-06-29 03:00:00,85.067
2026-06-29 03:15:00,2026-06-29 03:15:00,85.065
2026-06-29 03:30:00,2026-06-29 03:30:00,85.059
2026-06-29 03:45:00,2026-06-29 03:45:00,85.063
2026-06-29 04:00:00,2026-06-29 04:00:00,85.056
2026-06-29 04:15:00,2026-06-29 04:15:00,85.058
2026-06-29 04:30:00,2026-06-29 04:30:00,85.061
2026-06-29 04:45:00,2026-06-29 04:45:00,85.064
2026-06-29 05:00:00,2026-06-29 05:00:00,85.054
2026-06-29 05:15:00,2026-06-29 05:15:00,85.05
2026-06-29 05:30:00,2026-06-29 05:30:00,85.056
2026-06-29 05:45:00,2026-06-29 05:45:00,85.048
2026-06-29 06:00:00,2026-06-29 06:00:00,85.047
2026-06-29 06:15:00,2026-06-29 06:15:00,85.059
2026-06-29 06:30:00,2026-06-29 06:30:00,85.057
2026-06-29 06:45:00,2026-06-29 06:45:00,85.056
2026-06-29 07:00:00,2026-06-29 07:00:00,85.058
2026-06-29 07:15:00,2026-06-29 07:15:00,85.053
2026-06-29 07:30:00,2026-06-29 07:30:00,85.05
2026-06-29 07:45:00,2026-06-29 07:45:00,85.054
2026-06-29 08:00:00,2026-06-29 08:00:00,85.049
2026-06-29 08:15:00,2026-06-29 08:15:00,85.053
2026-06-29 08:30:00,2026-06-29 08:30:00,85.055
2026-06-29 08:45:00,2026-06-29 08:45:00,85.055
2026-06-29 09:00:00,2026-06-29 09:00:00,85.04
2026-06-29 09:15:00,2026-06-29 09:15:00,85.046
2026-06-29 09:30:00,2026-06-29 09:30:00,85.051
2026-06-29 09:45:00,2026-06-29 09:45:00,85.054
2026-06-29 10:00:00,2026-06-29 10:00:00,85.05
2026-06-29 10:15:00,2026-06-29 10:15:00,85.046
2026-06-29 10:30:00,2026-06-29 10:30:00,85.036
2026-06-29 10:45:00,2026-06-29 10:45:00,85.031
2026-06-29 11:00:00,2026-06-29 11:00:00,85.041
2026-06-29 11:15:00,2026-06-29 11:15:00,85.044
2026-06-29 11:30:00,2026-06-29 11:30:00,85.049
2026-06-29 11:45:00,2026-06-29 11:45:00,85.035
2026-06-29 12:00:00,2026-06-29 12:00:00,85.037
2026-06-29 12:15:00,2026-06-29 12:15:00,85.023
2026-06-29 12:30:00,2026-06-29 12:30:00,85.031
2026-06-29 12:45:00,2026-06-29 12:45:00,85.04
2026-06-29 13:00:00,2026-06-29 13:00:00,85.039
2026-06-29 13:15:00,2026-06-29 13:15:00,85.035
2026-06-29 13:30:00,2026-06-29 13:30:00,85.032
2026-06-29 13:45:00,2026-06-29 13:45:00,85.032
2026-06-29 14:00:00,2026-06-29 14:00:00,85.025
2026-06-29 14:15:00,2026-06-29 14:15:00,85.03
2026-06-29 14:30:00,2026-06-29 14:30:00,85.029
2026-06-29 14:45:00,2026-06-29 14:45:00,85.027
2026-06-29 15:00:00,2026-06-29 15:00:00,85.03
2026-06-29 15:15:00,2026-06-29 15:15:00,85.023
2026-06-29 15:30:00,2026-06-29 15:30:00,85.027
2026-06-29 15:45:00,2026-06-29 15:45:00,85.03
2026-06-29 16:00:00,2026-06-29 16:00:00,85.029
2026-06-29 16:15:00,2026-06-29 16:15:00,85.013
2026-06-29 16:30:00,2026-06-29 16:30:00,85.014
2026-06-29 16:45:00,2026-06-29 16:45:00,85.019
2026-06-29 17:00:00,2026-06-29 17:00:00,85.022
2026-06-29 17:15:00,2026-06-29 17:15:00,85.028
2026-06-29 17:30:00,2026-06-29 17:30:00,85.025
2026-06-29 17:45:00,2026-06-29 17:45:00,85.023
2026-06-29 18:00:00,2026-06-29 18:00:00,85.028
2026-06-29 18:15:00,2026-06-29 18:15:00,85.024
2026-06-29 18:30:00,2026-06-29 18:30:00,85.022
2026-06-29 18:45:00,2026-06-29 18:45:00,85.027
2026-06-29 19:00:00,2026-06-29 19:00:00,85.028
2026-06-29 19:15:00,2026-06-29 19:15:00,85.023
2026-06-29 19:30:00,2026-06-29 19:30:00,85.021
2026-06-29 19:45:00,2026-06-29 19:45:00,85.031
2026-06-29 20:00:00,2026-06-29 20:00:00,85.029
2026-06-29 20:15:00,2026-06-29 20:15:00,85.025
2026-06-29 20:30:00,2026-06-29 20:30:00,85.023
2026-06-29 20:45:00,2026-06-29 20:45:00,85.031
2026-06-29 21:00:00,2026-06-29 21:00:00,85.028
2026-06-29 21:15:00,2026-06-29 21:15:00,85.024
2026-06-29 21:30:00,2026-06-29 21:30:00,85.025
2026-06-29 21:45:00,2026-06-29 21:45:00,85.023
2026-06-29 22:00:00,2026-06-29 22:00:00,85.027
2026-06-29 22:15:00,2026-06-29 22:15:00,85.032
2026-06-29 22:30:00,2026-06-29 22:30:00,85.034
2026-06-29 22:45:00,2026-06-29 22:45:00,85.026
2026-06-29 23:00:00,2026-06-29 23:00:00,85.027
2026-06-29 23:15:00,2026-06-29 23:15:00,85.03
2026-06-29 23:30:00,2026-06-29 23:30:00,85.026
2026-06-29 23:45:00,2026-06-29 23:45:00,85.035
2026-06-30 00:00:00,2026-06-30 00:00:00,85.032
2026-06-30 00:15:00,2026-06-30 00:15:00,85.032
2026-06-30 00:30:00,2026-06-30 00:30:00,85.033
2026-06-30 00:45:00,2026-06-30 00:45:00,85.026
2026-06-30 01:00:00,2026-06-30 01:00:00,85.028
2026-06-30 01:15:00,2026-06-30 01:15:00,85.031
2026-06-30 01:30:00,2026-06-30 01:30:00,85.031
2026-06-30 01:45:00,2026-06-30 01:45:00,85.033
2026-06-30 02:00:00,2026-06-30 02:00:00,85.03
2026-06-30 02:15:00,2026-06-30 02:15:00,85.027
2026-06-30 02:30:00,2026-06-30 02:30:00,85.03
2026-06-30 02:45:00,2026-06-30 02:45:00,85.031
2026-06-30 03:00:00,2026-06-30 03:00:00,85.029
2026-06-30 03:15:00,2026-06-30 03:15:00,85.028
2026-06-30 03:30:00,2026-06-30 03:30:00,85.032
2026-06-30 03:45:00,2026-06-30 03:45:00,85.021
2026-06-30 04:00:00,2026-06-30 04:00:00,85.026
2026-06-30 04:15:00,2026-06-30 04:15:00,85.023
2026-06-30 04:30:00,2026-06-30 04:30:00,85.015
2026-06-30 04:45:00,2026-06-30 04:45:00,85.026
2026-06-30 05:00:00,2026-06-30 05:00:00,85.027
2026-06-30 05:15:00,2026-06-30 05:15:00,85.016
2026-06-30 05:30:00,2026-06-30 05:30:00,85.026
2026-06-30 05:45:00,2026-06-30 05:45:00,85.024
2026-06-30 06:00:00,2026-06-30 06:00:00,85.022
2026-06-30 06:15:00,2026-06-30 06:15:00,85.027
2026-06-30 06:30:00,2026-06-30 06:30:00,85.027
2026-06-30 06:45:00,2026-06-30 06:45:00,85.011
2026-06-30 07:00:00,2026-06-30 07:00:00,85.007
2026-06-30 07:15:00,2026-06-30 07:15:00,85.015
2026-06-30 07:30:00,2026-06-30 07:30:00,85.008
2026-06-30 07:45:00,2026-06-30 07:45:00,85.024
2026-06-30 08:00:00,2026-06-30 08:00:00,85.026
2026-06-30 08:15:00,2026-06-30 08:15:00,85.009
2026-06-30 08:30:00,2026-06-30 08:30:00,85.011
2026-06-30 08:45:00,2026-06-30 08:45:00,85.02
2026-06-30 09:00:00,2026-06-30 09:00:00,85.018
2026-06-30 09:15:00,2026-06-30 09:15:00,85.013
2026-06-30 09:30:00,2026-06-30 09:30:00,85.011
2026-06-30 09:45:00,2026-06-30 09:45:00,85.005
2026-06-30 10:00:00,2026-06-30 10:00:00,84.992
2026-06-30 10:15:00,2026-06-30 10:15:00,85.001
2026-06-30 10:30:00,2026-06-30 10:30:00,84.995
2026-06-30 10:45:00,2026-06-30 10:45:00,85.007
2026-06-30 11:00:00,2026-06-30 11:00:00,85.002
2026-06-30 11:15:00,2026-06-30 11:15:00,85.002
2026-06-30 11:30:00,2026-06-30 11:30:00,85.002
2026-06-30 11:45:00,2026-06-30 11:45:00,85.005
2026-06-30 12:00:00,2026-06-30 12:00:00,84.99
2026-06-30 12:15:00,2026-06-30 12:15:00,84.983
2026-06-30 12:30:00,2026-06-30 12:30:00,84.979
2026-06-30 12:45:00,2026-06-30 12:45:00,84.995
2026-06-30 13:00:00,2026-06-30 13:00:00,84.998
2026-06-30 13:15:00,2026-06-30 13:15:00,84.996
2026-06-30 13:30:00,2026-06-30 13:30:00,84.993
2026-06-30 13:45:00,2026-06-30 13:45:00,84.988
2026-06-30 14:00:00,2026-06-30 14:00:00,84.986
2026-06-30 14:15:00,2026-06-30 14:15:00,84.99
2026-06-30 14:30:00,2026-06-30 14:30:00,84.986
2026-06-30 14:45:00,2026-06-30 14:45:00,84.995
2026-06-30 15:00:00,2026-06-30 15:00:00,84.987
2026-06-30 15:15:00,2026-06-30 15:15:00,84.978
2026-06-30 15:30:00,2026-06-30 15:30:00,84.976
2026-06-30 15:45:00,2026-06-30 15:45:00,84.986
2026-06-30 16:00:00,2026-06-30 16:00:00,84.988
2026-06-30 16:15:00,2026-06-30 16:15:00,84.988
2026-06-30 16:30:00,2026-06-30 16:30:00,84.992
2026-06-30 16:45:00,2026-06-30 16:45:00,84.989
2026-06-30 17:00:00,2026-06-30 17:00:00,84.986
2026-06-30 17:15:00,2026-06-30 17:15:00,84.983
2026-06-30 17:30:00,2026-06-30 17:30:00,84.989
2026-06-30 17:45:00,2026-06-30 17:45:00,84.979
2026-06-30 18:00:00,2026-06-30 18:00:00,84.976
2026-06-30 18:15:00,2026-06-30 18:15:00,84.985
2026-06-30 18:30:00,2026-06-30 18:30:00,84.983
2026-06-30 18:45:00,2026-06-30 18:45:00,84.983
2026-06-30 19:00:00,2026-06-30 19:00:00,84.984
2026-06-30 19:15:00,2026-06-30 19:15:00,84.976
2026-06-30 19:30:00,2026-06-30 19:30:00,84.98
2026-06-30 19:45:00,2026-06-30 19:45:00,84.985
2026-06-30 20:00:00,2026-06-30 20:00:00,84.984
2026-06-30 20:15:00,2026-06-30 20:15:00,84.981
2026-06-30 20:30:00,2026-06-30 20:30:00,84.984
2026-06-30 20:45:00,2026-06-30 20:45:00,84.97
2026-06-30 21:00:00,2026-06-30 21:00:00,84.976
2026-06-30 21:15:00,2026-06-30 21:15:00,84.989
2026-06-30 21:30:00,2026-06-30 21:30:00,84.985
2026-06-30 21:45:00,2026-06-30 21:45:00,84.987
2026-06-30 22:00:00,2026-06-30 22:00:00,84.984
2026-06-30 22:15:00,2026-06-30 22:15:00,84.98
2026-06-30 22:30:00,2026-06-30 22:30:00,84.988
2026-06-30 22:45:00,2026-06-30 22:45:00,84.987
2026-06-30 23:00:00,2026-06-30 23:00:00,84.992
2026-06-30 23:15:00,2026-06-30 23:15:00,84.993
2026-06-30 23:30:00,2026-06-30 23:30:00,84.993
2026-06-30 23:45:00,2026-06-30 23:45:00,84.982
2026-07-01 00:00:00,2026-07-01 00:00:00,84.982
2026-07-01 00:15:00,2026-07-01 00:15:00,84.988
2026-07-01 00:30:00,2026-07-01 00:30:00,84.983
2026-07-01 00:45:00,2026-07-01 00:45:00,84.985
2026-07-01 01:00:00,2026-07-01 01:00:00,84.985
2026-07-01 01:15:00,2026-07-01 01:15:00,84.983
2026-07-01 01:30:00,2026-07-01 01:30:00,84.984
2026-07-01 01:45:00,2026-07-01 01:45:00,84.984
2026-07-01 02:00:00,2026-07-01 02:00:00,84.977
2026-07-01 02:15:00,2026-07-01 02:15:00,84.984
2026-07-01 02:30:00,2026-07-01 02:30:00,84.985
2026-07-01 02:45:00,2026-07-01 02:45:00,84.982
2026-07-01 03:00:00,2026-07-01 03:00:00,84.981
2026-07-01 03:15:00,2026-07-01 03:15:00,84.988
2026-07-01 03:30:00,2026-07-01 03:30:00,84.991
2026-07-01 03:45:00,2026-07-01 03:45:00,84.987
2026-07-01 04:00:00,2026-07-01 04:00:00,84.987
2026-07-01 04:15:00,2026-07-01 04:15:00,84.98
2026-07-01 04:30:00,2026-07-01 04:30:00,84.973
2026-07-01 04:45:00,2026-07-01 04:45:00,84.979
2026-07-01 05:00:00,2026-07-01 05:00:00,84.983
2026-07-01 05:15:00,2026-07-01 05:15:00,84.973
2026-07-01 05:30:00,2026-07-01 05:30:00,84.976
2026-07-01 05:45:00,2026-07-01 05:45:00,84.971
2026-07-01 06:00:00,2026-07-01 06:00:00,84.966
2026-07-01 06:15:00,2026-07-01 06:15:00,84.968
2026-07-01 06:30:00,2026-07-01 06:30:00,84.969
2026-07-01 06:45:00,2026-07-01 06:45:00,84.967
2026-07-01 07:00:00,2026-07-01 07:00:00,84.966
2026-07-01 07:15:00,2026-07-01 07:15:00,84.964
2026-07-01 07:30:00,2026-07-01 07:30:00,84.972
2026-07-01 07:45:00,2026-07-01 07:45:00,84.966
2026-07-01 08:00:00,2026-07-01 08:00:00,84.973
2026-07-01 08:15:00,2026-07-01 08:15:00,84.973
2026-07-01 08:30:00,2026-07-01 08:30:00,84.966
2026-07-01 08:45:00,2026-07-01 08:45:00,84.968
2026-07-01 09:00:00,2026-07-01 09:00:00,84.961
2026-07-01 09:15:00,2026-07-01 09:15:00,84.95
2026-07-01 09:30:00,2026-07-01 09:30:00,84.946
2026-07-01 09:45:00,2026-07-01 09:45:00,84.959
2026-07-01 10:00:00,2026-07-01 10:00:00,84.965
2026-07-01 10:15:00,2026-07-01 10:15:00,84.961
2026-07-01 10:30:00,2026-07-01 10:30:00,84.954
2026-07-01 10:45:00,2026-07-01 10:45:00,84.961
2026-07-01 11:00:00,2026-07-01 11:00:00,84.964
2026-07-01 11:15:00,2026-07-01 11:15:00,84.948
2026-07-01 11:30:00,2026-07-01 11:30:00,84.95
2026-07-01 11:45:00,2026-07-01 11:45:00,84.939
2026-07-01 12:00:00,2026-07-01 12:00:00,84.953
2026-07-01 12:15:00,2026-07-01 12:15:00,84.95
2026-07-01 12:30:00,2026-07-01 12:30:00,84.951
2026-07-01 12:45:00,2026-07-01 12:45:00,84.948
2026-07-01 13:00:00,2026-07-01 13:00:00,84.949
2026-07-01 13:15:00,2026-07-01 13:15:00,84.93
2026-07-01 13:30:00,2026-07-01 13:30:00,84.937
2026-07-01 13:45:00,2026-07-01 13:45:00,84.935
2026-07-01 14:00:00,2026-07-01 14:00:00,84.933
2026-07-01 14:15:00,2026-07-01 14:15:00,84.931
2026-07-01 14:30:00,2026-07-01 14:30:00,84.935
2026-07-01 14:45:00,2026-07-01 14:45:00,84.939
2026-07-01 15:00:00,2026-07-01 15:00:00,84.936
2026-07-01 15:15:00,2026-07-01 15:15:00,84.945
2026-07-01 15:30:00,2026-07-01 15:30:00,84.944
2026-07-01 15:45:00,2026-07-01 15:45:00,84.94
2026-07-01 16:00:00,2026-07-01 16:00:00,84.942
2026-07-01 16:15:00,2026-07-01 16:15:00,84.932
2026-07-01 16:30:00,2026-07-01 16:30:00,84.944
2026-07-01 16:45:00,2026-07-01 16:45:00,84.939
2026-07-01 17:00:00,2026-07-01 17:00:00,84.937
2026-07-01 17:15:00,2026-07-01 17:15:00,84.942
2026-07-01 17:30:00,2026-07-01 17:30:00,84.942
2026-07-01 17:45:00,2026-07-01 17:45:00,84.936
2026-07-01 18:00:00,2026-07-01 18:00:00,84.932
2026-07-01 18:15:00,2026-07-01 18:15:00,84.939
2026-07-01 18:30:00,2026-07-01 18:30:00,84.937
2026-07-01 18:45:00,2026-07-01 18:45:00,84.936
2026-07-01 19:00:00,2026-07-01 19:00:00,84.928
2026-07-01 19:15:00,2026-07-01 19:15:00,84.932
2026-07-01 19:30:00,2026-07-01 19:30:00,84.942
2026-07-01 19:45:00,2026-07-01 19:45:00,84.926
2026-07-01 20:00:00,2026-07-01 20:00:00,84.926
2026-07-01 20:15:00,2026-07-01 20:15:00,84.935
2026-07-01 20:30:00,2026-07-01 20:30:00,84.931
2026-07-01 20:45:00,2026-07-01 20:45:00,84.935
2026-07-01 21:00:00,2026-07-01 21:00:00,84.936
2026-07-01 21:15:00,2026-07-01 21:15:00,84.929
2026-07-01 21:30:00,2026-07-01 21:30:00,84.927
2026-07-01 21:45:00,2026-07-01 21:45:00,84.933
2026-07-01 22:00:00,2026-07-01 22:00:00,84.935
2026-07-01 22:15:00,2026-07-01 22:15:00,84.936
2026-07-01 22:30:00,2026-07-01 22:30:00,84.94
2026-07-01 22:45:00,2026-07-01 22:45:00,84.936
2026-07-01 23:00:00,2026-07-01 23:00:00,84.929
2026-07-01 23:15:00,2026-07-01 23:15:00,84.934
2026-07-01 23:30:00,2026-07-01 23:30:00,84.929
2026-07-01 23:45:00,2026-07-01 23:45:00,84.933
2026-07-02 00:00:00,2026-07-02 00:00:00,84.932
2026-07-02 00:15:00,2026-07-02 00:15:00,84.93
2026-07-02 00:30:00,2026-07-02 00:30:00,84.931
2026-07-02 00:45:00,2026-07-02 00:45:00,84.941
2026-07-02 01:00:00,2026-07-02 01:00:00,84.936
2026-07-02 01:15:00,2026-07-02 01:15:00,84.923
2026-07-02 01:30:00,2026-07-02 01:30:00,84.928
2026-07-02 01:45:00,2026-07-02 01:45:00,84.936
2026-07-02 02:00:00,2026-07-02 02:00:00,84.941
2026-07-02 02:15:00,2026-07-02 02:15:00,84.941
2026-07-02 02:30:00,2026-07-02 02:30:00,84.939
2026-07-02 02:45:00,2026-07-02 02:45:00,84.933
2026-07-02 03:00:00,2026-07-02 03:00:00,84.932
2026-07-02 03:15:00,2026-07-02 03:15:00,84.941
2026-07-02 03:30:00,2026-07-02 03:30:00,84.941
2026-07-02 03:45:00,2026-07-02 03:45:00,84.937
2026-07-02 04:00:00,2026-07-02 04:00:00,84.938
2026-07-02 04:15:00,2026-07-02 04:15:00,84.931
2026-07-02 04:30:00,2026-07-02 04:30:00,84.933
2026-07-02 04:45:00,2026-07-02 04:45:00,84.933
2026-07-02 05:00:00,2026-07-02 05:00:00,84.934
2026-07-02 05:15:00,2026-07-02 05:15:00,84.93
2026-07-02 05:30:00,2026-07-02 05:30:00,84.931
2026-07-02 05:45:00,2026-07-02 05:45:00,84.927
2026-07-02 06:00:00,2026-07-02 06:00:00,84.92
2026-07-02 06:15:00,2026-07-02 06:15:00,84.929
2026-07-02 06:30:00,2026-07-02 06:30:00,84.93
2026-07-02 06:45:00,2026-07-02 06:45:00,84.931
2026-07-02 07:00:00,2026-07-02 07:00:00,84.938
2026-07-02 07:15:00,2026-07-02 07:15:00,84.929
2026-07-02 07:30:00,2026-07-02 07:30:00,84.922
2026-07-02 07:45:00,2026-07-02 07:45:00,84.927
2026-07-02 08:00:00,2026-07-02 08:00:00,84.929
2026-07-02 08:15:00,2026-07-02 08:15:00,84.929
2026-07-02 08:30:00,2026-07-02 08:30:00,84.931
2026-07-02 08:45:00,2026-07-02 08:45:00,84.924
2026-07-02 09:00:00,2026-07-02 09:00:00,84.925
2026-07-02 09:15:00,2026-07-02 09:15:00,84.917
2026-07-02 09:30:00,2026-07-02 09:30:00,84.916
2026-07-02 09:45:00,2026-07-02 09:45:00,84.91
2026-07-02 10:00:00,2026-07-02 10:00:00,84.908
2026-07-02 10:15:00,2026-07-02 10:15:00,84.92
2026-07-02 10:30:00,2026-07-02 10:30:00,84.929
2026-07-02 10:45:00,2026-07-02 10:45:00,84.919
2026-07-02 11:00:00,2026-07-02 11:00:00,84.91
2026-07-02 11:15:00,2026-07-02 11:15:00,84.915
2026-07-02 11:30:00,2026-07-02 11:30:00,84.911
2026-07-02 11:45:00,2026-07-02 11:45:00,84.915
2026-07-02 12:00:00,2026-07-02 12:00:00,84.912
2026-07-02 12:15:00,2026-07-02 12:15:00,84.917
2026-07-02 12:30:00,2026-07-02 12:30:00,84.91
2026-07-02 12:45:00,2026-07-02 12:45:00,84.908
2026-07-02 13:00:00,2026-07-02 13:00:00,84.916
2026-07-02 13:15:00,2026-07-02 13:15:00,84.901
2026-07-02 13:30:00,2026-07-02 13:30:00,84.898
2026-07-02 13:45:00,2026-07-02 13:45:00,84.901
2026-07-02 14:00:00,2026-07-02 14:00:00,84.909
2026-07-02 14:15:00,2026-07-02 14:15:00,84.908
2026-07-02 14:30:00,2026-07-02 14:30:00,84.904
2026-07-02 14:45:00,2026-07-02 14:45:00,84.904
2026-07-02 15:00:00,2026-07-02 15:00:00,84.911
2026-07-02 15:15:00,2026-07-02 15:15:00,84.901
2026-07-02 15:30:00,2026-07-02 15:30:00,84.895
2026-07-02 15:45:00,2026-07-02 15:45:00,84.898
2026-07-02 16:00:00,2026-07-02 16:00:00,84.896
2026-07-02 16:15:00,2026-07-02 16:15:00,84.899
2026-07-02 16:30:00,2026-07-02 16:30:00,84.894
2026-07-02 16:45:00,2026-07-02 16:45:00,84.909
2026-07-02 17:00:00,2026-07-02 17:00:00,84.907
2026-07-02 17:15:00,2026-07-02 17:15:00,84.899
2026-07-02 17:30:00,2026-07-02 17:30:00,84.897
2026-07-02 17:45:00,2026-07-02 17:45:00,84.897
2026-07-02 18:00:00,2026-07-02 18:00:00,84.898
2026-07-02 18:15:00,2026-07-02 18:15:00,84.9
2026-07-02 18:30:00,2026-07-02 18:30:00,84.901
2026-07-02 18:45:00,2026-07-02 18:45:00,84.894
2026-07-02 19:00:00,2026-07-02 19:00:00,84.895
2026-07-02 19:15:00,2026-07-02 19:15:00,84.893
2026-07-02 19:30:00,2026-07-02 19:30:00,84.89
2026-07-02 19:45:00,2026-07-02 19:45:00,84.903
2026-07-02 20:00:00,2026-07-02 20:00:00,84.904
2026-07-02 20:15:00,2026-07-02 20:15:00,84.899
2026-07-02 20:30:00,2026-07-02 20:30:00,84.898
2026-07-02 20:45:00,2026-07-02 20:45:00,84.907
2026-07-02 21:00:00,2026-07-02 21:00:00,84.905
2026-07-02 21:15:00,2026-07-02 21:15:00,84.903
2026-07-02 21:30:00,2026-07-02 21:30:00,84.906
2026-07-02 21:45:00,2026-07-02 21:45:00,84.898
2026-07-02 22:00:00,2026-07-02 22:00:00,84.895
2026-07-02 22:15:00,2026-07-02 22:15:00,84.914
2026-07-02 22:30:00,2026-07-02 22:30:00,84.915
2026-07-02 22:45:00,2026-07-02 22:45:00,84.912
2026-07-02 23:00:00,2026-07-02 23:00:00,84.907
2026-07-02 23:15:00,2026-07-02 23:15:00,84.903
2026-07-02 23:30:00,2026-07-02 23:30:00,84.895
2026-07-02 23:45:00,2026-07-02 23:45:00,84.906
2026-07-03 00:00:00,2026-07-03 00:00:00,84.912
2026-07-03 00:15:00,2026-07-03 00:15:00,84.898
2026-07-03 00:30:00,2026-07-03 00:30:00,84.903
2026-07-03 00:45:00,2026-07-03 00:45:00,84.906
2026-07-03 01:00:00,2026-07-03 01:00:00,84.9
2026-07-03 01:15:00,2026-07-03 01:15:00,84.903
2026-07-03 01:30:00,2026-07-03 01:30:00,84.904
2026-07-03 01:45:00,2026-07-03 01:45:00,84.899
2026-07-03 02:00:00,2026-07-03 02:00:00,84.899
2026-07-03 02:15:00,2026-07-03 02:15:00,84.898
2026-07-03 02:30:00,2026-07-03 02:30:00,84.892
2026-07-03 02:45:00,2026-07-03 02:45:00,84.892
2026-07-03 03:00:00,2026-07-03 03:00:00,84.891
2026-07-03 03:15:00,2026-07-03 03:15:00,84.89
2026-07-03 03:30:00,2026-07-03 03:30:00,84.893
2026-07-03 03:45:00,2026-07-03 03:45:00,84.895
2026-07-03 04:00:00,2026-07-03 04:00:00,84.894
2026-07-03 04:15:00,2026-07-03 04:15:00,84.894
2026-07-03 04:30:00,2026-07-03 04:30:00,84.891
2026-07-03 04:45:00,2026-07-03 04:45:00,84.893
2026-07-03 05:00:00,2026-07-03 05:00:00,84.895
2026-07-03 05:15:00,2026-07-03 05:15:00,84.895
2026-07-03 05:30:00,2026-07-03 05:30:00,84.897
2026-07-03 05:45:00,2026-07-03 05:45:00,84.902
2026-07-03 06:00:00,2026-07-03 06:00:00,84.904
2026-07-03 06:15:00,2026-07-03 06:15:00,84.889
2026-07-03 06:30:00,2026-07-03 06:30:00,84.895
2026-07-03 06:45:00,2026-07-03 06:45:00,84.895
2026-07-03 07:00:00,2026-07-03 07:00:00,84.895
2026-07-03 07:15:00,2026-07-03 07:15:00,84.884
2026-07-03 07:30:00,2026-07-03 07:30:00,84.892
2026-07-03 07:45:00,2026-07-03 07:45:00,84.894
2026-07-03 08:00:00,2026-07-03 08:00:00,84.886
2026-07-03 08:15:00,2026-07-03 08:15:00,84.898
2026-07-03 08:30:00,2026-07-03 08:30:00,84.898
2026-07-03 08:45:00,2026-07-03 08:45:00,84.883
2026-07-03 09:00:00,2026-07-03 09:00:00,84.882
2026-07-03 09:15:00,2026-07-03 09:15:00,84.88
2026-07-03 09:30:00,2026-07-03 09:30:00,84.876
2026-07-03 09:45:00,2026-07-03 09:45:00,84.874
2026-07-03 10:00:00,2026-07-03 10:00:00,84.879
2026-07-03 10:15:00,2026-07-03 10:15:00,84.878
2026-07-03 10:30:00,2026-07-03 10:30:00,84.873
2026-07-03 10:45:00,2026-07-03 10:45:00,84.866
2026-07-03 11:00:00,2026-07-03 11:00:00,84.863
2026-07-03 11:15:00,2026-07-03 11:15:00,84.872
2026-07-03 11:30:00,2026-07-03 11:30:00,84.873
2026-07-03 11:45:00,2026-07-03 11:45:00,84.881
2026-07-03 12:00:00,2026-07-03 12:00:00,84.884
2026-07-03 12:15:00,2026-07-03 12:15:00,84.876
2026-07-03 12:30:00,2026-07-03 12:30:00,84.878
2026-07-03 12:45:00,2026-07-03 12:45:00,84.862
2026-07-03 13:00:00,2026-07-03 13:00:00,84.87
2026-07-03 13:15:00,2026-07-03 13:15:00,84.871
2026-07-03 13:30:00,2026-07-03 13:30:00,84.874
2026-07-03 13:45:00,2026-07-03 13:45:00,84.869
2026-07-03 14:00:00,2026-07-03 14:00:00,84.874
2026-07-03 14:15:00,2026-07-03 14:15:00,84.869
2026-07-03 14:30:00,2026-07-03 14:30:00,84.878
2026-07-03 14:45:00,2026-07-03 14:45:00,84.882
2026-07-03 15:00:00,2026-07-03 15:00:00,84.878
2026-07-03 15:15:00,2026-07-03 15:15:00,84.873
2026-07-03 15:30:00,2026-07-03 15:30:00,84.873
2026-07-03 15:45:00,2026-07-03 15:45:00,84.87
2026-07-03 16:00:00,2026-07-03 16:00:00,84.865
2026-07-03 16:15:00,2026-07-03 16:15:00,84.878
2026-07-03 16:30:00,2026-07-03 16:30:00,84.874
2026-07-03 16:45:00,2026-07-03 16:45:00,84.875
2026-07-03 17:00:00,2026-07-03 17:00:00,84.873
2026-07-03 17:15:00,2026-07-03 17:15:00,84.867
2026-07-03 17:30:00,2026-07-03 17:30:00,84.872
2026-07-03 17:45:00,2026-07-03 17:45:00,84.861
2026-07-03 18:00:00,2026-07-03 18:00:00,84.862
2026-07-03 18:15:00,2026-07-03 18:15:00,84.869
2026-07-03 18:30:00,2026-07-03 18:30:00,84.875
2026-07-03 18:45:00,2026-07-03 18:45:00,84.87
2026-07-03 19:00:00,2026-07-03 19:00:00,84.867
2026-07-03 19:15:00,2026-07-03 19:15:00,84.863
2026-07-03 19:30:00,2026-07-03 19:30:00,84.869
2026-07-03 19:45:00,2026-07-03 19:45:00,84.867
2026-07-03 20:00:00,2026-07-03 20:00:00,84.86
2026-07-03 20:15:00,2026-07-03 20:15:00,84.863
2026-07-03 20:30:00,2026-07-03 20:30:00,84.861
2026-07-03 20:45:00,2026-07-03 20:45:00,84.87
2026-07-03 21:00:00,2026-07-03 21:00:00,84.872
2026-07-03 21:15:00,2026-07-03 21:15:00,84.865
2026-07-03 21:30:00,2026-07-03 21:30:00,84.867
2026-07-03 21:45:00,2026-07-03 21:45:00,84.863
2026-07-03 22:00:00,2026-07-03 22:00:00,84.865
2026-07-03 22:15:00,2026-07-03 22:15:00,84.867
2026-07-03 22:30:00,2026-07-03 22:30:00,84.868
2026-07-03 22:45:00,2026-07-03 22:45:00,84.869
2026-07-03 23:00:00,2026-07-03 23:00:00,84.871
2026-07-03 23:15:00,2026-07-03 23:15:00,84.88
2026-07-03 23:30:00,2026-07-03 23:30:00,84.878
2026-07-03 23:45:00,2026-07-03 23:45:00,84.884
2026-07-04 00:00:00,2026-07-04 00:00:00,84.883
2026-07-04 00:15:00,2026-07-04 00:15:00,84.879
2026-07-04 00:30:00,2026-07-04 00:30:00,84.882
2026-07-04 00:45:00,2026-07-04 00:45:00,84.891
2026-07-04 01:00:00,2026-07-04 01:00:00,84.886
2026-07-04 01:15:00,2026-07-04 01:15:00,84.898
2026-07-04 01:30:00,2026-07-04 01:30:00,84.901
2026-07-04 01:45:00,2026-07-04 01:45:00,84.898
2026-07-04 02:00:00,2026-07-04 02:00:00,84.901
2026-07-04 02:15:00,2026-07-04 02:15:00,84.895
2026-07-04 02:30:00,2026-07-04 02:30:00,84.897
2026-07-04 02:45:00,2026-07-04 02:45:00,84.902
2026-07-04 03:00:00,2026-07-04 03:00:00,84.906
2026-07-04 03:15:00,2026-07-04 03:15:00,84.903
2026-07-04 03:30:00,2026-07-04 03:30:00,84.909
2026-07-04 03:45:00,2026-07-04 03:45:00,84.905
2026-07-04 04:00:00,2026-07-04 04:00:00,84.904
2026-07-04 04:15:00,2026-07-04 04:15:00,84.895
2026-07-04 04:30:00,2026-07-04 04:30:00,84.896
2026-07-04 04:45:00,2026-07-04 04:45:00,84.893
2026-07-04 05:00:00,2026-07-04 05:00:00,84.893
2026-07-04 05:15:00,2026-07-04 05:15:00,84.903
2026-07-04 05:30:00,2026-07-04 05:30:00,84.896
2026-07-04 05:45:00,2026-07-04 05:45:00,84.906
2026-07-04 06:00:00,2026-07-04 06:00:00,84.914
2026-07-04 06:15:00,2026-07-04 06:15:00,84.927
2026-07-04 06:30:00,2026-07-04 06:30:00,84.92
2026-07-04 06:45:00,2026-07-04 06:45:00,84.916
2026-07-04 07:00:00,2026-07-04 07:00:00,84.918
2026-07-04 07:15:00,2026-07-04 07:15:00,84.907
2026-07-04 07:30:00,2026-07-04 07:30:00,84.905
2026-07-04 07:45:00,2026-07-04 07:45:00,84.917
2026-07-04 08:00:00,2026-07-04 08:00:00,84.923
2026-07-04 08:15:00,2026-07-04 08:15:00,84.923
2026-07-04 08:30:00,2026-07-04 08:30:00,84.926
2026-07-04 08:45:00,2026-07-04 08:45:00,84.916
2026-07-04 09:00:00,2026-07-04 09:00:00,84.918
2026-07-04 09:15:00,2026-07-04 09:15:00,84.907
2026-07-04 09:30:00,2026-07-04 09:30:00,84.905
2026-07-04 09:45:00,2026-07-04 09:45:00,84.917
2026-07-04 10:00:00,2026-07-04 10:00:00,84.916
2026-07-04 10:15:00,2026-07-04 10:15:00,84.904
2026-07-04 10:30:00,2026-07-04 10:30:00,84.915
2026-07-04 10:45:00,2026-07-04 10:45:00,84.913
2026-07-04 11:00:00,2026-07-04 11:00:00,84.914
2026-07-04 11:15:00,2026-07-04 11:15:00,84.913
2026-07-04 11:30:00,2026-07-04 11:30:00,84.896
2026-07-04 11:45:00,2026-07-04 11:45:00,84.904
2026-07-04 12:00:00,2026-07-04 12:00:00,84.906
2026-07-04 12:15:00,2026-07-04 12:15:00,84.906
2026-07-04 12:30:00,2026-07-04 12:30:00,84.899
2026-07-04 12:45:00,2026-07-04 12:45:00,84.917
2026-07-04 13:00:00,2026-07-04 13:00:00,84.916
2026-07-04 13:15:00,2026-07-04 13:15:00,84.909
2026-07-04 13:30:00,2026-07-04 13:30:00,84.912
2026-07-04 13:45:00,2026-07-04 13:45:00,84.907
2026-07-04 14:00:00,2026-07-04 14:00:00,84.913
2026-07-04 14:15:00,2026-07-04 14:15:00,84.923
2026-07-04 14:30:00,2026-07-04 14:30:00,84.933
2026-07-04 14:45:00,2026-07-04 14:45:00,84.911
2026-07-04 15:00:00,2026-07-04 15:00:00,84.916
2026-07-04 15:15:00,2026-07-04 15:15:00,84.918
2026-07-04 15:30:00,2026-07-04 15:30:00,84.922
2026-07-04 15:45:00,2026-07-04 15:45:00,84.911
2026-07-04 16:00:00,2026-07-04 16:00:00,84.916
2026-07-04 16:15:00,2026-07-04 16:15:00,84.911
2026-07-04 16:30:00,2026-07-04 16:30:00,84.904
2026-07-04 16:45:00,2026-07-04 16:45:00,84.903
2026-07-04 17:00:00,2026-07-04 17:00:00,84.905
2026-07-04 17:15:00,2026-07-04 17:15:00,84.91
2026-07-04 17:30:00,2026-07-04 17:30:00,84.905
2026-07-04 17:45:00,2026-07-04 17:45:00,84.897
2026-07-04 18:00:00,2026-07-04 18:00:00,84.889
2026-07-04 18:15:00,2026-07-04 18:15:00,84.901
2026-07-04 18:30:00,2026-07-04 18:30:00,84.903
2026-07-04 18:45:00,2026-07-04 18:45:00,84.899
2026-07-04 19:00:00,2026-07-04 19:00:00,84.898
2026-07-04 19:15:00,2026-07-04 19:15:00,84.898
2026-07-04 19:30:00,2026-07-04 19:30:00,84.896
2026-07-04 19:45:00,2026-07-04 19:45:00,84.906
2026-07-04 20:00:00,2026-07-04 20:00:00,84.903
2026-07-04 20:15:00,2026-07-04 20:15:00,84.897
2026-07-04 20:30:00,2026-07-04 20:30:00,84.898
2026-07-04 20:45:00,2026-07-04 20:45:00,84.903
2026-07-04 21:00:00,2026-07-04 21:00:00,84.901
2026-07-04 21:15:00,2026-07-04 21:15:00,84.913
2026-07-04 21:30:00,2026-07-04 21:30:00,84.916
2026-07-04 21:45:00,2026-07-04 21:45:00,84.905
2026-07-04 22:00:00,2026-07-04 22:00:00,84.906
2026-07-04 22:15:00,2026-07-04 22:15:00,84.904
2026-07-04 22:30:00,2026-07-04 22:30:00,84.912
2026-07-04 22:45:00,2026-07-04 22:45:00,84.901
2026-07-04 23:00:00,2026-07-04 23:00:00,84.906
2026-07-04 23:15:00,2026-07-04 23:15:00,84.899
2026-07-04 23:30:00,2026-07-04 23:30:00,84.899
2026-07-04 23:45:00,2026-07-04 23:45:00,84.905
2026-07-05 00:00:00,2026-07-05 00:00:00,84.903
2026-07-05 00:15:00,2026-07-05 00:15:00,84.901
2026-07-05 00:30:00,2026-07-05 00:30:00,84.903
2026-07-05 00:45:00,2026-07-05 00:45:00,84.895
2026-07-05 01:00:00,2026-07-05 01:00:00,84.9
2026-07-05 01:15:00,2026-07-05 01:15:00,84.904
2026-07-05 01:30:00,2026-07-05 01:30:00,84.901
2026-07-05 01:45:00,2026-07-05 01:45:00,84.9
2026-07-05 02:00:00,2026-07-05 02:00:00,84.901
2026-07-05 02:15:00,2026-07-05 02:15:00,84.9
2026-07-05 02:30:00,2026-07-05 02:30:00,84.9
2026-07-05 02:45:00,2026-07-05 02:45:00,84.902
2026-07-05 03:00:00,2026-07-05 03:00:00,84.901
2026-07-05 03:15:00,2026-07-05 03:15:00,84.905
2026-07-05 03:30:00,2026-07-05 03:30:00,84.905
2026-07-05 03:45:00,2026-07-05 03:45:00,84.899
2026-07-05 04:00:00,2026-07-05 04:00:00,84.897
2026-07-05 04:15:00,2026-07-05 04:15:00,84.894
2026-07-05 04:30:00,2026-07-05 04:30:00,84.888
2026-07-05 04:45:00,2026-07-05 04:45:00,84.897
2026-07-05 05:00:00,2026-07-05 05:00:00,84.906
2026-07-05 05:15:00,2026-07-05 05:15:00,84.898
2026-07-05 05:30:00,2026-07-05 05:30:00,84.894
2026-07-05 05:45:00,2026-07-05 05:45:00,84.888
2026-07-05 06:00:00,2026-07-05 06:00:00,84.885
2026-07-05 06:15:00,2026-07-05 06:15:00,84.885
2026-07-05 06:30:00,2026-07-05 06:30:00,84.898
2026-07-05 06:45:00,2026-07-05 06:45:00,84.893
2026-07-05 07:00:00,2026-07-05 07:00:00,84.896
2026-07-05 07:15:00,2026-07-05 07:15:00,84.9
2026-07-05 07:30:00,2026-07-05 07:30:00,84.898
2026-07-05 07:45:00,2026-07-05 07:45:00,84.886
2026-07-05 08:00:00,2026-07-05 08:00:00,84.888
2026-07-05 08:15:00,2026-07-05 08:15:00,84.887
2026-07-05 08:30:00,2026-07-05 08:30:00,84.879
2026-07-05 08:45:00,2026-07-05 08:45:00,84.886
2026-07-05 09:00:00,2026-07-05 09:00:00,84.888
2026-07-05 09:15:00,2026-07-05 09:15:00,84.889
2026-07-05 09:30:00,2026-07-05 09:30:00,84.888
2026-07-05 09:45:00,2026-07-05 09:45:00,84.887
2026-07-05 10:00:00,2026-07-05 10:00:00,84.885
2026-07-05 10:15:00,2026-07-05 10:15:00,84.89
2026-07-05 10:30:00,2026-07-05 10:30:00,84.894
2026-07-05 10:45:00,2026-07-05 10:45:00,84.892
2026-07-05 11:00:00,2026-07-05 11:00:00,84.883
2026-07-05 11:15:00,2026-07-05 11:15:00,84.893
2026-07-05 11:30:00,2026-07-05 11:30:00,84.891
2026-07-05 11:45:00,2026-07-05 11:45:00,84.899
2026-07-05 12:00:00,2026-07-05 12:00:00,84.902
2026-07-05 12:15:00,2026-07-05 12:15:00,84.881
2026-07-05 12:30:00,2026-07-05 12:30:00,84.878
2026-07-05 12:45:00,2026-07-05 12:45:00,84.881
2026-07-05 13:00:00,2026-07-05 13:00:00,84.886
2026-07-05 13:15:00,2026-07-05 13:15:00,84.869
2026-07-05 13:30:00,2026-07-05 13:30:00,84.882
2026-07-05 13:45:00,2026-07-05 13:45:00,84.888
2026-07-05 14:00:00,2026-07-05 14:00:00,84.88
2026-07-05 14:15:00,2026-07-05 14:15:00,84.878
2026-07-05 14:30:00,2026-07-05 14:30:00,84.88
2026-07-05 14:45:00,2026-07-05 14:45:00,84.878
2026-07-05 15:00:00,2026-07-05 15:00:00,84.873
2026-07-05 15:15:00,2026-07-05 15:15:00,84.872
2026-07-05 15:30:00,2026-07-05 15:30:00,84.869
2026-07-05 15:45:00,2026-07-05 15:45:00,84.88
2026-07-05 16:00:00,2026-07-05 16:00:00,84.876
2026-07-05 16:15:00,2026-07-05 16:15:00,84.863
2026-07-05 16:30:00,2026-07-05 16:30:00,84.87
2026-07-05 16:45:00,2026-07-05 16:45:00,84.865
2026-07-05 17:00:00,2026-07-05 17:00:00,84.863
2026-07-05 17:15:00,2026-07-05 17:15:00,84.874
2026-07-05 17:30:00,2026-07-05 17:30:00,84.874
2026-07-05 17:45:00,2026-07-05 17:45:00,84.87
2026-07-05 18:00:00,2026-07-05 18:00:00,84.865
2026-07-05 18:15:00,2026-07-05 18:15:00,84.868
2026-07-05 18:30:00,2026-07-05 18:30:00,84.875
2026-07-05 18:45:00,2026-07-05 18:45:00,84.871
2026-07-05 19:00:00,2026-07-05 19:00:00,84.872
2026-07-05 19:15:00,2026-07-05 19:15:00,84.875
2026-07-05 19:30:00,2026-07-05 19:30:00,84.874
2026-07-05 19:45:00,2026-07-05 19:45:00,84.877
2026-07-05 20:00:00,2026-07-05 20:00:00,84.876
2026-07-05 20:15:00,2026-07-05 20:15:00,84.876
2026-07-05 20:30:00,2026-07-05 20:30:00,84.878
2026-07-05 20:45:00,2026-07-05 20:45:00,84.872
2026-07-05 21:00:00,2026-07-05 21:00:00,84.874
2026-07-05 21:15:00,2026-07-05 21:15:00,84.876
2026-07-05 21:30:00,2026-07-05 21:30:00,84.874
2026-07-05 21:45:00,2026-07-05 21:45:00,84.879
2026-07-05 22:00:00,2026-07-05 22:00:00,84.875
2026-07-05 22:15:00,2026-07-05 22:15:00,84.875
2026-07-05 22:30:00,2026-07-05 22:30:00,84.872
2026-07-05 22:45:00,2026-07-05 22:45:00,84.872
2026-07-05 23:00:00,2026-07-05 23:00:00,84.879
2026-07-05 23:15:00,2026-07-05 23:15:00,84.872
2026-07-05 23:30:00,2026-07-05 23:30:00,84.875
2026-07-05 23:45:00,2026-07-05 23:45:00,84.874
2026-07-06 00:00:00,2026-07-06 00:00:00,84.87
2026-07-06 00:15:00,2026-07-06 00:15:00,84.881
2026-07-06 00:30:00,2026-07-06 00:30:00,84.877
2026-07-06 00:45:00,2026-07-06 00:45:00,84.871
2026-07-06 01:00:00,2026-07-06 01:00:00,84.869
2026-07-06 01:15:00,2026-07-06 01:15:00,84.872
2026-07-06 01:30:00,2026-07-06 01:30:00,84.868
2026-07-06 01:45:00,2026-07-06 01:45:00,84.874
2026-07-06 02:00:00,2026-07-06 02:00:00,84.878
2026-07-06 02:15:00,2026-07-06 02:15:00,84.871
2026-07-06 02:30:00,2026-07-06 02:30:00,84.869
2026-07-06 02:45:00,2026-07-06 02:45:00,84.867
2026-07-06 03:00:00,2026-07-06 03:00:00,84.869
2026-07-06 03:15:00,2026-07-06 03:15:00,84.869
2026-07-06 03:30:00,2026-07-06 03:30:00,84.869
2026-07-06 03:45:00,2026-07-06 03:45:00,84.869
2026-07-06 04:00:00,2026-07-06 04:00:00,84.874
2026-07-06 04:15:00,2026-07-06 04:15:00,84.875
2026-07-06 04:30:00,2026-07-06 04:30:00,84.881
2026-07-06 04:45:00,2026-07-06 04:45:00,84.894
2026-07-06 05:00:00,2026-07-06 05:00:00,84.894
2026-07-06 05:15:00,2026-07-06 05:15:00,84.898
2026-07-06 05:30:00,2026-07-06 05:30:00,84.902
2026-07-06 05:45:00,2026-07-06 05:45:00,84.894
2026-07-06 06:00:00,2026-07-06 06:00:00,84.891
2026-07-06 06:15:00,2026-07-06 06:15:00,84.891
2026-07-06 06:30:00,2026-07-06 06:30:00,84.888
2026-07-06 06:45:00,2026-07-06 06:45:00,84.891
2026-07-06 07:00:00,2026-07-06 07:00:00,84.884
2026-07-06 07:15:00,2026-07-06 07:15:00,84.89
2026-07-06 07:30:00,2026-07-06 07:30:00,84.886
2026-07-06 07:45:00,2026-07-06 07:45:00,84.892
2026-07-06 08:00:00,2026-07-06 08:00:00,84.895
2026-07-06 08:15:00,2026-07-06 08:15:00,84.9
2026-07-06 08:30:00,2026-07-06 08:30:00,84.889
2026-07-06 08:45:00,2026-07-06 08:45:00,84.88
2026-07-06 09:00:00,2026-07-06 09:00:00,84.894
2026-07-06 09:15:00,2026-07-06 09:15:00,84.889
2026-07-06 09:30:00,2026-07-06 09:30:00,84.892
2026-07-06 09:45:00,2026-07-06 09:45:00,84.895
2026-07-06 10:00:00,2026-07-06 10:00:00,84.892
2026-07-06 10:15:00,2026-07-06 10:15:00,84.884
2026-07-06 10:30:00,2026-07-06 10:30:00,84.876
2026-07-06 10:45:00,2026-07-06 10:45:00,84.871
2026-07-06 11:00:00,2026-07-06 11:00:00,84.865
2026-07-06 11:15:00,2026-07-06 11:15:00,84.867
2026-07-06 11:30:00,2026-07-06 11:30:00,84.877
2026-07-06 11:45:00,2026-07-06 11:45:00,84.872
2026-07-06 12:00:00,2026-07-06 12:00:00,84.879
2026-07-06 12:15:00,2026-07-06 12:15:00,84.873
2026-07-06 12:30:00,2026-07-06 12:30:00,84.867
2026-07-06 12:45:00,2026-07-06 12:45:00,84.871
2026-07-06 13:00:00,2026-07-06 13:00:00,84.872
2026-07-06 13:15:00,2026-07-06 13:15:00,84.881
2026-07-06 13:30:00,2026-07-06 13:30:00,84.883
2026-07-06 13:45:00,2026-07-06 13:45:00,84.874
2026-07-06 14:00:00,2026-07-06 14:00:00,84.874
2026-07-06 14:15:00,2026-07-06 14:15:00,84.869
2026-07-06 14:30:00,2026-07-06 14:30:00,84.88
2026-07-06 14:45:00,2026-07-06 14:45:00,84.87
2026-07-06 15:00:00,2026-07-06 15:00:00,84.87
2026-07-06 15:15:00,2026-07-06 15:15:00,84.872
2026-07-06 15:30:00,2026-07-06 15:30:00,84.867
2026-07-06 15:45:00,2026-07-06 15:45:00,84.871
2026-07-06 16:00:00,2026-07-06 16:00:00,84.866
2026-07-06 16:15:00,2026-07-06 16:15:00,84.874
2026-07-06 16:30:00,2026-07-06 16:30:00,84.872
2026-07-06 16:45:00,2026-07-06 16:45:00,84.874
2026-07-06 17:00:00,2026-07-06 17:00:00,84.869
2026-07-06 17:15:00,2026-07-06 17:15:00,84.864
2026-07-06 17:30:00,2026-07-06 17:30:00,84.863
2026-07-06 17:45:00,2026-07-06 17:45:00,84.869
2026-07-06 18:00:00,2026-07-06 18:00:00,84.867
2026-07-06 18:15:00,2026-07-06 18:15:00,84.864
2026-07-06 18:30:00,2026-07-06 18:30:00,84.866
2026-07-06 18:45:00,2026-07-06 18:45:00,84.866
2026-07-06 19:00:00,2026-07-06 19:00:00,84.863
2026-07-06 19:15:00,2026-07-06 19:15:00,84.87
2026-07-06 19:30:00,2026-07-06 19:30:00,84.866
2026-07-06 19:45:00,2026-07-06 19:45:00,84.865
2026-07-06 20:00:00,2026-07-06 20:00:00,84.866
2026-07-06 20:15:00,2026-07-06 20:15:00,84.859
2026-07-06 20:30:00,2026-07-06 20:30:00,84.863
2026-07-06 20:45:00,2026-07-06 20:45:00,84.868
2026-07-06 21:00:00,2026-07-06 21:00:00,84.871
2026-07-06 21:15:00,2026-07-06 21:15:00,84.864
2026-07-06 21:30:00,2026-07-06 21:30:00,84.863
2026-07-06 21:45:00,2026-07-06 21:45:00,84.869
2026-07-06 22:00:00,2026-07-06 22:00:00,84.869
2026-07-06 22:15:00,2026-07-06 22:15:00,84.869
2026-07-06 22:30:00,2026-07-06 22:30:00,84.869
2026-07-06 22:45:00,2026-07-06 22:45:00,84.866
2026-07-06 23:00:00,2026-07-06 23:00:00,84.861
2026-07-06 23:15:00,2026-07-06 23:15:00,84.87
2026-07-06 23:30:00,2026-07-06 23:30:00,84.871
2026-07-06 23:45:00,2026-07-06 23:45:00,84.872
2026-07-07 00:00:00,2026-07-07 00:00:00,84.869
2026-07-07 00:15:00,2026-07-07 00:15:00,84.867
2026-07-07 00:30:00,2026-07-07 00:30:00,84.866
2026-07-07 00:45:00,2026-07-07 00:45:00,84.864
2026-07-07 01:00:00,2026-07-07 01:00:00,84.876
2026-07-07 01:15:00,2026-07-07 01:15:00,84.865
2026-07-07 01:30:00,2026-07-07 01:30:00,84.864
2026-07-07 01:45:00,2026-07-07 01:45:00,84.864
2026-07-07 02:00:00,2026-07-07 02:00:00,84.864
2026-07-07 02:15:00,2026-07-07 02:15:00,84.861
2026-07-07 02:30:00,2026-07-07 02:30:00,84.863
2026-07-07 02:45:00,2026-07-07 02:45:00,84.864
2026-07-07 03:00:00,2026-07-07 03:00:00,84.864
2026-07-07 03:15:00,2026-07-07 03:15:00,84.872
2026-07-07 03:30:00,2026-07-07 03:30:00,84.871
2026-07-07 03:45:00,2026-07-07 03:45:00,84.863
2026-07-07 04:00:00,2026-07-07 04:00:00,84.867
2026-07-07 04:15:00,2026-07-07 04:15:00,84.859
2026-07-07 04:30:00,2026-07-07 04:30:00,84.855
2026-07-07 04:45:00,2026-07-07 04:45:00,84.861
2026-07-07 05:00:00,2026-07-07 05:00:00,84.857
2026-07-07 05:15:00,2026-07-07 05:15:00,84.869
2026-07-07 05:30:00,2026-07-07 05:30:00,84.868
2026-07-07 05:45:00,2026-07-07 05:45:00,84.873
2026-07-07 06:00:00,2026-07-07 06:00:00,84.865
2026-07-07 06:15:00,2026-07-07 06:15:00,84.851
2026-07-07 06:30:00,2026-07-07 06:30:00,84.857
2026-07-07 06:45:00,2026-07-07 06:45:00,84.863
2026-07-07 07:00:00,2026-07-07 07:00:00,84.869
2026-07-07 07:15:00,2026-07-07 07:15:00,84.857
2026-07-07 07:30:00,2026-07-07 07:30:00,84.856
2026-07-07 07:45:00,2026-07-07 07:45:00,84.851
2026-07-07 08:00:00,2026-07-07 08:00:00,84.854
2026-07-07 08:15:00,2026-07-07 08:15:00,84.84
2026-07-07 08:30:00,2026-07-07 08:30:00,84.848
2026-07-07 08:45:00,2026-07-07 08:45:00,84.848
2026-07-07 09:00:00,2026-07-07 09:00:00,84.845
2026-07-07 09:15:00,2026-07-07 09:15:00,84.846
2026-07-07 09:30:00,2026-07-07 09:30:00,84.845
2026-07-07 09:45:00,2026-07-07 09:45:00,84.829
2026-07-07 10:00:00,2026-07-07 10:00:00,84.834
2026-07-07 10:15:00,2026-07-07 10:15:00,84.841
2026-07-07 10:30:00,2026-07-07 10:30:00,84.847
2026-07-07 10:45:00,2026-07-07 10:45:00,84.837
2026-07-07 11:00:00,2026-07-07 11:00:00,84.847
2026-07-07 11:15:00,2026-07-07 11:15:00,84.842
2026-07-07 11:30:00,2026-07-07 11:30:00,84.847
2026-07-07 11:45:00,2026-07-07 11:45:00,84.827
2026-07-07 12:00:00,2026-07-07 12:00:00,84.822
2026-07-07 12:15:00,2026-07-07 12:15:00,84.825
2026-07-07 12:30:00,2026-07-07 12:30:00,84.827
2026-07-07 12:45:00,2026-07-07 12:45:00,84.828
2026-07-07 13:00:00,2026-07-07 13:00:00,84.833
2026-07-07 13:15:00,2026-07-07 13:15:00,84.832
2026-07-07 13:30:00,2026-07-07 13:30:00,84.83
2026-07-07 13:45:00,2026-07-07 13:45:00,84.827
2026-07-07 14:00:00,2026-07-07 14:00:00,84.822
2026-07-07 14:15:00,2026-07-07 14:15:00,84.82
2026-07-07 14:30:00,2026-07-07 14:30:00,84.818
2026-07-07 14:45:00,2026-07-07 14:45:00,84.83
2026-07-07 15:00:00,2026-07-07 15:00:00,84.832
2026-07-07 15:15:00,2026-07-07 15:15:00,84.83
2026-07-07 15:30:00,2026-07-07 15:30:00,84.826
2026-07-07 15:45:00,2026-07-07 15:45:00,84.832
2026-07-07 16:00:00,2026-07-07 16:00:00,84.834
2026-07-07 16:15:00,2026-07-07 16:15:00,84.83
2026-07-07 16:30:00,2026-07-07 16:30:00,84.82
2026-07-07 16:45:00,2026-07-07 16:45:00,84.822
2026-07-07 17:00:00,2026-07-07 17:00:00,84.816
2026-07-07 17:15:00,2026-07-07 17:15:00,84.82
2026-07-07 17:30:00,2026-07-07 17:30:00,84.825
2026-07-07 17:45:00,2026-07-07 17:45:00,84.823
2026-07-07 18:00:00,2026-07-07 18:00:00,84.812
2026-07-07 18:15:00,2026-07-07 18:15:00,84.822
2026-07-07 18:30:00,2026-07-07 18:30:00,84.822
2026-07-07 18:45:00,2026-07-07 18:45:00,84.822
2026-07-07 19:00:00,2026-07-07 19:00:00,84.821
2026-07-07 19:15:00,2026-07-07 19:15:00,84.823
2026-07-07 19:30:00,2026-07-07 19:30:00,84.823
2026-07-07 19:45:00,2026-07-07 19:45:00,84.831
2026-07-07 20:00:00,2026-07-07 20:00:00,84.832
2026-07-07 20:15:00,2026-07-07 20:15:00,84.829
2026-07-07 20:30:00,2026-07-07 20:30:00,84.828
2026-07-07 20:45:00,2026-07-07 20:45:00,84.826
2026-07-07 21:00:00,2026-07-07 21:00:00,84.829
2026-07-07 21:15:00,2026-07-07 21:15:00,84.833
2026-07-07 21:30:00,2026-07-07 21:30:00,84.831
2026-07-07 21:45:00,2026-07-07 21:45:00,84.832
2026-07-07 22:00:00,2026-07-07 22:00:00,84.836
2026-07-07 22:15:00,2026-07-07 22:15:00,84.823
2026-07-07 22:30:00,2026-07-07 22:30:00,84.825
2026-07-07 22:45:00,2026-07-07 22:45:00,84.831
2026-07-07 23:00:00,2026-07-07 23:00:00,84.823
2026-07-07 23:15:00,2026-07-07 23:15:00,84.829
2026-07-07 23:30:00,2026-07-07 23:30:00,84.828
2026-07-07 23:45:00,2026-07-07 23:45:00,84.827
2026-07-08 00:00:00,2026-07-08 00:00:00,84.829
2026-07-08 00:15:00,2026-07-08 00:15:00,84.829
2026-07-08 00:30:00,2026-07-08 00:30:00,84.829
2026-07-08 00:45:00,2026-07-08 00:45:00,84.838
2026-07-08 01:00:00,2026-07-08 01:00:00,84.835
2026-07-08 01:15:00,2026-07-08 01:15:00,84.822
2026-07-08 01:30:00,2026-07-08 01:30:00,84.826
2026-07-08 01:45:00,2026-07-08 01:45:00,84.834
2026-07-08 02:00:00,2026-07-08 02:00:00,84.833
2026-07-08 02:15:00,2026-07-08 02:15:00,84.829
2026-07-08 02:30:00,2026-07-08 02:30:00,84.831
2026-07-08 02:45:00,2026-07-08 02:45:00,84.828
2026-07-08 03:00:00,2026-07-08 03:00:00,84.825
2026-07-08 03:15:00,2026-07-08 03:15:00,84.829
2026-07-08 03:30:00,2026-07-08 03:30:00,84.828
2026-07-08 03:45:00,2026-07-08 03:45:00,84.831
2026-07-08 04:00:00,2026-07-08 04:00:00,84.829
2026-07-08 04:15:00,2026-07-08 04:15:00,84.822
2026-07-08 04:30:00,2026-07-08 04:30:00,84.814
2026-07-08 04:45:00,2026-07-08 04:45:00,84.82
2026-07-08 05:00:00,2026-07-08 05:00:00,84.818
2026-07-08 05:15:00,2026-07-08 05:15:00,84.836
2026-07-08 05:30:00,2026-07-08 05:30:00,84.83
2026-07-08 05:45:00,2026-07-08 05:45:00,84.819
2026-07-08 06:00:00,2026-07-08 06:00:00,84.818
2026-07-08 06:15:00,2026-07-08 06:15:00,84.816
2026-07-08 06:30:00,2026-07-08 06:30:00,84.815
2026-07-08 06:45:00,2026-07-08 06:45:00,84.823
2026-07-08 07:00:00,2026-07-08 07:00:00,84.829
2026-07-08 07:15:00,2026-07-08 07:15:00,84.821
2026-07-08 07:30:00,2026-07-08 07:30:00,84.821
2026-07-08 07:45:00,2026-07-08 07:45:00,84.814
2026-07-08 08:00:00,2026-07-08 08:00:00,84.818
2026-07-08 08:15:00,2026-07-08 08:15:00,84.826
2026-07-08 08:30:00,2026-07-08 08:30:00,84.824
2026-07-08 08:45:00,2026-07-08 08:45:00,84.814
2026-07-08 09:00:00,2026-07-08 09:00:00,84.808
2026-07-08 09:15:00,2026-07-08 09:15:00,84.816
2026-07-08 09:30:00,2026-07-08 09:30:00,84.81
2026-07-08 09:45:00,2026-07-08 09:45:00,84.814
2026-07-08 10:00:00,2026-07-08 10:00:00,84.817
2026-07-08 10:15:00,2026-07-08 10:15:00,84.807
2026-07-08 10:30:00,2026-07-08 10:30:00,84.802
2026-07-08 10:45:00,2026-07-08 10:45:00,84.798
2026-07-08 11:00:00,2026-07-08 11:00:00,84.797
2026-07-08 11:15:00,2026-07-08 11:15:00,84.8
2026-07-08 11:30:00,2026-07-08 11:30:00,84.808
2026-07-08 11:45:00,2026-07-08 11:45:00,84.806
2026-07-08 12:00:00,2026-07-08 12:00:00,84.802
2026-07-08 12:15:00,2026-07-08 12:15:00,84.806
2026-07-08 12:30:00,2026-07-08 12:30:00,84.805
2026-07-08 12:45:00,2026-07-08 12:45:00,84.798
2026-07-08 13:00:00,2026-07-08 13:00:00,84.797
2026-07-08 13:15:00,2026-07-08 13:15:00,84.79
2026-07-08 13:30:00,2026-07-08 13:30:00,84.785
2026-07-08 13:45:00,2026-07-08 13:45:00,84.801
2026-07-08 14:00:00,2026-07-08 14:00:00,84.808
2026-07-08 14:15:00,2026-07-08 14:15:00,84.804
2026-07-08 14:30:00,2026-07-08 14:30:00,84.803
2026-07-08 14:45:00,2026-07-08 14:45:00,84.799
2026-07-08 15:00:00,2026-07-08 15:00:00,84.795
2026-07-08 15:15:00,2026-07-08 15:15:00,84.807
2026-07-08 15:30:00,2026-07-08 15:30:00,84.796
2026-07-08 15:45:00,2026-07-08 15:45:00,84.797
2026-07-08 16:00:00,2026-07-08 16:00:00,84.792
2026-07-08 16:15:00,2026-07-08 16:15:00,84.791
2026-07-08 16:30:00,2026-07-08 16:30:00,84.783
2026-07-08 16:45:00,2026-07-08 16:45:00,84.795
2026-07-08 17:00:00,2026-07-08 17:00:00,84.8
2026-07-08 17:15:00,2026-07-08 17:15:00,84.787
2026-07-08 17:30:00,2026-07-08 17:30:00,84.79
2026-07-08 17:45:00,2026-07-08 17:45:00,84.79
2026-07-08 18:00:00,2026-07-08 18:00:00,84.786
2026-07-08 18:15:00,2026-07-08 18:15:00,84.79
2026-07-08 18:30:00,2026-07-08 18:30:00,84.787
2026-07-08 18:45:00,2026-07-08 18:45:00,84.79
2026-07-08 19:00:00,2026-07-08 19:00:00,84.79
2026-07-08 19:15:00,2026-07-08 19:15:00,84.788
2026-07-08 19:30:00,2026-07-08 19:30:00,84.785
2026-07-08 19:45:00,2026-07-08 19:45:00,84.789
2026-07-08 20:00:00,2026-07-08 20:00:00,84.791
2026-07-08 20:15:00,2026-07-08 20:15:00,84.794
2026-07-08 20:30:00,2026-07-08 20:30:00,84.797
2026-07-08 20:45:00,2026-07-08 20:45:00,84.789
2026-07-08 21:00:00,2026-07-08 21:00:00,84.789
2026-07-08 21:15:00,2026-07-08 21:15:00,84.79
2026-07-08 21:30:00,2026-07-08 21:30:00,84.795
2026-07-08 21:45:00,2026-07-08 21:45:00,84.79
2026-07-08 22:00:00,2026-07-08 22:00:00,84.791
2026-07-08 22:15:00,2026-07-08 22:15:00,84.793
2026-07-08 22:30:00,2026-07-08 22:30:00,84.793
2026-07-08 22:45:00,2026-07-08 22:45:00,84.789
2026-07-08 23:00:00,2026-07-08 23:00:00,84.791
2026-07-08 23:15:00,2026-07-08 23:15:00,84.794
2026-07-08 23:30:00,2026-07-08 23:30:00,84.795
2026-07-08 23:45:00,2026-07-08 23:45:00,84.798
2026-07-09 00:00:00,2026-07-09 00:00:00,84.792
2026-07-09 00:15:00,2026-07-09 00:15:00,84.789
2026-07-09 00:30:00,2026-07-09 00:30:00,84.781
2026-07-09 00:45:00,2026-07-09 00:45:00,84.788
2026-07-09 01:00:00,2026-07-09 01:00:00,84.799
2026-07-09 01:15:00,2026-07-09 01:15:00,84.791
2026-07-09 01:30:00,2026-07-09 01:30:00,84.79
2026-07-09 01:45:00,2026-07-09 01:45:00,84.788
2026-07-09 02:00:00,2026-07-09 02:00:00,84.79
2026-07-09 02:15:00,2026-07-09 02:15:00,84.79
2026-07-09 02:30:00,2026-07-09 02:30:00,84.792
2026-07-09 02:45:00,2026-07-09 02:45:00,84.794
2026-07-09 03:00:00,2026-07-09 03:00:00,84.791
2026-07-09 03:15:00,2026-07-09 03:15:00,84.795
2026-07-09 03:30:00,2026-07-09 03:30:00,84.794
2026-07-09 03:45:00,2026-07-09 03:45:00,84.789
2026-07-09 04:00:00,2026-07-09 04:00:00,84.787
2026-07-09 04:15:00,2026-07-09 04:15:00,84.78
2026-07-09 04:30:00,2026-07-09 04:30:00,84.785
2026-07-09 04:45:00,2026-07-09 04:45:00,84.797
2026-07-09 05:00:00,2026-07-09 05:00:00,84.801
2026-07-09 05:15:00,2026-07-09 05:15:00,84.79
2026-07-09 05:30:00,2026-07-09 05:30:00,84.791
2026-07-09 05:45:00,2026-07-09 05:45:00,84.788
2026-07-09 06:00:00,2026-07-09 06:00:00,84.788
2026-07-09 06:15:00,2026-07-09 06:15:00,84.788
2026-07-09 06:30:00,2026-07-09 06:30:00,84.794
2026-07-09 06:45:00,2026-07-09 06:45:00,84.782
2026-07-09 07:00:00,2026-07-09 07:00:00,84.782
2026-07-09 07:15:00,2026-07-09 07:15:00,84.783
2026-07-09 07:30:00,2026-07-09 07:30:00,84.779
2026-07-09 07:45:00,2026-07-09 07:45:00,84.786
2026-07-09 08:00:00,2026-07-09 08:00:00,84.791
2026-07-09 08:15:00,2026-07-09 08:15:00,84.782
2026-07-09 08:30:00,2026-07-09 08:30:00,84.778
2026-07-09 08:45:00,2026-07-09 08:45:00,84.774
2026-07-09 09:00:00,2026-07-09 09:00:00,84.774
2026-07-09 09:15:00,2026-07-09 09:15:00,84.776
2026-07-09 09:30:00,2026-07-09 09:30:00,84.785
2026-07-09 09:45:00,2026-07-09 09:45:00,84.778
2026-07-09 10:00:00,2026-07-09 10:00:00,84.791
2026-07-09 10:15:00,2026-07-09 10:15:00,84.776
2026-07-09 10:30:00,2026-07-09 10:30:00,84.771
2026-07-09 10:45:00,2026-07-09 10:45:00,84.771
2026-07-09 11:00:00,2026-07-09 11:00:00,84.764
2026-07-09 11:15:00,2026-07-09 11:15:00,84.765
2026-07-09 11:30:00,2026-07-09 11:30:00,84.758
2026-07-09 11:45:00,2026-07-09 11:45:00,84.773
2026-07-09 12:00:00,2026-07-09 12:00:00,84.772
2026-07-09 12:15:00,2026-07-09 12:15:00,84.763
2026-07-09 12:30:00,2026-07-09 12:30:00,84.765
2026-07-09 12:45:00,2026-07-09 12:45:00,84.757
2026-07-09 13:00:00,2026-07-09 13:00:00,84.762
2026-07-09 13:15:00,2026-07-09 13:15:00,84.764
2026-07-09 13:30:00,2026-07-09 13:30:00,84.793
2026-07-09 13:45:00,2026-07-09 13:45:00,84.82
2026-07-09 14:00:00,2026-07-09 14:00:00,84.825
2026-07-09 14:15:00,2026-07-09 14:15:00,84.827
2026-07-09 14:30:00,2026-07-09 14:30:00,84.828
2026-07-09 14:45:00,2026-07-09 14:45:00,84.82
2026-07-09 15:00:00,2026-07-09 15:00:00,84.816
2026-07-09 15:15:00,2026-07-09 15:15:00,84.822
2026-07-09 15:30:00,2026-07-09 15:30:00,84.818
2026-07-09 15:45:00,2026-07-09 15:45:00,84.824
2026-07-09 16:00:00,2026-07-09 16:00:00,84.821
2026-07-09 16:15:00,2026-07-09 16:15:00,84.8
2026-07-09 16:30:00,2026-07-09 16:30:00,84.804
2026-07-09 16:45:00,2026-07-09 16:45:00,84.808
2026-07-09 17:00:00,2026-07-09 17:00:00,84.814
2026-07-09 17:15:00,2026-07-09 17:15:00,84.819
2026-07-09 17:30:00,2026-07-09 17:30:00,84.819
2026-07-09 17:45:00,2026-07-09 17:45:00,84.813
2026-07-09 18:00:00,2026-07-09 18:00:00,84.818
2026-07-09 18:15:00,2026-07-09 18:15:00,84.813
2026-07-09 18:30:00,2026-07-09 18:30:00,84.817
2026-07-09 18:45:00,2026-07-09 18:45:00,84.816
2026-07-09 19:00:00,2026-07-09 19:00:00,84.814
2026-07-09 19:15:00,2026-07-09 19:15:00,84.817
2026-07-09 19:30:00,2026-07-09 19:30:00,84.821
2026-07-09 19:45:00,2026-07-09 19:45:00,84.82
2026-07-09 20:00:00,2026-07-09 20:00:00,84.814
2026-07-09 20:15:00,2026-07-09 20:15:00,84.814
2026-07-09 20:30:00,2026-07-09 20:30:00,84.809
2026-07-09 20:45:00,2026-07-09 20:45:00,84.816
2026-07-09 21:00:00,2026-07-09 21:00:00,84.817
2026-07-09 21:15:00,2026-07-09 21:15:00,84.815
2026-07-09 21:30:00,2026-07-09 21:30:00,84.812
2026-07-09 21:45:00,2026-07-09 21:45:00,84.809
2026-07-09 22:00:00,2026-07-09 22:00:00,84.804
2026-07-09 22:15:00,2026-07-09 22:15:00,84.815
2026-07-09 22:30:00,2026-07-09 22:30:00,84.817
2026-07-09 22:45:00,2026-07-09 22:45:00,84.814
2026-07-09 23:00:00,2026-07-09 23:00:00,84.815
2026-07-09 23:15:00,2026-07-09 23:15:00,84.818
2026-07-09 23:30:00,2026-07-09 23:30:00,84.821
2026-07-09 23:45:00,2026-07-09 23:45:00,84.818
2026-07-10 00:00:00,2026-07-10 00:00:00,84.816
2026-07-10 00:15:00,2026-07-10 00:15:00,84.822
2026-07-10 00:30:00,2026-07-10 00:30:00,84.822
2026-07-10 00:45:00,2026-07-10 00:45:00,84.813
2026-07-10 01:00:00,2026-07-10 01:00:00,84.813
2026-07-10 01:15:00,2026-07-10 01:15:00,84.812
2026-07-10 01:30:00,2026-07-10 01:30:00,84.808
2026-07-10 01:45:00,2026-07-10 01:45:00,84.821
2026-07-10 02:00:00,2026-07-10 02:00:00,84.82
2026-07-10 02:15:00,2026-07-10 02:15:00,84.81
2026-07-10 02:30:00,2026-07-10 02:30:00,84.817
2026-07-10 02:45:00,2026-07-10 02:45:00,84.812
2026-07-10 03:00:00,2026-07-10 03:00:00,84.809
2026-07-10 03:15:00,2026-07-10 03:15:00,84.817
2026-07-10 03:30:00,2026-07-10 03:30:00,84.821
2026-07-10 03:45:00,2026-07-10 03:45:00,84.818
2026-07-10 04:00:00,2026-07-10 04:00:00,84.814
2026-07-10 04:15:00,2026-07-10 04:15:00,84.815
2026-07-10 04:30:00,2026-07-10 04:30:00,84.814
2026-07-10 04:45:00,2026-07-10 04:45:00,84.811
2026-07-10 05:00:00,2026-07-10 05:00:00,84.815
2026-07-10 05:15:00,2026-07-10 05:15:00,84.816
2026-07-10 05:30:00,2026-07-10 05:30:00,84.821
2026-07-10 05:45:00,2026-07-10 05:45:00,84.812
2026-07-10 06:00:00,2026-07-10 06:00:00,84.811
2026-07-10 06:15:00,2026-07-10 06:15:00,84.815
2026-07-10 06:30:00,2026-07-10 06:30:00,84.813
2026-07-10 06:45:00,2026-07-10 06:45:00,84.813
2026-07-10 07:00:00,2026-07-10 07:00:00,84.816
2026-07-10 07:15:00,2026-07-10 07:15:00,84.81
2026-07-10 07:30:00,2026-07-10 07:30:00,84.813
2026-07-10 07:45:00,2026-07-10 07:45:00,84.805
2026-07-10 08:00:00,2026-07-10 08:00:00,84.799
2026-07-10 08:15:00,2026-07-10 08:15:00,84.808
2026-07-10 08:30:00,2026-07-10 08:30:00,84.803
2026-07-10 08:45:00,2026-07-10 08:45:00,84.803
2026-07-10 09:00:00,2026-07-10 09:00:00,84.802
2026-07-10 09:15:00,2026-07-10 09:15:00,84.806
2026-07-10 09:30:00,2026-07-10 09:30:00,84.807
2026-07-10 09:45:00,2026-07-10 09:45:00,84.8
2026-07-10 10:00:00,2026-07-10 10:00:00,84.791
2026-07-10 10:15:00,2026-07-10 10:15:00,84.8
2026-07-10 10:30:00,2026-07-10 10:30:00,84.805
2026-07-10 10:45:00,2026-07-10 10:45:00,84.792
2026-07-10 11:00:00,2026-07-10 11:00:00,84.807
2026-07-10 11:15:00,2026-07-10 11:15:00,84.799
2026-07-10 11:30:00,2026-07-10 11:30:00,84.8
2026-07-10 11:45:00,2026-07-10 11:45:00,84.797
2026-07-10 12:00:00,2026-07-10 12:00:00,84.798
2026-07-10 12:15:00,2026-07-10 12:15:00,84.793
2026-07-10 12:30:00,2026-07-10 12:30:00,84.789
2026-07-10 12:45:00,2026-07-10 12:45:00,84.786
2026-07-10 13:00:00,2026-07-10 13:00:00,84.775
2026-07-10 13:15:00,2026-07-10 13:15:00,84.794
2026-07-10 13:30:00,2026-07-10 13:30:00,84.797
2026-07-10 13:45:00,2026-07-10 13:45:00,84.793
2026-07-10 14:00:00,2026-07-10 14:00:00,84.787
2026-07-10 14:15:00,2026-07-10 14:15:00,84.802
2026-07-10 14:30:00,2026-07-10 14:30:00,84.797
2026-07-10 14:45:00,2026-07-10 14:45:00,84.793
2026-07-10 15:00:00,2026-07-10 15:00:00,84.788
2026-07-10 15:15:00,2026-07-10 15:15:00,84.792
2026-07-10 15:30:00,2026-07-10 15:30:00,84.798
2026-07-10 15:45:00,2026-07-10 15:45:00,84.8
2026-07-10 16:00:00,2026-07-10 16:00:00,84.798
2026-07-10 16:15:00,2026-07-10 16:15:00,84.787
2026-07-10 16:30:00,2026-07-10 16:30:00,84.781
2026-07-10 16:45:00,2026-07-10 16:45:00,84.788
2026-07-10 17:00:00,2026-07-10 17:00:00,84.787
2026-07-10 17:15:00,2026-07-10 17:15:00,84.781
2026-07-10 17:30:00,2026-07-10 17:30:00,84.789
2026-07-10 17:45:00,2026-07-10 17:45:00,84.782
2026-07-10 18:00:00,2026-07-10 18:00:00,84.774
2026-07-10 18:15:00,2026-07-10 18:15:00,84.787
2026-07-10 18:30:00,2026-07-10 18:30:00,84.784
2026-07-10 18:45:00,2026-07-10 18:45:00,84.782
2026-07-10 19:00:00,2026-07-10 19:00:00,84.782
2026-07-10 19:15:00,2026-07-10 19:15:00,84.789
2026-07-10 19:30:00,2026-07-10 19:30:00,84.79
2026-07-10 19:45:00,2026-07-10 19:45:00,84.79
2026-07-10 20:00:00,2026-07-10 20:00:00,84.794
2026-07-10 20:15:00,2026-07-10 20:15:00,84.787
2026-07-10 20:30:00,2026-07-10 20:30:00,84.787
2026-07-10 20:45:00,2026-07-10 20:45:00,84.792
2026-07-10 21:00:00,2026-07-10 21:00:00,84.785
2026-07-10 21:15:00,2026-07-10 21:15:00,84.792
2026-07-10 21:30:00,2026-07-10 21:30:00,84.79
2026-07-10 21:45:00,2026-07-10 21:45:00,84.789
2026-07-10 22:00:00,2026-07-10 22:00:00,84.786
2026-07-10 22:15:00,2026-07-10 22:15:00,84.792
2026-07-10 22:30:00,2026-07-10 22:30:00,84.79
2026-07-10 22:45:00,2026-07-10 22:45:00,84.785
2026-07-10 23:00:00,2026-07-10 23:00:00,84.789
2026-07-10 23:15:00,2026-07-10 23:15:00,84.789
2026-07-10 23:30:00,2026-07-10 23:30:00,84.788
2026-07-10 23:45:00,2026-07-10 23:45:00,84.787
2026-07-11 00:00:00,2026-07-11 00:00:00,84.788
2026-07-11 00:15:00,2026-07-11 00:15:00,84.793
2026-07-11 00:30:00,2026-07-11 00:30:00,84.79
2026-07-11 00:45:00,2026-07-11 00:45:00,84.784
2026-07-11 01:00:00,2026-07-11 01:00:00,84.786
2026-07-11 01:15:00,2026-07-11 01:15:00,84.779
2026-07-11 01:30:00,2026-07-11 01:30:00,84.787
2026-07-11 01:45:00,2026-07-11 01:45:00,84.792
2026-07-11 02:00:00,2026-07-11 02:00:00,84.794
2026-07-11 02:15:00,2026-07-11 02:15:00,84.792
2026-07-11 02:30:00,2026-07-11 02:30:00,84.793
2026-07-11 02:45:00,2026-07-11 02:45:00,84.787
2026-07-11 03:00:00,2026-07-11 03:00:00,84.791
2026-07-11 03:15:00,2026-07-11 03:15:00,84.791
2026-07-11 03:30:00,2026-07-11 03:30:00,84.785
2026-07-11 03:45:00,2026-07-11 03:45:00,84.796
2026-07-11 04:00:00,2026-07-11 04:00:00,84.792
2026-07-11 04:15:00,2026-07-11 04:15:00,84.779
2026-07-11 04:30:00,2026-07-11 04:30:00,84.78
2026-07-11 04:45:00,2026-07-11 04:45:00,84.785
2026-07-11 05:00:00,2026-07-11 05:00:00,84.784
2026-07-11 05:15:00,2026-07-11 05:15:00,84.78
2026-07-11 05:30:00,2026-07-11 05:30:00,84.783
2026-07-11 05:45:00,2026-07-11 05:45:00,84.778
2026-07-11 06:00:00,2026-07-11 06:00:00,84.778
2026-07-11 06:15:00,2026-07-11 06:15:00,84.781
2026-07-11 06:30:00,2026-07-11 06:30:00,84.779
2026-07-11 06:45:00,2026-07-11 06:45:00,84.774
2026-07-11 07:00:00,2026-07-11 07:00:00,84.776
2026-07-11 07:15:00,2026-07-11 07:15:00,84.789
2026-07-11 07:30:00,2026-07-11 07:30:00,84.778
2026-07-11 07:45:00,2026-07-11 07:45:00,84.782
2026-07-11 08:00:00,2026-07-11 08:00:00,84.779
2026-07-11 08:15:00,2026-07-11 08:15:00,84.782
2026-07-11 08:30:00,2026-07-11 08:30:00,84.783
2026-07-11 08:45:00,2026-07-11 08:45:00,84.774
2026-07-11 09:00:00,2026-07-11 09:00:00,84.779
2026-07-11 09:15:00,2026-07-11 09:15:00,84.775
2026-07-11 09:30:00,2026-07-11 09:30:00,84.769
2026-07-11 09:45:00,2026-07-11 09:45:00,84.766
2026-07-11 10:00:00,2026-07-11 10:00:00,84.783
2026-07-11 10:15:00,2026-07-11 10:15:00,84.759
2026-07-11 10:30:00,2026-07-11 10:30:00,84.766
2026-07-11 10:45:00,2026-07-11 10:45:00,84.771
2026-07-11 11:00:00,2026-07-11 11:00:00,84.766
2026-07-11 11:15:00,2026-07-11 11:15:00,84.768
2026-07-11 11:30:00,2026-07-11 11:30:00,84.769
2026-07-11 11:45:00,2026-07-11 11:45:00,84.744
2026-07-11 12:00:00,2026-07-11 12:00:00,84.763
2026-07-11 12:15:00,2026-07-11 12:15:00,84.763
2026-07-11 12:30:00,2026-07-11 12:30:00,84.753
2026-07-11 12:45:00,2026-07-11 12:45:00,84.763
2026-07-11 13:00:00,2026-07-11 13:00:00,84.76
2026-07-11 13:15:00,2026-07-11 13:15:00,84.761
2026-07-11 13:30:00,2026-07-11 13:30:00,84.767
2026-07-11 13:45:00,2026-07-11 13:45:00,84.762
2026-07-11 14:00:00,2026-07-11 14:00:00,84.77
2026-07-11 14:15:00,2026-07-11 14:15:00,84.766
2026-07-11 14:30:00,2026-07-11 14:30:00,84.765
2026-07-11 14:45:00,2026-07-11 14:45:00,84.774
2026-07-11 15:00:00,2026-07-11 15:00:00,84.772
2026-07-11 15:15:00,2026-07-11 15:15:00,84.768
2026-07-11 15:30:00,2026-07-11 15:30:00,84.763
2026-07-11 15:45:00,2026-07-11 15:45:00,84.766
2026-07-11 16:00:00,2026-07-11 16:00:00,84.771
2026-07-11 16:15:00,2026-07-11 16:15:00,84.766
2026-07-11 16:30:00,2026-07-11 16:30:00,84.77
2026-07-11 16:45:00,2026-07-11 16:45:00,84.766
2026-07-11 17:00:00,2026-07-11 17:00:00,84.766
2026-07-11 17:15:00,2026-07-11 17:15:00,84.757
2026-07-11 17:30:00,2026-07-11 17:30:00,84.75
2026-07-11 17:45:00,2026-07-11 17:45:00,84.754
2026-07-11 18:00:00,2026-07-11 18:00:00,84.763
2026-07-11 18:15:00,2026-07-11 18:15:00,84.762
2026-07-11 18:30:00,2026-07-11 18:30:00,84.762
2026-07-11 18:45:00,2026-07-11 18:45:00,84.753
2026-07-11 19:00:00,2026-07-11 19:00:00,84.754
2026-07-11 19:15:00,2026-07-11 19:15:00,84.758
2026-07-11 19:30:00,2026-07-11 19:30:00,84.758
2026-07-11 19:45:00,2026-07-11 19:45:00,84.763
2026-07-11 20:00:00,2026-07-11 20:00:00,84.763
2026-07-11 20:15:00,2026-07-11 20:15:00,84.768
2026-07-11 20:30:00,2026-07-11 20:30:00,84.783
2026-07-11 20:45:00,2026-07-11 20:45:00,84.769
2026-07-11 21:00:00,2026-07-11 21:00:00,84.772
2026-07-11 21:15:00,2026-07-11 21:15:00,84.767
2026-07-11 21:30:00,2026-07-11 21:30:00,84.765
2026-07-11 21:45:00,2026-07-11 21:45:00,84.764
2026-07-11 22:00:00,2026-07-11 22:00:00,84.768
2026-07-11 22:15:00,2026-07-11 22:15:00,84.76
2026-07-11 22:30:00,2026-07-11 22:30:00,84.757
2026-07-11 22:45:00,2026-07-11 22:45:00,84.769
2026-07-11 23:00:00,2026-07-11 23:00:00,84.773
2026-07-11 23:15:00,2026-07-11 23:15:00,84.766
2026-07-11 23:30:00,2026-07-11 23:30:00,84.767
2026-07-11 23:45:00,2026-07-11 23:45:00,84.766
2026-07-12 00:00:00,2026-07-12 00:00:00,84.766
2026-07-12 00:15:00,2026-07-12 00:15:00,84.767
2026-07-12 00:30:00,2026-07-12 00:30:00,84.767
2026-07-12 00:45:00,2026-07-12 00:45:00,84.763
2026-07-12 01:00:00,2026-07-12 01:00:00,84.761
2026-07-12 01:15:00,2026-07-12 01:15:00,84.764
2026-07-12 01:30:00,2026-07-12 01:30:00,84.756
2026-07-12 01:45:00,2026-07-12 01:45:00,84.764
2026-07-12 02:00:00,2026-07-12 02:00:00,84.769
2026-07-12 02:15:00,2026-07-12 02:15:00,84.759
2026-07-12 02:30:00,2026-07-12 02:30:00,84.758
2026-07-12 02:45:00,2026-07-12 02:45:00,84.77
2026-07-12 03:00:00,2026-07-12 03:00:00,84.764
2026-07-12 03:15:00,2026-07-12 03:15:00,84.765
2026-07-12 03:30:00,2026-07-12 03:30:00,84.774
2026-07-12 03:45:00,2026-07-12 03:45:00,84.766
2026-07-12 04:00:00,2026-07-12 04:00:00,84.77
2026-07-12 04:15:00,2026-07-12 04:15:00,84.763
2026-07-12 04:30:00,2026-07-12 04:30:00,84.759
2026-07-12 04:45:00,2026-07-12 04:45:00,84.762
2026-07-12 05:00:00,2026-07-12 05:00:00,84.761
2026-07-12 05:15:00,2026-07-12 05:15:00,84.76
2026-07-12 05:30:00,2026-07-12 05:30:00,84.752
2026-07-12 05:45:00,2026-07-12 05:45:00,84.754
2026-07-12 06:00:00,2026-07-12 06:00:00,84.751
2026-07-12 06:15:00,2026-07-12 06:15:00,84.766
2026-07-12 06:30:00,2026-07-12 06:30:00,84.765
2026-07-12 06:45:00,2026-07-12 06:45:00,84.755
2026-07-12 07:00:00,2026-07-12 07:00:00,84.749
2026-07-12 07:15:00,2026-07-12 07:15:00,84.75
2026-07-12 07:30:00,2026-07-12 07:30:00,84.751
2026-07-12 07:45:00,2026-07-12 07:45:00,84.751
2026-07-12 08:00:00,2026-07-12 08:00:00,84.756
2026-07-12 08:15:00,2026-07-12 08:15:00,84.752
2026-07-12 08:30:00,2026-07-12 08:30:00,84.746
2026-07-12 08:45:00,2026-07-12 08:45:00,84.752
2026-07-12 09:00:00,2026-07-12 09:00:00,84.753
2026-07-12 09:15:00,2026-07-12 09:15:00,84.751
2026-07-12 09:30:00,2026-07-12 09:30:00,84.752
2026-07-12 09:45:00,2026-07-12 09:45:00,84.753
2026-07-12 10:00:00,2026-07-12 10:00:00,84.75
2026-07-12 10:15:00,2026-07-12 10:15:00,84.738
2026-07-12 10:30:00,2026-07-12 10:30:00,84.739
2026-07-12 10:45:00,2026-07-12 10:45:00,84.745
2026-07-12 11:00:00,2026-07-12 11:00:00,84.746
2026-07-12 11:15:00,2026-07-12 11:15:00,84.741
2026-07-12 11:30:00,2026-07-12 11:30:00,84.737
2026-07-12 11:45:00,2026-07-12 11:45:00,84.751
2026-07-12 12:00:00,2026-07-12 12:00:00,84.751
2026-07-12 12:15:00,2026-07-12 12:15:00,84.749
2026-07-12 12:30:00,2026-07-12 12:30:00,84.749
2026-07-12 12:45:00,2026-07-12 12:45:00,84.738
2026-07-12 13:00:00,2026-07-12 13:00:00,84.738
2026-07-12 13:15:00,2026-07-12 13:15:00,84.742
2026-07-12 13:30:00,2026-07-12 13:30:00,84.751
2026-07-12 13:45:00,2026-07-12 13:45:00,84.738
2026-07-12 14:00:00,2026-07-12 14:00:00,84.733
2026-07-12 14:15:00,2026-07-12 14:15:00,84.745
2026-07-12 14:30:00,2026-07-12 14:30:00,84.748
2026-07-12 14:45:00,2026-07-12 14:45:00,84.732
2026-07-12 15:00:00,2026-07-12 15:00:00,84.74
2026-07-12 15:15:00,2026-07-12 15:15:00,84.732
2026-07-12 15:30:00,2026-07-12 15:30:00,84.717
2026-07-12 15:45:00,2026-07-12 15:45:00,84.738
2026-07-12 16:00:00,2026-07-12 16:00:00,84.736
2026-07-12 16:15:00,2026-07-12 16:15:00,84.723
2026-07-12 16:30:00,2026-07-12 16:30:00,84.726
2026-07-12 16:45:00,2026-07-12 16:45:00,84.738
2026-07-12 17:00:00,2026-07-12 17:00:00,84.736
2026-07-12 17:15:00,2026-07-12 17:15:00,84.746
2026-07-12 17:30:00,2026-07-12 17:30:00,84.756
2026-07-12 17:45:00,2026-07-12 17:45:00,84.759
2026-07-12 18:00:00,2026-07-12 18:00:00,84.758
2026-07-12 18:15:00,2026-07-12 18:15:00,84.766
2026-07-12 18:30:00,2026-07-12 18:30:00,84.773
2026-07-12 18:45:00,2026-07-12 18:45:00,84.763
2026-07-12 19:00:00,2026-07-12 19:00:00,84.763
2026-07-12 19:15:00,2026-07-12 19:15:00,84.775
2026-07-12 19:30:00,2026-07-12 19:30:00,84.778
2026-07-12 19:45:00,2026-07-12 19:45:00,84.78
2026-07-12 20:00:00,2026-07-12 20:00:00,84.781
2026-07-12 20:15:00,2026-07-12 20:15:00,84.776
2026-07-12 20:30:00,2026-07-12 20:30:00,84.77
2026-07-12 20:45:00,2026-07-12 20:45:00,84.775
2026-07-12 21:00:00,2026-07-12 21:00:00,84.782
2026-07-12 21:15:00,2026-07-12 21:15:00,84.78
2026-07-12 21:30:00,2026-07-12 21:30:00,84.781
2026-07-12 21:45:00,2026-07-12 21:45:00,84.772
2026-07-12 22:00:00,2026-07-12 22:00:00,84.772
2026-07-12 22:15:00,2026-07-12 22:15:00,84.77
2026-07-12 22:30:00,2026-07-12 22:30:00,84.771
2026-07-12 22:45:00,2026-07-12 22:45:00,84.774
2026-07-12 23:00:00,2026-07-12 23:00:00,84.776
2026-07-12 23:15:00,2026-07-12 23:15:00,84.777
2026-07-12 23:30:00,2026-07-12 23:30:00,84.777
2026-07-12 23:45:00,2026-07-12 23:45:00,84.775
2026-07-13 00:00:00,2026-07-13 00:00:00,84.774
2026-07-13 00:15:00,2026-07-13 00:15:00,84.777
2026-07-13 00:30:00,2026-07-13 00:30:00,84.776
2026-07-13 00:45:00,2026-07-13 00:45:00,84.78
2026-07-13 01:00:00,2026-07-13 01:00:00,84.773
2026-07-13 01:15:00,2026-07-13 01:15:00,84.769
2026-07-13 01:30:00,2026-07-13 01:30:00,84.782
2026-07-13 01:45:00,2026-07-13 01:45:00,84.779
2026-07-13 02:00:00,2026-07-13 02:00:00,84.781
2026-07-13 02:15:00,2026-07-13 02:15:00,84.781
2026-07-13 02:30:00,2026-07-13 02:30:00,84.782
2026-07-13 02:45:00,2026-07-13 02:45:00,84.784
2026-07-13 03:00:00,2026-07-13 03:00:00,84.787
2026-07-13 03:15:00,2026-07-13 03:15:00,84.787
2026-07-13 03:30:00,2026-07-13 03:30:00,84.789
2026-07-13 03:45:00,2026-07-13 03:45:00,84.782
2026-07-13 04:00:00,2026-07-13 04:00:00,84.783
2026-07-13 04:15:00,2026-07-13 04:15:00,84.794
2026-07-13 04:30:00,2026-07-13 04:30:00,84.806
2026-07-13 04:45:00,2026-07-13 04:45:00,84.814
2026-07-13 05:00:00,2026-07-13 05:00:00,84.803
2026-07-13 05:15:00,2026-07-13 05:15:00,84.787
2026-07-13 05:30:00,2026-07-13 05:30:00,84.789
2026-07-13 05:45:00,2026-07-13 05:45:00,84.804
2026-07-13 06:00:00,2026-07-13 06:00:00,84.803
2026-07-13 06:15:00,2026-07-13 06:15:00,84.811
2026-07-13 06:30:00,2026-07-13 06:30:00,84.808
2026-07-13 06:45:00,2026-07-13 06:45:00,84.8
2026-07-13 07:00:00,2026-07-13 07:00:00,84.794
2026-07-13 07:15:00,2026-07-13 07:15:00,84.779
2026-07-13 07:30:00,2026-07-13 07:30:00,84.788
2026-07-13 07:45:00,2026-07-13 07:45:00,84.792
2026-07-13 08:00:00,2026-07-13 08:00:00,84.806
2026-07-13 08:15:00,2026-07-13 08:15:00,84.806
2026-07-13 08:30:00,2026-07-13 08:30:00,84.817
2026-07-13 08:45:00,2026-07-13 08:45:00,84.803
2026-07-13 09:00:00,2026-07-13 09:00:00,84.799
2026-07-13 09:15:00,2026-07-13 09:15:00,84.808
2026-07-13 09:30:00,2026-07-13 09:30:00,84.803
2026-07-13 09:45:00,2026-07-13 09:45:00,84.799
2026-07-13 10:00:00,2026-07-13 10:00:00,84.8
2026-07-13 10:15:00,2026-07-13 10:15:00,84.788
2026-07-13 10:30:00,2026-07-13 10:30:00,84.789
2026-07-13 10:45:00,2026-07-13 10:45:00,84.803
2026-07-13 11:00:00,2026-07-13 11:00:00,84.798
2026-07-13 11:15:00,2026-07-13 11:15:00,84.812
2026-07-13 11:30:00,2026-07-13 11:30:00,84.811
2026-07-13 11:45:00,2026-07-13 11:45:00,84.788
2026-07-13 12:00:00,2026-07-13 12:00:00,84.786
2026-07-13 12:15:00,2026-07-13 12:15:00,84.786
2026-07-13 12:30:00,2026-07-13 12:30:00,84.781
2026-07-13 12:45:00,2026-07-13 12:45:00,84.803
2026-07-13 13:00:00,2026-07-13 13:00:00,84.803
2026-07-13 13:15:00,2026-07-13 13:15:00,84.788
2026-07-13 13:30:00,2026-07-13 13:30:00,84.787
2026-07-13 13:45:00,2026-07-13 13:45:00,84.788
2026-07-13 14:00:00,2026-07-13 14:00:00,84.785
2026-07-13 14:15:00,2026-07-13 14:15:00,84.787
2026-07-13 14:30:00,2026-07-13 14:30:00,84.796
2026-07-13 14:45:00,2026-07-13 14:45:00,84.789
2026-07-13 15:00:00,2026-07-13 15:00:00,84.792
2026-07-13 15:15:00,2026-07-13 15:15:00,84.789
2026-07-13 15:30:00,2026-07-13 15:30:00,84.788
2026-07-13 15:45:00,2026-07-13 15:45:00,84.782
2026-07-13 16:00:00,2026-07-13 16:00:00,84.779
2026-07-13 16:15:00,2026-07-13 16:15:00,84.786
2026-07-13 16:30:00,2026-07-13 16:30:00,84.784
2026-07-13 16:45:00,2026-07-13 16:45:00,84.782
2026-07-13 17:00:00,2026-07-13 17:00:00,84.782
2026-07-13 17:15:00,2026-07-13 17:15:00,84.783
2026-07-13 17:30:00,2026-07-13 17:30:00,84.779
2026-07-13 17:45:00,2026-07-13 17:45:00,84.78
2026-07-13 18:00:00,2026-07-13 18:00:00,84.783
2026-07-13 18:15:00,2026-07-13 18:15:00,84.781
2026-07-13 18:30:00,2026-07-13 18:30:00,84.785
2026-07-13 18:45:00,2026-07-13 18:45:00,84.775
2026-07-13 19:00:00,2026-07-13 19:00:00,84.783
2026-07-13 19:15:00,2026-07-13 19:15:00,84.785
2026-07-13 19:30:00,2026-07-13 19:30:00,84.786
2026-07-13 19:45:00,2026-07-13 19:45:00,84.79
2026-07-13 20:00:00,2026-07-13 20:00:00,84.789
2026-07-13 20:15:00,2026-07-13 20:15:00,84.787
2026-07-13 20:30:00,2026-07-13 20:30:00,84.789
2026-07-13 20:45:00,2026-07-13 20:45:00,84.79
2026-07-13 21:00:00,2026-07-13 21:00:00,84.79
2026-07-13 21:15:00,2026-07-13 21:15:00,84.786
2026-07-13 21:30:00,2026-07-13 21:30:00,84.784
2026-07-13 21:45:00,2026-07-13 21:45:00,84.779
2026-07-13 22:00:00,2026-07-13 22:00:00,84.777
2026-07-13 22:15:00,2026-07-13 22:15:00,84.779
2026-07-13 22:30:00,2026-07-13 22:30:00,84.778
2026-07-13 22:45:00,2026-07-13 22:45:00,84.791
2026-07-13 23:00:00,2026-07-13 23:00:00,84.789
2026-07-13 23:15:00,2026-07-13 23:15:00,84.778
2026-07-13 23:30:00,2026-07-13 23:30:00,84.781
2026-07-13 23:45:00,2026-07-13 23:45:00,84.781
2026-07-14 00:00:00,2026-07-14 00:00:00,84.779
2026-07-14 00:15:00,2026-07-14 00:15:00,84.781
2026-07-14 00:30:00,2026-07-14 00:30:00,84.781
2026-07-14 00:45:00,2026-07-14 00:45:00,84.786
2026-07-14 01:00:00,2026-07-14 01:00:00,84.786
2026-07-14 01:15:00,2026-07-14 01:15:00,84.783
2026-07-14 01:30:00,2026-07-14 01:30:00,84.786
2026-07-14 01:45:00,2026-07-14 01:45:00,84.778
2026-07-14 02:00:00,2026-07-14 02:00:00,84.775
2026-07-14 02:15:00,2026-07-14 02:15:00,84.782
2026-07-14 02:30:00,2026-07-14 02:30:00,84.777
2026-07-14 02:45:00,2026-07-14 02:45:00,84.784
2026-07-14 03:00:00,2026-07-14 03:00:00,84.781
2026-07-14 03:15:00,2026-07-14 03:15:00,84.777
2026-07-14 03:30:00,2026-07-14 03:30:00,84.782
2026-07-14 03:45:00,2026-07-14 03:45:00,84.785
2026-07-14 04:00:00,2026-07-14 04:00:00,84.779
2026-07-14 04:15:00,2026-07-14 04:15:00,84.782
2026-07-14 04:30:00,2026-07-14 04:30:00,84.783
2026-07-14 04:45:00,2026-07-14 04:45:00,84.773
2026-07-14 05:00:00,2026-07-14 05:00:00,84.778
2026-07-14 05:15:00,2026-07-14 05:15:00,84.775
2026-07-14 05:30:00,2026-07-14 05:30:00,84.774
2026-07-14 05:45:00,2026-07-14 05:45:00,84.779
2026-07-14 06:00:00,2026-07-14 06:00:00,84.788
2026-07-14 06:15:00,2026-07-14 06:15:00,84.787
2026-07-14 06:30:00,2026-07-14 06:30:00,84.776
2026-07-14 06:45:00,2026-07-14 06:45:00,84.774
2026-07-14 07:00:00,2026-07-14 07:00:00,84.775
2026-07-14 07:15:00,2026-07-14 07:15:00,84.778
2026-07-14 07:30:00,2026-07-14 07:30:00,84.778
2026-07-14 07:45:00,2026-07-14 07:45:00,84.772
2026-07-14 08:00:00,2026-07-14 08:00:00,84.78
2026-07-14 08:15:00,2026-07-14 08:15:00,84.773
2026-07-14 08:30:00,2026-07-14 08:30:00,84.768
2026-07-14 08:45:00,2026-07-14 08:45:00,84.78
2026-07-14 09:00:00,2026-07-14 09:00:00,84.779
2026-07-14 09:15:00,2026-07-14 09:15:00,84.769
2026-07-14 09:30:00,2026-07-14 09:30:00,84.763
2026-07-14 09:45:00,2026-07-14 09:45:00,84.779
2026-07-14 10:00:00,2026-07-14 10:00:00,84.772
2026-07-14 10:15:00,2026-07-14 10:15:00,84.773
2026-07-14 10:30:00,2026-07-14 10:30:00,84.779
2026-07-14 10:45:00,2026-07-14 10:45:00,84.759
2026-07-14 11:00:00,2026-07-14 11:00:00,84.762
2026-07-14 11:15:00,2026-07-14 11:15:00,84.767
2026-07-14 11:30:00,2026-07-14 11:30:00,84.767
2026-07-14 11:45:00,2026-07-14 11:45:00,84.767
2026-07-14 12:00:00,2026-07-14 12:00:00,84.764
2026-07-14 12:15:00,2026-07-14 12:15:00,84.766
2026-07-14 12:30:00,2026-07-14 12:30:00,84.76
2026-07-14 12:45:00,2026-07-14 12:45:00,84.765
2026-07-14 13:00:00,2026-07-14 13:00:00,84.765
2026-07-14 13:15:00,2026-07-14 13:15:00,84.754
2026-07-14 13:30:00,2026-07-14 13:30:00,84.762
2026-07-14 13:45:00,2026-07-14 13:45:00,84.76
2026-07-14 14:00:00,2026-07-14 14:00:00,84.758
2026-07-14 14:15:00,2026-07-14 14:15:00,84.761
2026-07-14 14:30:00,2026-07-14 14:30:00,84.764
2026-07-14 14:45:00,2026-07-14 14:45:00,84.755
2026-07-14 15:00:00,2026-07-14 15:00:00,84.751
2026-07-14 15:15:00,2026-07-14 15:15:00,84.758
2026-07-14 15:30:00,2026-07-14 15:30:00,84.76
2026-07-14 15:45:00,2026-07-14 15:45:00,84.758
2026-07-14 16:00:00,2026-07-14 16:00:00,84.757
2026-07-14 16:15:00,2026-07-14 16:15:00,84.759
2026-07-14 16:30:00,2026-07-14 16:30:00,84.765
2026-07-14 16:45:00,2026-07-14 16:45:00,84.747
2026-07-14 17:00:00,2026-07-14 17:00:00,84.742
2026-07-14 17:15:00,2026-07-14 17:15:00,84.752
2026-07-14 17:30:00,2026-07-14 17:30:00,84.753
2026-07-14 17:45:00,2026-07-14 17:45:00,84.764
2026-07-14 18:00:00,2026-07-14 18:00:00,84.763
2026-07-14 18:15:00,2026-07-14 18:15:00,84.755
2026-07-14 18:30:00,2026-07-14 18:30:00,84.756
2026-07-14 18:45:00,2026-07-14 18:45:00,84.758
2026-07-14 19:00:00,2026-07-14 19:00:00,84.756
2026-07-14 19:15:00,2026-07-14 19:15:00,84.756
2026-07-14 19:30:00,2026-07-14 19:30:00,84.757
2026-07-14 19:45:00,2026-07-14 19:45:00,84.757
2026-07-14 20:00:00,2026-07-14 20:00:00,84.76
2026-07-14 20:15:00,2026-07-14 20:15:00,84.765
2026-07-14 20:30:00,2026-07-14 20:30:00,84.76
2026-07-14 20:45:00,2026-07-14 20:45:00,84.761
2026-07-14 21:00:00,2026-07-14 21:00:00,84.759
2026-07-14 21:15:00,2026-07-14 21:15:00,84.762
2026-07-14 21:30:00,2026-07-14 21:30:00,84.758
2026-07-14 21:45:00,2026-07-14 21:45:00,84.767
2026-07-14 22:00:00,2026-07-14 22:00:00,84.77
2026-07-14 22:15:00,2026-07-14 22:15:00,84.768
2026-07-14 22:30:00,2026-07-14 22:30:00,84.768
2026-07-14 22:45:00,2026-07-14 22:45:00,84.759
2026-07-14 23:00:00,2026-07-14 23:00:00,84.76
2026-07-14 23:15:00,2026-07-14 23:15:00,84.76
2026-07-14 23:30:00,2026-07-14 23:30:00,84.76
2026-07-14 23:45:00,2026-07-14 23:45:00,84.762
2026-07-15 00:00:00,2026-07-15 00:00:00,84.763
2026-07-15 00:15:00,2026-07-15 00:15:00,84.767
2026-07-15 00:30:00,2026-07-15 00:30:00,84.764
2026-07-15 00:45:00,2026-07-15 00:45:00,84.764
2026-07-15 01:00:00,2026-07-15 01:00:00,84.762
2026-07-15 01:15:00,2026-07-15 01:15:00,84.764
2026-07-15 01:30:00,2026-07-15 01:30:00,84.761
2026-07-15 01:45:00,2026-07-15 01:45:00,84.76
2026-07-15 02:00:00,2026-07-15 02:00:00,84.76
2026-07-15 02:15:00,2026-07-15 02:15:00,84.758
2026-07-15 02:30:00,2026-07-15 02:30:00,84.751
2026-07-15 02:45:00,2026-07-15 02:45:00,84.758
2026-07-15 03:00:00,2026-07-15 03:00:00,84.759
2026-07-15 03:15:00,2026-07-15 03:15:00,84.762
2026-07-15 03:30:00,2026-07-15 03:30:00,84.762
2026-07-15 03:45:00,2026-07-15 03:45:00,84.763
2026-07-15 04:00:00,2026-07-15 04:00:00,84.754
2026-07-15 04:15:00,2026-07-15 04:15:00,84.755
2026-07-15 04:30:00,2026-07-15 04:30:00,84.761
2026-07-15 04:45:00,2026-07-15 04:45:00,84.753
2026-07-15 05:00:00,2026-07-15 05:00:00,84.747
2026-07-15 05:15:00,2026-07-15 05:15:00,84.748
2026-07-15 05:30:00,2026-07-15 05:30:00,84.74
2026-07-15 05:45:00,2026-07-15 05:45:00,84.749
2026-07-15 06:00:00,2026-07-15 06:00:00,84.761
2026-07-15 06:15:00,2026-07-15 06:15:00,84.749
2026-07-15 06:30:00,2026-07-15 06:30:00,84.751
2026-07-15 06:45:00,2026-07-15 06:45:00,84.748
2026-07-15 07:00:00,2026-07-15 07:00:00,84.742
2026-07-15 07:15:00,2026-07-15 07:15:00,84.752
2026-07-15 07:30:00,2026-07-15 07:30:00,84.754
2026-07-15 07:45:00,2026-07-15 07:45:00,84.75
2026-07-15 08:00:00,2026-07-15 08:00:00,84.743
2026-07-15 08:15:00,2026-07-15 08:15:00,84.746
2026-07-15 08:30:00,2026-07-15 08:30:00,84.743
2026-07-15 08:45:00,2026-07-15 08:45:00,84.742
2026-07-15 09:00:00,2026-07-15 09:00:00,84.745
2026-07-15 09:15:00,2026-07-15 09:15:00,84.732
2026-07-15 09:30:00,2026-07-15 09:30:00,84.741
2026-07-15 09:45:00,2026-07-15 09:45:00,84.736
2026-07-15 10:00:00,2026-07-15 10:00:00,84.739
2026-07-15 10:15:00,2026-07-15 10:15:00,84.744
2026-07-15 10:30:00,2026-07-15 10:30:00,84.743
2026-07-15 10:45:00,2026-07-15 10:45:00,84.745
2026-07-15 11:00:00,2026-07-15 11:00:00,84.731
2026-07-15 11:15:00,2026-07-15 11:15:00,84.736
2026-07-15 11:30:00,2026-07-15 11:30:00,84.732
2026-07-15 11:45:00,2026-07-15 11:45:00,84.723
2026-07-15 12:00:00,2026-07-15 12:00:00,84.731
2026-07-15 12:15:00,2026-07-15 12:15:00,84.735
2026-07-15 12:30:00,2026-07-15 12:30:00,84.737
2026-07-15 12:45:00,2026-07-15 12:45:00,84.729
2026-07-15 13:00:00,2026-07-15 13:00:00,84.729
2026-07-15 13:15:00,2026-07-15 13:15:00,84.732
2026-07-15 13:30:00,2026-07-15 13:30:00,84.727
2026-07-15 13:45:00,2026-07-15 13:45:00,84.728
2026-07-15 14:00:00,2026-07-15 14:00:00,84.732
2026-07-15 14:15:00,2026-07-15 14:15:00,84.736
2026-07-15 14:30:00,2026-07-15 14:30:00,84.736
2026-07-15 14:45:00,2026-07-15 14:45:00,84.721
2026-07-15 15:00:00,2026-07-15 15:00:00,84.719
2026-07-15 15:15:00,2026-07-15 15:15:00,84.728
2026-07-15 15:30:00,2026-07-15 15:30:00,84.731
2026-07-15 15:45:00,2026-07-15 15:45:00,84.724
2026-07-15 16:00:00,2026-07-15 16:00:00,84.726
2026-07-15 16:15:00,2026-07-15 16:15:00,84.724
2026-07-15 16:30:00,2026-07-15 16:30:00,84.725
2026-07-15 16:45:00,2026-07-15 16:45:00,84.73
2026-07-15 17:00:00,2026-07-15 17:00:00,84.725
2026-07-15 17:15:00,2026-07-15 17:15:00,84.723
2026-07-15 17:30:00,2026-07-15 17:30:00,84.722
2026-07-15 17:45:00,2026-07-15 17:45:00,84.728
2026-07-15 18:00:00,2026-07-15 18:00:00,84.724
2026-07-15 18:15:00,2026-07-15 18:15:00,84.723
2026-07-15 18:30:00,2026-07-15 18:30:00,84.726
2026-07-15 18:45:00,2026-07-15 18:45:00,84.719
2026-07-15 19:00:00,2026-07-15 19:00:00,84.727
2026-07-15 19:15:00,2026-07-15 19:15:00,84.731
2026-07-15 19:30:00,2026-07-15 19:30:00,84.725
2026-07-15 19:45:00,2026-07-15 19:45:00,84.719
2026-07-15 20:00:00,2026-07-15 20:00:00,84.723
2026-07-15 20:15:00,2026-07-15 20:15:00,84.727
2026-07-15 20:30:00,2026-07-15 20:30:00,84.72
2026-07-15 20:45:00,2026-07-15 20:45:00,84.727
2026-07-15 21:00:00,2026-07-15 21:00:00,84.727
2026-07-15 21:15:00,2026-07-15 21:15:00,84.73
2026-07-15 21:30:00,2026-07-15 21:30:00,84.731
2026-07-15 21:45:00,2026-07-15 21:45:00,84.734
2026-07-15 22:00:00,2026-07-15 22:00:00,84.737
2026-07-15 22:15:00,2026-07-15 22:15:00,84.732
2026-07-15 22:30:00,2026-07-15 22:30:00,84.729
2026-07-15 22:45:00,2026-07-15 22:45:00,84.733
2026-07-15 23:00:00,2026-07-15 23:00:00,84.737
2026-07-15 23:15:00,2026-07-15 23:15:00,84.73
2026-07-15 23:30:00,2026-07-15 23:30:00,84.727
2026-07-15 23:45:00,2026-07-15 23:45:00,84.73
2026-07-16 00:00:00,2026-07-16 00:00:00,84.728
2026-07-16 00:15:00,2026-07-16 00:15:00,84.728
2026-07-16 00:30:00,2026-07-16 00:30:00,84.726
2026-07-16 00:45:00,2026-07-16 00:45:00,84.724
2026-07-16 01:00:00,2026-07-16 01:00:00,84.722
2026-07-16 01:15:00,2026-07-16 01:15:00,84.728
2026-07-16 01:30:00,2026-07-16 01:30:00,84.734
2026-07-16 01:45:00,2026-07-16 01:45:00,84.729
2026-07-16 02:00:00,2026-07-16 02:00:00,84.725
2026-07-16 02:15:00,2026-07-16 02:15:00,84.73
2026-07-16 02:30:00,2026-07-16 02:30:00,84.73
2026-07-16 02:45:00,2026-07-16 02:45:00,84.721
2026-07-16 03:00:00,2026-07-16 03:00:00,84.724
2026-07-16 03:15:00,2026-07-16 03:15:00,84.731
2026-07-16 03:30:00,2026-07-16 03:30:00,84.725
2026-07-16 03:45:00,2026-07-16 03:45:00,84.732
2026-07-16 04:00:00,2026-07-16 04:00:00,84.741
2026-07-16 04:15:00,2026-07-16 04:15:00,84.718
2026-07-16 04:30:00,2026-07-16 04:30:00,84.718
2026-07-16 04:45:00,2026-07-16 04:45:00,84.725
2026-07-16 05:00:00,2026-07-16 05:00:00,84.724
2026-07-16 05:15:00,2026-07-16 05:15:00,84.727
2026-07-16 05:30:00,2026-07-16 05:30:00,84.733
2026-07-16 05:45:00,2026-07-16 05:45:00,84.725
2026-07-16 06:00:00,2026-07-16 06:00:00,84.711
2026-07-16 06:15:00,2026-07-16 06:15:00,84.71
2026-07-16 06:30:00,2026-07-16 06:30:00,84.708
2026-07-16 06:45:00,2026-07-16 06:45:00,84.718
2026-07-16 07:00:00,2026-07-16 07:00:00,84.723
2026-07-16 07:15:00,2026-07-16 07:15:00,84.714
2026-07-16 07:30:00,2026-07-16 07:30:00,84.722
2026-07-16 07:45:00,2026-07-16 07:45:00,84.712
2026-07-16 08:00:00,2026-07-16 08:00:00,84.704
2026-07-16 08:15:00,2026-07-16 08:15:00,84.704
2026-07-16 08:30:00,2026-07-16 08:30:00,84.713
2026-07-16 08:45:00,2026-07-16 08:45:00,84.714
2026-07-16 09:00:00,2026-07-16 09:00:00,84.72
2026-07-16 09:15:00,2026-07-16 09:15:00,84.716
2026-07-16 09:30:00,2026-07-16 09:30:00,84.711
2026-07-16 09:45:00,2026-07-16 09:45:00,84.711
2026-07-16 10:00:00,2026-07-16 10:00:00,84.707
2026-07-16 10:15:00,2026-07-16 10:15:00,84.713
2026-07-16 10:30:00,2026-07-16 10:30:00,84.703
2026-07-16 10:45:00,2026-07-16 10:45:00,84.703
2026-07-16 11:00:00,2026-07-16 11:00:00,84.706
2026-07-16 11:15:00,2026-07-16 11:15:00,84.706
2026-07-16 11:30:00,2026-07-16 11:30:00,84.707
2026-07-16 11:45:00,2026-07-16 11:45:00,84.703
2026-07-16 12:00:00,2026-07-16 12:00:00,84.693
2026-07-16 12:15:00,2026-07-16 12:15:00,84.697
2026-07-16 12:30:00,2026-07-16 12:30:00,84.687
2026-07-16 12:45:00,2026-07-16 12:45:00,84.686
2026-07-16 13:00:00,2026-07-16 13:00:00,84.695
2026-07-16 13:15:00,2026-07-16 13:15:00,84.697
2026-07-16 13:30:00,2026-07-16 13:30:00,84.699
2026-07-16 13:45:00,2026-07-16 13:45:00,84.695
2026-07-16 14:00:00,2026-07-16 14:00:00,84.695
2026-07-16 14:15:00,2026-07-16 14:15:00,84.676
2026-07-16 14:30:00,2026-07-16 14:30:00,84.681
2026-07-16 14:45:00,2026-07-16 14:45:00,84.679
2026-07-16 15:00:00,2026-07-16 15:00:00,84.686
2026-07-16 15:15:00,2026-07-16 15:15:00,84.695
2026-07-16 15:30:00,2026-07-16 15:30:00,84.695
2026-07-16 15:45:00,2026-07-16 15:45:00,84.69
2026-07-16 16:00:00,2026-07-16 16:00:00,84.685
2026-07-16 16:15:00,2026-07-16 16:15:00,84.689
2026-07-16 16:30:00,2026-07-16 16:30:00,84.683
2026-07-16 16:45:00,2026-07-16 16:45:00,84.689
2026-07-16 17:00:00,2026-07-16 17:00:00,84.69
2026-07-16 17:15:00,2026-07-16 17:15:00,84.685
2026-07-16 17:30:00,2026-07-16 17:30:00,84.685
2026-07-16 17:45:00,2026-07-16 17:45:00,84.684
2026-07-16 18:00:00,2026-07-16 18:00:00,84.683
2026-07-16 18:15:00,2026-07-16 18:15:00,84.684
2026-07-16 18:30:00,2026-07-16 18:30:00,84.69
2026-07-16 18:45:00,2026-07-16 18:45:00,84.676
2026-07-16 19:00:00,2026-07-16 19:00:00,84.68
2026-07-16 19:15:00,2026-07-16 19:15:00,84.687
2026-07-16 19:30:00,2026-07-16 19:30:00,84.687
2026-07-16 19:45:00,2026-07-16 19:45:00,84.687
2026-07-16 20:00:00,2026-07-16 20:00:00,84.691
2026-07-16 20:15:00,2026-07-16 20:15:00,84.686
2026-07-16 20:30:00,2026-07-16 20:30:00,84.685
2026-07-16 20:45:00,2026-07-16 20:45:00,84.685
2026-07-16 21:00:00,2026-07-16 21:00:00,84.693
2026-07-16 21:15:00,2026-07-16 21:15:00,84.689
2026-07-16 21:30:00,2026-07-16 21:30:00,84.694
2026-07-16 21:45:00,2026-07-16 21:45:00,84.687
2026-07-16 22:00:00,2026-07-16 22:00:00,84.684
2026-07-16 22:15:00,2026-07-16 22:15:00,84.691
2026-07-16 22:30:00,2026-07-16 22:30:00,84.69
2026-07-16 22:45:00,2026-07-16 22:45:00,84.686
2026-07-16 23:00:00,2026-07-16 23:00:00,84.686
2026-07-16 23:15:00,2026-07-16 23:15:00,84.691
2026-07-16 23:30:00,2026-07-16 23:30:00,84.691
2026-07-16 23:45:00,2026-07-16 23:45:00,84.688
2026-07-17 00:00:00,2026-07-17 00:00:00,84.692
2026-07-17 00:15:00,2026-07-17 00:15:00,84.693
2026-07-17 00:30:00,2026-07-17 00:30:00,84.688
2026-07-17 00:45:00,2026-07-17 00:45:00,84.694
2026-07-17 01:00:00,2026-07-17 01:00:00,84.69
2026-07-17 01:15:00,2026-07-17 01:15:00,84.688
2026-07-17 01:30:00,2026-07-17 01:30:00,84.689
2026-07-17 01:45:00,2026-07-17 01:45:00,84.689
2026-07-17 02:00:00,2026-07-17 02:00:00,84.692
2026-07-17 02:15:00,2026-07-17 02:15:00,84.686
2026-07-17 02:30:00,2026-07-17 02:30:00,84.684
2026-07-17 02:45:00,2026-07-17 02:45:00,84.685
2026-07-17 03:00:00,2026-07-17 03:00:00,84.677
2026-07-17 03:15:00,2026-07-17 03:15:00,84.684
2026-07-17 03:30:00,2026-07-17 03:30:00,84.688
2026-07-17 03:45:00,2026-07-17 03:45:00,84.69
2026-07-17 04:00:00,2026-07-17 04:00:00,84.687
2026-07-17 04:15:00,2026-07-17 04:15:00,84.685
2026-07-17 04:30:00,2026-07-17 04:30:00,84.689
2026-07-17 04:45:00,2026-07-17 04:45:00,84.684
2026-07-17 05:00:00,2026-07-17 05:00:00,84.682
2026-07-17 05:15:00,2026-07-17 05:15:00,84.686
2026-07-17 05:30:00,2026-07-17 05:30:00,84.681
2026-07-17 05:45:00,2026-07-17 05:45:00,84.671
2026-07-17 06:00:00,2026-07-17 06:00:00,84.67
2026-07-17 06:15:00,2026-07-17 06:15:00,84.68
2026-07-17 06:30:00,2026-07-17 06:30:00,84.686
2026-07-17 06:45:00,2026-07-17 06:45:00,84.679
2026-07-17 07:00:00,2026-07-17 07:00:00,84.672
2026-07-17 07:15:00,2026-07-17 07:15:00,84.671
2026-07-17 07:30:00,2026-07-17 07:30:00,84.676
2026-07-17 07:45:00,2026-07-17 07:45:00,84.665
2026-07-17 08:00:00,2026-07-17 08:00:00,84.669
2026-07-17 08:15:00,2026-07-17 08:15:00,84.664
2026-07-17 08:30:00,2026-07-17 08:30:00,84.665
2026-07-17 08:45:00,2026-07-17 08:45:00,84.677
2026-07-17 09:00:00,2026-07-17 09:00:00,84.675
2026-07-17 09:15:00,2026-07-17 09:15:00,84.668
2026-07-17 09:30:00,2026-07-17 09:30:00,84.671
2026-07-17 09:45:00,2026-07-17 09:45:00,84.656
2026-07-17 10:00:00,2026-07-17 10:00:00,84.656
2026-07-17 10:15:00,2026-07-17 10:15:00,84.669
2026-07-17 10:30:00,2026-07-17 10:30:00,84.672
2026-07-17 10:45:00,2026-07-17 10:45:00,84.673
2026-07-17 11:00:00,2026-07-17 11:00:00,84.669
2026-07-17 11:15:00,2026-07-17 11:15:00,84.664
2026-07-17 11:30:00,2026-07-17 11:30:00,84.661
2026-07-17 11:45:00,2026-07-17 11:45:00,84.669
2026-07-17 12:00:00,2026-07-17 12:00:00,84.662
2026-07-17 12:15:00,2026-07-17 12:15:00,84.668
2026-07-17 12:30:00,2026-07-17 12:30:00,84.668
2026-07-17 12:45:00,2026-07-17 12:45:00,84.662
2026-07-17 13:00:00,2026-07-17 13:00:00,84.651
2026-07-17 13:15:00,2026-07-17 13:15:00,84.649
2026-07-17 13:30:00,2026-07-17 13:30:00,84.65
2026-07-17 13:45:00,2026-07-17 13:45:00,84.657
2026-07-17 14:00:00,2026-07-17 14:00:00,84.646
2026-07-17 14:15:00,2026-07-17 14:15:00,84.645
2026-07-17 14:30:00,2026-07-17 14:30:00,84.648
2026-07-17 14:45:00,2026-07-17 14:45:00,84.652
2026-07-17 15:00:00,2026-07-17 15:00:00,84.648
2026-07-17 15:15:00,2026-07-17 15:15:00,84.65
2026-07-17 15:30:00,2026-07-17 15:30:00,84.645
2026-07-17 15:45:00,2026-07-17 15:45:00,84.649
2026-07-17 16:00:00,2026-07-17 16:00:00,84.644
2026-07-17 16:15:00,2026-07-17 16:15:00,84.641
2026-07-17 16:30:00,2026-07-17 16:30:00,84.646
2026-07-17 16:45:00,2026-07-17 16:45:00,84.641
2026-07-17 17:00:00,2026-07-17 17:00:00,84.64
2026-07-17 17:15:00,2026-07-17 17:15:00,84.651
2026-07-17 17:30:00,2026-07-17 17:30:00,84.648
2026-07-17 17:45:00,2026-07-17 17:45:00,84.647
2026-07-17 18:00:00,2026-07-17 18:00:00,84.646
2026-07-17 18:15:00,2026-07-17 18:15:00,84.644
2026-07-17 18:30:00,2026-07-17 18:30:00,84.645
2026-07-17 18:45:00,2026-07-17 18:45:00,84.65
2026-07-17 19:00:00,2026-07-17 19:00:00,84.647
2026-07-17 19:15:00,2026-07-17 19:15:00,84.642
2026-07-17 19:30:00,2026-07-17 19:30:00,84.648
2026-07-17 19:45:00,2026-07-17 19:45:00,84.645
2026-07-17 20:00:00,2026-07-17 20:00:00,84.642
2026-07-17 20:15:00,2026-07-17 20:15:00,84.645
2026-07-17 20:30:00,2026-07-17 20:30:00,84.642
2026-07-17 20:45:00,2026-07-17 20:45:00,84.655
2026-07-17 21:00:00,2026-07-17 21:00:00,84.652
2026-07-17 21:15:00,2026-07-17 21:15:00,84.654
2026-07-17 21:30:00,2026-07-17 21:30:00,84.654
2026-07-17 21:45:00,2026-07-17 21:45:00,84.65
2026-07-17 22:00:00,2026-07-17 22:00:00,84.653
2026-07-17 22:15:00,2026-07-17 22:15:00,84.649
2026-07-17 22:30:00,2026-07-17 22:30:00,84.65
2026-07-17 22:45:00,2026-07-17 22:45:00,84.653
2026-07-17 23:00:00,2026-07-17 23:00:00,84.655
2026-07-17 23:15:00,2026-07-17 23:15:00,84.65
2026-07-17 23:30:00,2026-07-17 23:30:00,84.653
2026-07-17 23:45:00,2026-07-17 23:45:00,84.645
2026-07-18 00:00:00,2026-07-18 00:00:00,84.642
2026-07-18 00:15:00,2026-07-18 00:15:00,84.652
2026-07-18 00:30:00,2026-07-18 00:30:00,84.656
2026-07-18 00:45:00,2026-07-18 00:45:00,84.653
2026-07-18 01:00:00,2026-07-18 01:00:00,84.654
2026-07-18 01:15:00,2026-07-18 01:15:00,84.656
2026-07-18 01:30:00,2026-07-18 01:30:00,84.651
2026-07-18 01:45:00,2026-07-18 01:45:00,84.642
2026-07-18 02:00:00,2026-07-18 02:00:00,84.645
2026-07-18 02:15:00,2026-07-18 02:15:00,84.648
2026-07-18 02:30:00,2026-07-18 02:30:00,84.645
2026-07-18 02:45:00,2026-07-18 02:45:00,84.651
2026-07-18 03:00:00,2026-07-18 03:00:00,84.655
2026-07-18 03:15:00,2026-07-18 03:15:00,84.645
2026-07-18 03:30:00,2026-07-18 03:30:00,84.649
2026-07-18 03:45:00,2026-07-18 03:45:00,84.654
2026-07-18 04:00:00,2026-07-18 04:00:00,84.645
2026-07-18 04:15:00,2026-07-18 04:15:00,84.647
2026-07-18 04:30:00,2026-07-18 04:30:00,84.648
2026-07-18 04:45:00,2026-07-18 04:45:00,84.638
2026-07-18 05:00:00,2026-07-18 05:00:00,84.64
2026-07-18 05:15:00,2026-07-18 05:15:00,84.636
2026-07-18 05:30:00,2026-07-18 05:30:00,84.633
2026-07-18 05:45:00,2026-07-18 05:45:00,84.636
2026-07-18 06:00:00,2026-07-18 06:00:00,84.637
2026-07-18 06:15:00,2026-07-18 06:15:00,84.642
2026-07-18 06:30:00,2026-07-18 06:30:00,84.643
2026-07-18 06:45:00,2026-07-18 06:45:00,84.635
2026-07-18 07:00:00,2026-07-18 07:00:00,84.63
2026-07-18 07:15:00,2026-07-18 07:15:00,84.636
2026-07-18 07:30:00,2026-07-18 07:30:00,84.632
2026-07-18 07:45:00,2026-07-18 07:45:00,84.637
2026-07-18 08:00:00,2026-07-18 08:00:00,84.635
2026-07-18 08:15:00,2026-07-18 08:15:00,84.63
2026-07-18 08:30:00,2026-07-18 08:30:00,84.633
2026-07-18 08:45:00,2026-07-18 08:45:00,84.629
2026-07-18 09:00:00,2026-07-18 09:00:00,84.623
2026-07-18 09:15:00,2026-07-18 09:15:00,84.621
2026-07-18 09:30:00,2026-07-18 09:30:00,84.624
2026-07-18 09:45:00,2026-07-18 09:45:00,84.636
2026-07-18 10:00:00,2026-07-18 10:00:00,84.629
2026-07-18 10:15:00,2026-07-18 10:15:00,84.622
2026-07-18 10:30:00,2026-07-18 10:30:00,84.625
2026-07-18 10:45:00,2026-07-18 10:45:00,84.62
2026-07-18 11:00:00,2026-07-18 11:00:00,84.621
2026-07-18 11:15:00,2026-07-18 11:15:00,84.62
2026-07-18 11:30:00,2026-07-18 11:30:00,84.633
2026-07-18 11:45:00,2026-07-18 11:45:00,84.615
2026-07-18 12:00:00,2026-07-18 12:00:00,84.612
2026-07-18 12:15:00,2026-07-18 12:15:00,84.609
2026-07-18 12:30:00,2026-07-18 12:30:00,84.616
2026-07-18 12:45:00,2026-07-18 12:45:00,84.613
2026-07-18 13:00:00,2026-07-18 13:00:00,84.613
2026-07-18 13:15:00,2026-07-18 13:15:00,84.618
2026-07-18 13:30:00,2026-07-18 13:30:00,84.62
2026-07-18 13:45:00,2026-07-18 13:45:00,84.622
2026-07-18 14:00:00,2026-07-18 14:00:00,84.615
2026-07-18 14:15:00,2026-07-18 14:15:00,84.605
2026-07-18 14:30:00,2026-07-18 14:30:00,84.607
2026-07-18 14:45:00,2026-07-18 14:45:00,84.615
2026-07-18 15:00:00,2026-07-18 15:00:00,84.614
2026-07-18 15:15:00,2026-07-18 15:15:00,84.613
2026-07-18 15:30:00,2026-07-18 15:30:00,84.612
2026-07-18 15:45:00,2026-07-18 15:45:00,84.61
2026-07-18 16:00:00,2026-07-18 16:00:00,84.604
2026-07-18 16:15:00,2026-07-18 16:15:00,84.617
2026-07-18 16:30:00,2026-07-18 16:30:00,84.614
2026-07-18 16:45:00,2026-07-18 16:45:00,84.606
2026-07-18 17:00:00,2026-07-18 17:00:00,84.604
2026-07-18 17:15:00,2026-07-18 17:15:00,84.605
2026-07-18 17:30:00,2026-07-18 17:30:00,84.6
2026-07-18 17:45:00,2026-07-18 17:45:00,84.609
2026-07-18 18:00:00,2026-07-18 18:00:00,84.609
2026-07-18 18:15:00,2026-07-18 18:15:00,84.607
2026-07-18 18:30:00,2026-07-18 18:30:00,84.606
2026-07-18 18:45:00,2026-07-18 18:45:00,84.607
2026-07-18 19:00:00,2026-07-18 19:00:00,84.611
2026-07-18 19:15:00,2026-07-18 19:15:00,84.607
2026-07-18 19:30:00,2026-07-18 19:30:00,84.604
2026-07-18 19:45:00,2026-07-18 19:45:00,84.603
2026-07-18 20:00:00,2026-07-18 20:00:00,84.601
2026-07-18 20:15:00,2026-07-18 20:15:00,84.613
2026-07-18 20:30:00,2026-07-18 20:30:00,84.614
2026-07-18 20:45:00,2026-07-18 20:45:00,84.611
2026-07-18 21:00:00,2026-07-18 21:00:00,84.611
2026-07-18 21:15:00,2026-07-18 21:15:00,84.639
2026-07-18 21:30:00,2026-07-18 21:30:00,84.613
2026-07-18 21:45:00,2026-07-18 21:45:00,84.605
2026-07-18 22:00:00,2026-07-18 22:00:00,84.611
2026-07-18 22:15:00,2026-07-18 22:15:00,84.613
2026-07-18 22:30:00,2026-07-18 22:30:00,84.612
2026-07-18 22:45:00,2026-07-18 22:45:00,84.615
2026-07-18 23:00:00,2026-07-18 23:00:00,84.613
2026-07-18 23:15:00,2026-07-18 23:15:00,84.615
2026-07-18 23:30:00,2026-07-18 23:30:00,84.609
2026-07-18 23:45:00,2026-07-18 23:45:00,84.609
2026-07-19 00:00:00,2026-07-19 00:00:00,84.609
2026-07-19 00:15:00,2026-07-19 00:15:00,84.604
2026-07-19 00:30:00,2026-07-19 00:30:00,84.61
2026-07-19 00:45:00,2026-07-19 00:45:00,84.604
2026-07-19 01:00:00,2026-07-19 01:00:00,84.604
2026-07-19 01:15:00,2026-07-19 01:15:00,84.61
2026-07-19 01:30:00,2026-07-19 01:30:00,84.614
2026-07-19 01:45:00,2026-07-19 01:45:00,84.607
2026-07-19 02:00:00,2026-07-19 02:00:00,84.604
2026-07-19 02:15:00,2026-07-19 02:15:00,84.598
2026-07-19 02:30:00,2026-07-19 02:30:00,84.602
2026-07-19 02:45:00,2026-07-19 02:45:00,84.607
2026-07-19 03:00:00,2026-07-19 03:00:00,84.604
2026-07-19 03:15:00,2026-07-19 03:15:00,84.61
2026-07-19 03:30:00,2026-07-19 03:30:00,84.61
2026-07-19 03:45:00,2026-07-19 03:45:00,84.605
2026-07-19 04:00:00,2026-07-19 04:00:00,84.603
2026-07-19 04:15:00,2026-07-19 04:15:00,84.607
2026-07-19 04:30:00,2026-07-19 04:30:00,84.603
2026-07-19 04:45:00,2026-07-19 04:45:00,84.605
2026-07-19 05:00:00,2026-07-19 05:00:00,84.608
2026-07-19 05:15:00,2026-07-19 05:15:00,84.606
2026-07-19 05:30:00,2026-07-19 05:30:00,84.605
2026-07-19 05:45:00,2026-07-19 05:45:00,84.593
2026-07-19 06:00:00,2026-07-19 06:00:00,84.592
2026-07-19 06:15:00,2026-07-19 06:15:00,84.595
2026-07-19 06:30:00,2026-07-19 06:30:00,84.597
2026-07-19 06:45:00,2026-07-19 06:45:00,84.591
2026-07-19 07:00:00,2026-07-19 07:00:00,84.596
2026-07-19 07:15:00,2026-07-19 07:15:00,84.594
2026-07-19 07:30:00,2026-07-19 07:30:00,84.593
2026-07-19 07:45:00,2026-07-19 07:45:00,84.599
2026-07-19 08:00:00,2026-07-19 08:00:00,84.597
2026-07-19 08:15:00,2026-07-19 08:15:00,84.597
2026-07-19 08:30:00,2026-07-19 08:30:00,84.59
2026-07-19 08:45:00,2026-07-19 08:45:00,84.58
2026-07-19 09:00:00,2026-07-19 09:00:00,84.582
2026-07-19 09:15:00,2026-07-19 09:15:00,84.595
2026-07-19 09:30:00,2026-07-19 09:30:00,84.594
2026-07-19 09:45:00,2026-07-19 09:45:00,84.587
2026-07-19 10:00:00,2026-07-19 10:00:00,84.595
2026-07-19 10:15:00,2026-07-19 10:15:00,84.582
2026-07-19 10:30:00,2026-07-19 10:30:00,84.58
2026-07-19 10:45:00,2026-07-19 10:45:00,84.585
2026-07-19 11:00:00,2026-07-19 11:00:00,84.583
2026-07-19 11:15:00,2026-07-19 11:15:00,84.58
2026-07-19 11:30:00,2026-07-19 11:30:00,84.583
2026-07-19 11:45:00,2026-07-19 11:45:00,84.59
2026-07-19 12:00:00,2026-07-19 12:00:00,84.587
2026-07-19 12:15:00,2026-07-19 12:15:00,84.579
2026-07-19 12:30:00,2026-07-19 12:30:00,84.584
2026-07-19 12:45:00,2026-07-19 12:45:00,84.573
2026-07-19 13:00:00,2026-07-19 13:00:00,84.57
2026-07-19 13:15:00,2026-07-19 13:15:00,84.583
2026-07-19 13:30:00,2026-07-19 13:30:00,84.584
2026-07-19 13:45:00,2026-07-19 13:45:00,84.588
2026-07-19 14:00:00,2026-07-19 14:00:00,84.584
2026-07-19 14:15:00,2026-07-19 14:15:00,84.578
2026-07-19 14:30:00,2026-07-19 14:30:00,84.577
2026-07-19 14:45:00,2026-07-19 14:45:00,84.583
2026-07-19 15:00:00,2026-07-19 15:00:00,84.578
2026-07-19 15:15:00,2026-07-19 15:15:00,84.582
2026-07-19 15:30:00,2026-07-19 15:30:00,84.582
2026-07-19 15:45:00,2026-07-19 15:45:00,84.571
2026-07-19 16:00:00,2026-07-19 16:00:00,84.57
2026-07-19 16:15:00,2026-07-19 16:15:00,84.582
2026-07-19 16:30:00,2026-07-19 16:30:00,84.58
2026-07-19 16:45:00,2026-07-19 16:45:00,84.589
2026-07-19 17:00:00,2026-07-19 17:00:00,84.595
2026-07-19 17:15:00,2026-07-19 17:15:00,84.585
2026-07-19 17:30:00,2026-07-19 17:30:00,84.581
2026-07-19 17:45:00,2026-07-19 17:45:00,84.588
2026-07-19 18:00:00,2026-07-19 18:00:00,84.586
2026-07-19 18:15:00,2026-07-19 18:15:00,84.591
2026-07-19 18:30:00,2026-07-19 18:30:00,84.589
2026-07-19 18:45:00,2026-07-19 18:45:00,84.605
2026-07-19 19:00:00,2026-07-19 19:00:00,84.598
2026-07-19 19:15:00,2026-07-19 19:15:00,84.59
2026-07-19 19:30:00,2026-07-19 19:30:00,84.586
2026-07-19 19:45:00,2026-07-19 19:45:00,84.592
2026-07-19 20:00:00,2026-07-19 20:00:00,84.592
2026-07-19 20:15:00,2026-07-19 20:15:00,84.595
2026-07-19 20:30:00,2026-07-19 20:30:00,84.599
2026-07-19 20:45:00,2026-07-19 20:45:00,84.603
2026-07-19 21:00:00,2026-07-19 21:00:00,84.603
2026-07-19 21:15:00,2026-07-19 21:15:00,84.589
2026-07-19 21:30:00,2026-07-19 21:30:00,84.59
2026-07-19 21:45:00,2026-07-19 21:45:00,84.601
2026-07-19 22:00:00,2026-07-19 22:00:00,84.591
2026-07-19 22:15:00,2026-07-19 22:15:00,84.613
2026-07-19 22:30:00,2026-07-19 22:30:00,84.615
2026-07-19 22:45:00,2026-07-19 22:45:00,84.607
2026-07-19 23:00:00,2026-07-19 23:00:00,84.608
2026-07-19 23:15:00,2026-07-19 23:15:00,84.613
2026-07-19 23:30:00,2026-07-19 23:30:00,84.613
2026-07-19 23:45:00,2026-07-19 23:45:00,84.611
2026-07-20 00:00:00,2026-07-20 00:00:00,84.608
2026-07-20 00:15:00,2026-07-20 00:15:00,84.611
2026-07-20 00:30:00,2026-07-20 00:30:00,84.607
2026-07-20 00:45:00,2026-07-20 00:45:00,84.608
2026-07-20 01:00:00,2026-07-20 01:00:00,84.612
2026-07-20 01:15:00,2026-07-20 01:15:00,84.611
2026-07-20 01:30:00,2026-07-20 01:30:00,84.603
2026-07-20 01:45:00,2026-07-20 01:45:00,84.609
2026-07-20 02:00:00,2026-07-20 02:00:00,84.611
2026-07-20 02:15:00,2026-07-20 02:15:00,84.613
2026-07-20 02:30:00,2026-07-20 02:30:00,84.616
2026-07-20 02:45:00,2026-07-20 02:45:00,84.619
2026-07-20 03:00:00,2026-07-20 03:00:00,84.621
2026-07-20 03:15:00,2026-07-20 03:15:00,84.615
2026-07-20 03:30:00,2026-07-20 03:30:00,84.614
2026-07-20 03:45:00,2026-07-20 03:45:00,84.616
2026-07-20 04:00:00,2026-07-20 04:00:00,84.616
2026-07-20 04:15:00,2026-07-20 04:15:00,84.619
2026-07-20 04:30:00,2026-07-20 04:30:00,84.625
2026-07-20 04:45:00,2026-07-20 04:45:00,84.619
2026-07-20 05:00:00,2026-07-20 05:00:00,84.612
2026-07-20 05:15:00,2026-07-20 05:15:00,84.605
2026-07-20 05:30:00,2026-07-20 05:30:00,84.611
2026-07-20 05:45:00,2026-07-20 05:45:00,84.603
2026-07-20 06:00:00,2026-07-20 06:00:00,84.602
2026-07-20 06:15:00,2026-07-20 06:15:00,84.612
2026-07-20 06:30:00,2026-07-20 06:30:00,84.612
2026-07-20 06:45:00,2026-07-20 06:45:00,84.614
2026-07-20 07:00:00,2026-07-20 07:00:00,84.618
2026-07-20 07:15:00,2026-07-20 07:15:00,84.606
2026-07-20 07:30:00,2026-07-20 07:30:00,84.596
2026-07-20 07:45:00,2026-07-20 07:45:00,84.607
2026-07-20 08:00:00,2026-07-20 08:00:00,84.612
2026-07-20 08:15:00,2026-07-20 08:15:00,84.627
2026-07-20 08:30:00,2026-07-20 08:30:00,84.637
2026-07-20 08:45:00,2026-07-20 08:45:00,84.647
2026-07-20 09:00:00,2026-07-20 09:00:00,84.641
2026-07-20 09:15:00,2026-07-20 09:15:00,84.631
2026-07-20 09:30:00,2026-07-20 09:30:00,84.625
2026-07-20 09:45:00,2026-07-20 09:45:00,84.624
2026-07-20 10:00:00,2026-07-20 10:00:00,84.631
2026-07-20 10:15:00,2026-07-20 10:15:00,84.647
2026-07-20 10:30:00,2026-07-20 10:30:00,84.649
2026-07-20 10:45:00,2026-07-20 10:45:00,84.63
2026-07-20 11:00:00,2026-07-20 11:00:00,84.637
2026-07-20 11:15:00,2026-07-20 11:15:00,84.634
2026-07-20 11:30:00,2026-07-20 11:30:00,84.641
2026-07-20 11:45:00,2026-07-20 11:45:00,84.647
2026-07-20 12:00:00,2026-07-20 12:00:00,84.644
2026-07-20 12:15:00,2026-07-20 12:15:00,84.641
2026-07-20 12:30:00,2026-07-20 12:30:00,84.636
2026-07-20 12:45:00,2026-07-20 12:45:00,84.637
2026-07-20 13:00:00,2026-07-20 13:00:00,84.649
2026-07-20 13:15:00,2026-07-20 13:15:00,84.653
2026-07-20 13:30:00,2026-07-20 13:30:00,84.654
2026-07-20 13:45:00,2026-07-20 13:45:00,84.649
2026-07-20 14:00:00,2026-07-20 14:00:00,84.649
2026-07-20 14:15:00,2026-07-20 14:15:00,84.648
2026-07-20 14:30:00,2026-07-20 14:30:00,84.651
2026-07-20 14:45:00,2026-07-20 14:45:00,84.654
2026-07-20 15:00:00,2026-07-20 15:00:00,84.653
2026-07-20 15:15:00,2026-07-20 15:15:00,84.654
2026-07-20 15:30:00,2026-07-20 15:30:00,84.657
2026-07-20 15:45:00,2026-07-20 15:45:00,84.655
2026-07-20 16:00:00,2026-07-20 16:00:00,84.653
2026-07-20 16:15:00,2026-07-20 16:15:00,84.657
2026-07-20 16:30:00,2026-07-20 16:30:00,84.66
2026-07-20 16:45:00,2026-07-20 16:45:00,84.65
2026-07-20 17:00:00,2026-07-20 17:00:00,84.649
2026-07-20 17:15:00,2026-07-20 17:15:00,84.646
2026-07-20 17:30:00,2026-07-20 17:30:00,84.646
2026-07-20 17:45:00,2026-07-20 17:45:00,84.651
2026-07-20 18:00:00,2026-07-20 18:00:00,84.651
2026-07-20 18:15:00,2026-07-20 18:15:00,84.648
2026-07-20 18:30:00,2026-07-20 18:30:00,84.654
2026-07-20 18:45:00,2026-07-20 18:45:00,84.655
2026-07-20 19:00:00,2026-07-20 19:00:00,84.657
2026-07-20 19:15:00,2026-07-20 19:15:00,84.655
2026-07-20 19:30:00,2026-07-20 19:30:00,84.659
2026-07-20 19:45:00,2026-07-20 19:45:00,84.654
2026-07-20 20:00:00,2026-07-20 20:00:00,84.654
2026-07-20 20:15:00,2026-07-20 20:15:00,84.657
2026-07-20 20:30:00,2026-07-20 20:30:00,84.659
2026-07-20 20:45:00,2026-07-20 20:45:00,84.648
2026-07-20 21:00:00,2026-07-20 21:00:00,84.65
2026-07-20 21:15:00,2026-07-20 21:15:00,84.649
2026-07-20 21:30:00,2026-07-20 21:30:00,84.654
2026-07-20 21:45:00,2026-07-20 21:45:00,84.65
2026-07-20 22:00:00,2026-07-20 22:00:00,84.658
2026-07-20 22:15:00,2026-07-20 22:15:00,84.656
2026-07-20 22:30:00,2026-07-20 22:30:00,84.653
2026-07-20 22:45:00,2026-07-20 22:45:00,84.649
2026-07-20 23:00:00,2026-07-20 23:00:00,84.649
2026-07-20 23:15:00,2026-07-20 23:15:00,84.653
2026-07-20 23:30:00,2026-07-20 23:30:00,84.65
2026-07-20 23:45:00,2026-07-20 23:45:00,84.655
2026-07-21 00:00:00,2026-07-21 00:00:00,84.657
2026-07-21 00:15:00,2026-07-21 00:15:00,84.66
2026-07-21 00:30:00,2026-07-21 00:30:00,84.661
2026-07-21 00:45:00,2026-07-21 00:45:00,84.654
2026-07-21 01:00:00,2026-07-21 01:00:00,84.649
2026-07-21 01:15:00,2026-07-21 01:15:00,84.655
2026-07-21 01:30:00,2026-07-21 01:30:00,84.654
2026-07-21 01:45:00,2026-07-21 01:45:00,84.656
2026-07-21 02:00:00,2026-07-21 02:00:00,84.655
2026-07-21 02:15:00,2026-07-21 02:15:00,84.652
2026-07-21 02:30:00,2026-07-21 02:30:00,84.652
2026-07-21 02:45:00,2026-07-21 02:45:00,84.656
2026-07-21 03:00:00,2026-07-21 03:00:00,84.655
2026-07-21 03:15:00,2026-07-21 03:15:00,84.656
2026-07-21 03:30:00,2026-07-21 03:30:00,84.652
2026-07-21 03:45:00,2026-07-21 03:45:00,84.65
2026-07-21 04:00:00,2026-07-21 04:00:00,84.651
2026-07-21 04:15:00,2026-07-21 04:15:00,84.656
2026-07-21 04:30:00,2026-07-21 04:30:00,84.657
2026-07-21 04:45:00,2026-07-21 04:45:00,84.654
2026-07-21 05:00:00,2026-07-21 05:00:00,84.651
2026-07-21 05:15:00,2026-07-21 05:15:00,84.652
2026-07-21 05:30:00,2026-07-21 05:30:00,84.65
2026-07-21 05:45:00,2026-07-21 05:45:00,84.65
2026-07-21 06:00:00,2026-07-21 06:00:00,84.649
2026-07-21 06:15:00,2026-07-21 06:15:00,84.642
2026-07-21 06:30:00,2026-07-21 06:30:00,84.643
2026-07-21 06:45:00,2026-07-21 06:45:00,84.646
2026-07-21 07:00:00,2026-07-21 07:00:00,84.64
2026-07-21 07:15:00,2026-07-21 07:15:00,84.647
2026-07-21 07:30:00,2026-07-21 07:30:00,84.652
2026-07-21 07:45:00,2026-07-21 07:45:00,84.651
2026-07-21 08:00:00,2026-07-21 08:00:00,84.646
2026-07-21 08:15:00,2026-07-21 08:15:00,84.639
2026-07-21 08:30:00,2026-07-21 08:30:00,84.634
2026-07-21 08:45:00,2026-07-21 08:45:00,84.626
2026-07-21 09:00:00,2026-07-21 09:00:00,84.626
2026-07-21 09:15:00,2026-07-21 09:15:00,84.63
2026-07-21 09:30:00,2026-07-21 09:30:00,84.633
2026-07-21 09:45:00,2026-07-21 09:45:00,84.646
2026-07-21 10:00:00,2026-07-21 10:00:00,84.641
2026-07-21 10:15:00,2026-07-21 10:15:00,84.637
2026-07-21 10:30:00,2026-07-21 10:30:00,84.635
2026-07-21 10:45:00,2026-07-21 10:45:00,84.64
2026-07-21 11:00:00,2026-07-21 11:00:00,84.643
2026-07-21 11:15:00,2026-07-21 11:15:00,84.616
2026-07-21 11:30:00,2026-07-21 11:30:00,84.622
2026-07-21 11:45:00,2026-07-21 11:45:00,84.633
2026-07-21 12:00:00,2026-07-21 12:00:00,84.645
2026-07-21 12:15:00,2026-07-21 12:15:00,84.639
2026-07-21 12:30:00,2026-07-21 12:30:00,84.644
2026-07-21 12:45:00,2026-07-21 12:45:00,84.63
2026-07-21 13:00:00,2026-07-21 13:00:00,84.626
2026-07-21 13:15:00,2026-07-21 13:15:00,84.628
2026-07-21 13:30:00,2026-07-21 13:30:00,84.624
2026-07-21 13:45:00,2026-07-21 13:45:00,84.633
2026-07-21 14:00:00,2026-07-21 14:00:00,84.637
2026-07-21 14:15:00,2026-07-21 14:15:00,84.628
2026-07-21 14:30:00,2026-07-21 14:30:00,84.627
2026-07-21 14:45:00,2026-07-21 14:45:00,84.625
2026-07-21 15:00:00,2026-07-21 15:00:00,84.624
2026-07-21 15:15:00,2026-07-21 15:15:00,84.618
2026-07-21 15:30:00,2026-07-21 15:30:00,84.618
2026-07-21 15:45:00,2026-07-21 15:45:00,84.623
2026-07-21 16:00:00,2026-07-21 16:00:00,84.621
2026-07-21 16:15:00,2026-07-21 16:15:00,84.619
2026-07-21 16:30:00,2026-07-21 16:30:00,84.613
2026-07-21 16:45:00,2026-07-21 16:45:00,84.617
2026-07-21 17:00:00,2026-07-21 17:00:00,84.61
2026-07-21 17:15:00,2026-07-21 17:15:00,84.619
2026-07-21 17:30:00,2026-07-21 17:30:00,84.623
2026-07-21 17:45:00,2026-07-21 17:45:00,84.628
2026-07-21 18:00:00,2026-07-21 18:00:00,84.626
2026-07-21 18:15:00,2026-07-21 18:15:00,84.624
2026-07-21 18:30:00,2026-07-21 18:30:00,84.619
2026-07-21 18:45:00,2026-07-21 18:45:00,84.624
2026-07-21 19:00:00,2026-07-21 19:00:00,84.625
2026-07-21 19:15:00,2026-07-21 19:15:00,84.628
2026-07-21 19:30:00,2026-07-21 19:30:00,84.628
2026-07-21 19:45:00,2026-07-21 19:45:00,84.623
2026-07-21 20:00:00,2026-07-21 20:00:00,84.623
2026-07-21 20:15:00,2026-07-21 20:15:00,84.631
2026-07-21 20:30:00,2026-07-21 20:30:00,84.63
2026-07-21 20:45:00,2026-07-21 20:45:00,84.623
2026-07-21 21:00:00,2026-07-21 21:00:00,84.624
2026-07-21 21:15:00,2026-07-21 21:15:00,84.623
2026-07-21 21:30:00,2026-07-21 21:30:00,84.623
2026-07-21 21:45:00,2026-07-21 21:45:00,84.632
2026-07-21 22:00:00,2026-07-21 22:00:00,84.632
2026-07-21 22:15:00,2026-07-21 22:15:00,84.632
2026-07-21 22:30:00,2026-07-21 22:30:00,84.63
2026-07-21 22:45:00,2026-07-21 22:45:00,84.617
2026-07-21 23:00:00,2026-07-21 23:00:00,84.618
2026-07-21 23:15:00,2026-07-21 23:15:00,84.63
2026-07-21 23:30:00,2026-07-21 23:30:00,84.631
2026-07-21 23:45:00,2026-07-21 23:45:00,84.633
2026-07-22 00:00:00,2026-07-22 00:00:00,84.631
2026-07-22 00:15:00,2026-07-22 00:15:00,84.631
2026-07-22 00:30:00,2026-07-22 00:30:00,84.628
2026-07-22 00:45:00,2026-07-22 00:45:00,84.627
2026-07-22 01:00:00,2026-07-22 01:00:00,84.63
2026-07-22 01:15:00,2026-07-22 01:15:00,84.63
2026-07-22 01:30:00,2026-07-22 01:30:00,84.631
2026-07-22 01:45:00,2026-07-22 01:45:00,84.627
2026-07-22 02:00:00,2026-07-22 02:00:00,84.634
2026-07-22 02:15:00,2026-07-22 02:15:00,84.631
2026-07-22 02:30:00,2026-07-22 02:30:00,84.63
2026-07-22 02:45:00,2026-07-22 02:45:00,84.639
2026-07-22 03:00:00,2026-07-22 03:00:00,84.634
2026-07-22 03:15:00,2026-07-22 03:15:00,84.624
2026-07-22 03:30:00,2026-07-22 03:30:00,84.629
2026-07-22 03:45:00,2026-07-22 03:45:00,84.632
2026-07-22 04:00:00,2026-07-22 04:00:00,84.63
2026-07-22 04:15:00,2026-07-22 04:15:00,84.635
2026-07-22 04:30:00,2026-07-22 04:30:00,84.638
2026-07-22 04:45:00,2026-07-22 04:45:00,84.633
2026-07-22 05:00:00,2026-07-22 05:00:00,84.636
2026-07-22 05:15:00,2026-07-22 05:15:00,84.635
2026-07-22 05:30:00,2026-07-22 05:30:00,84.629
2026-07-22 05:45:00,2026-07-22 05:45:00,84.632
2026-07-22 06:00:00,2026-07-22 06:00:00,84.63
2026-07-22 06:15:00,2026-07-22 06:15:00,84.632
2026-07-22 06:30:00,2026-07-22 06:30:00,84.627
2026-07-22 06:45:00,2026-07-22 06:45:00,84.632
2026-07-22 07:00:00,2026-07-22 07:00:00,84.635
2026-07-22 07:15:00,2026-07-22 07:15:00,84.64
2026-07-22 07:30:00,2026-07-22 07:30:00,84.637
2026-07-22 07:45:00,2026-07-22 07:45:00,84.627
2026-07-22 08:00:00,2026-07-22 08:00:00,84.618
2026-07-22 08:15:00,2026-07-22 08:15:00,84.63
2026-07-22 08:30:00,2026-07-22 08:30:00,84.625
2026-07-22 08:45:00,2026-07-22 08:45:00,84.628
2026-07-22 09:00:00,2026-07-22 09:00:00,84.631
2026-07-22 09:15:00,2026-07-22 09:15:00,84.63
2026-07-22 09:30:00,2026-07-22 09:30:00,84.621
2026-07-22 09:45:00,2026-07-22 09:45:00,84.618
2026-07-22 10:00:00,2026-07-22 10:00:00,84.618
2026-07-22 10:15:00,2026-07-22 10:15:00,84.617
2026-07-22 10:30:00,2026-07-22 10:30:00,84.624
2026-07-22 10:45:00,2026-07-22 10:45:00,84.624
2026-07-22 11:00:00,2026-07-22 11:00:00,84.629
2026-07-22 11:15:00,2026-07-22 11:15:00,84.624
2026-07-22 11:30:00,2026-07-22 11:30:00,84.622
2026-07-22 11:45:00,2026-07-22 11:45:00,84.626
2026-07-22 12:00:00,2026-07-22 12:00:00,84.629
2026-07-22 12:15:00,2026-07-22 12:15:00,84.626
2026-07-22 12:30:00,2026-07-22 12:30:00,84.628
2026-07-22 12:45:00,2026-07-22 12:45:00,84.617
2026-07-22 13:00:00,2026-07-22 13:00:00,84.608
2026-07-22 13:15:00,2026-07-22 13:15:00,84.624
2026-07-22 13:30:00,2026-07-22 13:30:00,84.638
2026-07-22 13:45:00,2026-07-22 13:45:00,84.634
2026-07-22 14:00:00,2026-07-22 14:00:00,84.634
2026-07-22 14:15:00,2026-07-22 14:15:00,84.633
2026-07-22 14:30:00,2026-07-22 14:30:00,84.634
2026-07-22 14:45:00,2026-07-22 14:45:00,84.639
2026-07-22 15:00:00,2026-07-22 15:00:00,84.648
2026-07-22 15:15:00,2026-07-22 15:15:00,84.648
2026-07-22 15:30:00,2026-07-22 15:30:00,84.647
2026-07-22 15:45:00,2026-07-22 15:45:00,84.639
2026-07-22 16:00:00,2026-07-22 16:00:00,84.639
2026-07-22 16:15:00,2026-07-22 16:15:00,84.643
2026-07-22 16:30:00,2026-07-22 16:30:00,84.642
2026-07-22 16:45:00,2026-07-22 16:45:00,84.648
2026-07-22 17:00:00,2026-07-22 17:00:00,84.652
2026-07-22 17:15:00,2026-07-22 17:15:00,84.645
2026-07-22 17:30:00,2026-07-22 17:30:00,84.646
2026-07-22 17:45:00,2026-07-22 17:45:00,84.647
2026-07-22 18:00:00,2026-07-22 18:00:00,84.657
2026-07-22 18:15:00,2026-07-22 18:15:00,84.652
2026-07-22 18:30:00,2026-07-22 18:30:00,84.656
2026-07-22 18:45:00,2026-07-22 18:45:00,84.651
2026-07-22 19:00:00,2026-07-22 19:00:00,84.65
2026-07-22 19:15:00,2026-07-22 19:15:00,84.649
2026-07-22 19:30:00,2026-07-22 19:30:00,84.649
2026-07-22 19:45:00,2026-07-22 19:45:00,84.661
2026-07-22 20:00:00,2026-07-22 20:00:00,84.651
2026-07-22 20:15:00,2026-07-22 20:15:00,84.648
2026-07-22 20:30:00,2026-07-22 20:30:00,84.648
2026-07-22 20:45:00,2026-07-22 20:45:00,84.657
2026-07-22 21:00:00,2026-07-22 21:00:00,84.657
2026-07-22 21:15:00,2026-07-22 21:15:00,84.66
2026-07-22 21:30:00,2026-07-22 21:30:00,84.659
2026-07-22 21:45:00,2026-07-22 21:45:00,84.654
2026-07-22 22:00:00,2026-07-22 22:00:00,84.656
2026-07-22 22:15:00,2026-07-22 22:15:00,84.661
2026-07-22 22:30:00,2026-07-22 22:30:00,84.661
2026-07-22 22:45:00,2026-07-22 22:45:00,84.66
2026-07-22 23:00:00,2026-07-22 23:00:00,84.661
2026-07-22 23:15:00,2026-07-22 23:15:00,84.666
2026-07-22 23:30:00,2026-07-22 23:30:00,84.664
2026-07-22 23:45:00,2026-07-22 23:45:00,84.666
2026-07-23 00:00:00,2026-07-23 00:00:00,84.662
2026-07-23 00:15:00,2026-07-23 00:15:00,84.663
2026-07-23 00:30:00,2026-07-23 00:30:00,84.665
2026-07-23 00:45:00,2026-07-23 00:45:00,84.671
2026-07-23 01:00:00,2026-07-23 01:00:00,84.677
2026-07-23 01:15:00,2026-07-23 01:15:00,84.679
2026-07-23 01:30:00,2026-07-23 01:30:00,84.678
2026-07-23 01:45:00,2026-07-23 01:45:00,84.68
2026-07-23 02:00:00,2026-07-23 02:00:00,84.685
2026-07-23 02:15:00,2026-07-23 02:15:00,84.7
2026-07-23 02:30:00,2026-07-23 02:30:00,84.697
2026-07-23 02:45:00,2026-07-23 02:45:00,84.691
2026-07-23 03:00:00,2026-07-23 03:00:00,84.696
2026-07-23 03:15:00,2026-07-23 03:15:00,84.701
2026-07-23 03:30:00,2026-07-23 03:30:00,84.706
2026-07-23 03:45:00,2026-07-23 03:45:00,84.718
2026-07-23 04:00:00,2026-07-23 04:00:00,84.717
2026-07-23 04:15:00,2026-07-23 04:15:00,84.705
2026-07-23 04:30:00,2026-07-23 04:30:00,84.704
2026-07-23 04:45:00,2026-07-23 04:45:00,84.711
2026-07-23 05:00:00,2026-07-23 05:00:00,84.713
2026-07-23 05:15:00,2026-07-23 05:15:00,84.706
2026-07-23 05:30:00,2026-07-23 05:30:00,84.706
2026-07-23 05:45:00,2026-07-23 05:45:00,84.703
2026-07-23 06:00:00,2026-07-23 06:00:00,84.703
2026-07-23 06:15:00,2026-07-23 06:15:00,84.711
2026-07-23 06:30:00,2026-07-23 06:30:00,84.725
2026-07-23 06:45:00,2026-07-23 06:45:00,84.721
2026-07-23 07:00:00,2026-07-23 07:00:00,84.726
2026-07-23 07:15:00,2026-07-23 07:15:00,84.722
2026-07-23 07:30:00,2026-07-23 07:30:00,84.719
2026-07-23 07:45:00,2026-07-23 07:45:00,84.704
2026-07-23 08:00:00,2026-07-23 08:00:00,84.71
2026-07-23 08:15:00,2026-07-23 08:15:00,84.718
2026-07-23 08:30:00,2026-07-23 08:30:00,84.718
2026-07-23 08:45:00,2026-07-23 08:45:00,84.72
2026-07-23 09:00:00,2026-07-23 09:00:00,84.714
2026-07-23 09:15:00,2026-07-23 09:15:00,84.714
2026-07-23 09:30:00,2026-07-23 09:30:00,84.708
2026-07-23 09:45:00,2026-07-23 09:45:00,84.708
2026-07-23 10:00:00,2026-07-23 10:00:00,84.711
2026-07-23 10:15:00,2026-07-23 10:15:00,84.716
2026-07-23 10:30:00,2026-07-23 10:30:00,84.725
2026-07-23 10:45:00,2026-07-23 10:45:00,84.725
2026-07-23 11:00:00,2026-07-23 11:00:00,84.72
2026-07-23 11:15:00,2026-07-23 11:15:00,84.731
2026-07-23 11:30:00,2026-07-23 11:30:00,84.735
2026-07-23 11:45:00,2026-07-23 11:45:00,84.748
2026-07-23 12:00:00,2026-07-23 12:00:00,84.743
2026-07-23 12:15:00,2026-07-23 12:15:00,84.74
2026-07-23 12:30:00,2026-07-23 12:30:00,84.741
2026-07-23 12:45:00,2026-07-23 12:45:00,84.736
2026-07-23 13:00:00,2026-07-23 13:00:00,84.736
2026-07-23 13:15:00,2026-07-23 13:15:00,84.744
2026-07-23 13:30:00,2026-07-23 13:30:00,84.75
2026-07-23 13:45:00,2026-07-23 13:45:00,84.757
2026-07-23 14:00:00,2026-07-23 14:00:00,84.761
2026-07-23 14:15:00,2026-07-23 14:15:00,84.764
2026-07-23 14:30:00,2026-07-23 14:30:00,84.757
2026-07-23 14:45:00,2026-07-23 14:45:00,84.773
2026-07-23 15:00:00,2026-07-23 15:00:00,84.77
2026-07-23 15:15:00,2026-07-23 15:15:00,84.774
2026-07-23 15:30:00,2026-07-23 15:30:00,84.775
2026-07-23 15:45:00,2026-07-23 15:45:00,84.789
2026-07-23 16:00:00,2026-07-23 16:00:00,84.797
2026-07-23 16:15:00,2026-07-23 16:15:00,84.8
2026-07-23 16:30:00,2026-07-23 16:30:00,84.796
2026-07-23 16:45:00,2026-07-23 16:45:00,84.799
2026-07-23 17:00:00,2026-07-23 17:00:00,84.803
2026-07-23 17:15:00,2026-07-23 17:15:00,84.794
2026-07-23 17:30:00,2026-07-23 17:30:00,84.799
2026-07-23 17:45:00,2026-07-23 17:45:00,84.805
2026-07-23 18:00:00,2026-07-23 18:00:00,84.81
2026-07-23 18:15:00,2026-07-23 18:15:00,84.813
2026-07-23 18:30:00,2026-07-23 18:30:00,84.814
2026-07-23 18:45:00,2026-07-23 18:45:00,84.822
2026-07-23 19:00:00,2026-07-23 19:00:00,84.818
2026-07-23 19:15:00,2026-07-23 19:15:00,84.851
2026-07-23 19:30:00,2026-07-23 19:30:00,84.851
2026-07-23 19:45:00,2026-07-23 19:45:00,84.851
2026-07-23 20:00:00,2026-07-23 20:00:00,84.845
2026-07-23 20:15:00,2026-07-23 20:15:00,84.846
2026-07-23 20:30:00,2026-07-23 20:30:00,84.843
2026-07-23 20:45:00,2026-07-23 20:45:00,84.854
2026-07-23 21:00:00,2026-07-23 21:00:00,84.86
2026-07-23 21:15:00,2026-07-23 21:15:00,84.862
2026-07-23 21:30:00,2026-07-23 21:30:00,84.86
2026-07-23 21:45:00,2026-07-23 21:45:00,84.862
2026-07-23 22:00:00,2026-07-23 22:00:00,84.859
2026-07-23 22:15:00,2026-07-23 22:15:00,84.872
2026-07-23 22:30:00,2026-07-23 22:30:00,84.877
2026-07-23 22:45:00,2026-07-23 22:45:00,84.871
2026-07-23 23:00:00,2026-07-23 23:00:00,84.873
2026-07-23 23:15:00,2026-07-23 23:15:00,84.88
2026-07-23 23:30:00,2026-07-23 23:30:00,84.882
2026-07-23 23:45:00,2026-07-23 23:45:00,84.893
2026-07-24 00:00:00,2026-07-24 00:00:00,84.897
2026-07-24 00:15:00,2026-07-24 00:15:00,84.899
2026-07-24 00:30:00,2026-07-24 00:30:00,84.902
2026-07-24 00:45:00,2026-07-24 00:45:00,84.905
2026-07-24 01:00:00,2026-07-24 01:00:00,84.903
2026-07-24 01:15:00,2026-07-24 01:15:00,84.906
2026-07-24 01:30:00,2026-07-24 01:30:00,84.906
2026-07-24 01:45:00,2026-07-24 01:45:00,84.915
2026-07-24 02:00:00,2026-07-24 02:00:00,84.919
2026-07-24 02:15:00,2026-07-24 02:15:00,84.928
2026-07-24 02:30:00,2026-07-24 02:30:00,84.922
2026-07-24 02:45:00,2026-07-24 02:45:00,84.924
2026-07-24 03:00:00,2026-07-24 03:00:00,84.926
2026-07-24 03:15:00,2026-07-24 03:15:00,84.93
2026-07-24 03:30:00,2026-07-24 03:30:00,84.934
2026-07-24 03:45:00,2026-07-24 03:45:00,84.932
2026-07-24 04:00:00,2026-07-24 04:00:00,84.932
2026-07-24 04:15:00,2026-07-24 04:15:00,84.942
2026-07-24 04:30:00,2026-07-24 04:30:00,84.936
2026-07-24 04:45:00,2026-07-24 04:45:00,84.948
2026-07-24 05:00:00,2026-07-24 05:00:00,84.947
2026-07-24 05:15:00,2026-07-24 05:15:00,84.949
2026-07-24 05:30:00,2026-07-24 05:30:00,84.948
2026-07-24 05:45:00,2026-07-24 05:45:00,84.941
2026-07-24 06:00:00,2026-07-24 06:00:00,84.943
2026-07-24 06:15:00,2026-07-24 06:15:00,84.954
2026-07-24 06:30:00,2026-07-24 06:30:00,84.962
2026-07-24 06:45:00,2026-07-24 06:45:00,84.961
2026-07-24 07:00:00,2026-07-24 07:00:00,84.957
2026-07-24 07:15:00,2026-07-24 07:15:00,84.959
2026-07-24 07:30:00,2026-07-24 07:30:00,84.953
2026-07-24 07:45:00,2026-07-24 07:45:00,84.955
2026-07-24 08:00:00,2026-07-24 08:00:00,84.954
2026-07-24 08:15:00,2026-07-24 08:15:00,84.957
2026-07-24 08:30:00,2026-07-24 08:30:00,84.961
2026-07-24 08:45:00,2026-07-24 08:45:00,84.964
2026-07-24 09:00:00,2026-07-24 09:00:00,84.958
2026-07-24 09:15:00,2026-07-24 09:15:00,84.963
2026-07-24 09:30:00,2026-07-24 09:30:00,84.973
2026-07-24 09:45:00,2026-07-24 09:45:00,84.966
2026-07-24 10:00:00,2026-07-24 10:00:00,84.97
2026-07-24 10:15:00,2026-07-24 10:15:00,84.959
2026-07-24 10:30:00,2026-07-24 10:30:00,84.961
2026-07-24 10:45:00,2026-07-24 10:45:00,84.957
2026-07-24 11:00:00,2026-07-24 11:00:00,84.954
2026-07-24 11:15:00,2026-07-24 11:15:00,84.969
2026-07-24 11:30:00,2026-07-24 11:30:00,84.967
2026-07-24 11:45:00,2026-07-24 11:45:00,84.961
2026-07-24 12:00:00,2026-07-24 12:00:00,84.957
2026-07-24 12:15:00,2026-07-24 12:15:00,84.957
2026-07-24 12:30:00,2026-07-24 12:30:00,84.955
2026-07-24 12:45:00,2026-07-24 12:45:00,84.948
2026-07-24 13:00:00,2026-07-24 13:00:00,84.955
2026-07-24 13:15:00,2026-07-24 13:15:00,84.956
2026-07-24 13:30:00,2026-07-24 13:30:00,84.957
2026-07-24 13:45:00,2026-07-24 13:45:00,84.959
2026-07-24 14:00:00,2026-07-24 14:00:00,84.961
2026-07-24 14:15:00,2026-07-24 14:15:00,84.952
2026-07-24 14:30:00,2026-07-24 14:30:00,84.95
2026-07-24 14:45:00,2026-07-24 14:45:00,84.95
2026-07-24 15:00:00,2026-07-24 15:00:00,84.95
2026-07-24 15:15:00,2026-07-24 15:15:00,84.963
2026-07-24 15:30:00,2026-07-24 15:30:00,84.956
2026-07-24 15:45:00,2026-07-24 15:45:00,84.957
2026-07-24 16:00:00,2026-07-24 16:00:00,84.956
2026-07-24 16:15:00,2026-07-24 16:15:00,84.957
2026-07-24 16:30:00,2026-07-24 16:30:00,84.96
2026-07-24 16:45:00,2026-07-24 16:45:00,84.949
2026-07-24 17:00:00,2026-07-24 17:00:00,84.949
2026-07-24 17:15:00,2026-07-24 17:15:00,84.953
2026-07-24 17:30:00,2026-07-24 17:30:00,84.954
2026-07-24 17:45:00,2026-07-24 17:45:00,84.956
2026-07-24 18:00:00,2026-07-24 18:00:00,84.966
2026-07-24 18:15:00,2026-07-24 18:15:00,84.957
2026-07-24 18:30:00,2026-07-24 18:30:00,84.962
2026-07-24 18:45:00,2026-07-24 18:45:00,84.954
2026-07-24 19:00:00,2026-07-24 19:00:00,84.948
2026-07-24 19:15:00,2026-07-24 19:15:00,84.955
2026-07-24 19:30:00,2026-07-24 19:30:00,84.959
2026-07-24 19:45:00,2026-07-24 19:45:00,84.959
2026-07-24 20:00:00,2026-07-24 20:00:00,84.959
2026-07-24 20:15:00,2026-07-24 20:15:00,84.964
2026-07-24 20:30:00,2026-07-24 20:30:00,84.96
2026-07-24 20:45:00,2026-07-24 20:45:00,84.957
2026-07-24 21:00:00,2026-07-24 21:00:00,84.957
2026-07-24 21:15:00,2026-07-24 21:15:00,84.963
2026-07-24 21:30:00,2026-07-24 21:30:00,84.96
2026-07-24 21:45:00,2026-07-24 21:45:00,84.958
2026-07-24 22:00:00,2026-07-24 22:00:00,84.957
2026-07-24 22:15:00,2026-07-24 22:15:00,84.963
2026-07-24 22:30:00,2026-07-24 22:30:00,84.967
2026-07-24 22:45:00,2026-07-24 22:45:00,84.96
2026-07-24 23:00:00,2026-07-24 23:00:00,84.957
2026-07-24 23:15:00,2026-07-24 23:15:00,84.961
2026-07-24 23:30:00,2026-07-24 23:30:00,84.962
2026-07-24 23:45:00,2026-07-24 23:45:00,84.959
2026-07-25 00:00:00,2026-07-25 00:00:00,84.961
2026-07-25 00:15:00,2026-07-25 00:15:00,84.96
2026-07-25 00:30:00,2026-07-25 00:30:00,84.959
2026-07-25 00:45:00,2026-07-25 00:45:00,84.963
2026-07-25 01:00:00,2026-07-25 01:00:00,84.962
2026-07-25 01:15:00,2026-07-25 01:15:00,84.963
2026-07-25 01:30:00,2026-07-25 01:30:00,84.964
2026-07-25 01:45:00,2026-07-25 01:45:00,84.961
2026-07-25 02:00:00,2026-07-25 02:00:00,84.964
2026-07-25 02:15:00,2026-07-25 02:15:00,84.965
2026-07-25 02:30:00,2026-07-25 02:30:00,84.965
2026-07-25 02:45:00,2026-07-25 02:45:00,84.958
2026-07-25 03:00:00,2026-07-25 03:00:00,84.961
2026-07-25 03:15:00,2026-07-25 03:15:00,84.963
2026-07-25 03:30:00,2026-07-25 03:30:00,84.962
2026-07-25 03:45:00,2026-07-25 03:45:00,84.961
2026-07-25 04:00:00,2026-07-25 04:00:00,84.955
2026-07-25 04:15:00,2026-07-25 04:15:00,84.962
2026-07-25 04:30:00,2026-07-25 04:30:00,84.961
2026-07-25 04:45:00,2026-07-25 04:45:00,84.958
2026-07-25 05:00:00,2026-07-25 05:00:00,84.96
2026-07-25 05:15:00,2026-07-25 05:15:00,84.959
2026-07-25 05:30:00,2026-07-25 05:30:00,84.962
2026-07-25 05:45:00,2026-07-25 05:45:00,84.961
2026-07-25 06:00:00,2026-07-25 06:00:00,84.962
2026-07-25 06:15:00,2026-07-25 06:15:00,84.953
2026-07-25 06:30:00,2026-07-25 06:30:00,84.954
2026-07-25 06:45:00,2026-07-25 06:45:00,84.961
2026-07-25 07:00:00,2026-07-25 07:00:00,84.965
2026-07-25 07:15:00,2026-07-25 07:15:00,84.956
2026-07-25 07:30:00,2026-07-25 07:30:00,84.952
2026-07-25 07:45:00,2026-07-25 07:45:00,84.959
2026-07-25 08:00:00,2026-07-25 08:00:00,84.96
2026-07-25 08:15:00,2026-07-25 08:15:00,84.964
2026-07-25 08:30:00,2026-07-25 08:30:00,84.961
2026-07-25 08:45:00,2026-07-25 08:45:00,84.956
2026-07-25 09:00:00,2026-07-25 09:00:00,84.938
2026-07-25 09:15:00,2026-07-25 09:15:00,84.955
2026-07-25 09:30:00,2026-07-25 09:30:00,84.954
2026-07-25 09:45:00,2026-07-25 09:45:00,84.953
2026-07-25 10:00:00,2026-07-25 10:00:00,84.95
2026-07-25 10:15:00,2026-07-25 10:15:00,84.947
2026-07-25 10:30:00,2026-07-25 10:30:00,84.952
2026-07-25 10:45:00,2026-07-25 10:45:00,84.947
2026-07-25 11:00:00,2026-07-25 11:00:00,84.953
2026-07-25 11:15:00,2026-07-25 11:15:00,84.946
2026-07-25 11:30:00,2026-07-25 11:30:00,84.952
2026-07-25 11:45:00,2026-07-25 11:45:00,84.952
2026-07-25 12:00:00,2026-07-25 12:00:00,84.952
2026-07-25 12:15:00,2026-07-25 12:15:00,84.94
2026-07-25 12:30:00,2026-07-25 12:30:00,84.945
2026-07-25 12:45:00,2026-07-25 12:45:00,84.943
2026-07-25 13:00:00,2026-07-25 13:00:00,84.948
2026-07-25 13:15:00,2026-07-25 13:15:00,84.941
2026-07-25 13:30:00,2026-07-25 13:30:00,84.936
2026-07-25 13:45:00,2026-07-25 13:45:00,84.939
2026-07-25 14:00:00,2026-07-25 14:00:00,84.939
2026-07-25 14:15:00,2026-07-25 14:15:00,84.939
2026-07-25 14:30:00,2026-07-25 14:30:00,84.939
2026-07-25 14:45:00,2026-07-25 14:45:00,84.929
2026-07-25 15:00:00,2026-07-25 15:00:00,84.934
2026-07-25 15:15:00,2026-07-25 15:15:00,84.935
2026-07-25 15:30:00,2026-07-25 15:30:00,84.933
2026-07-25 15:45:00,2026-07-25 15:45:00,84.941
2026-07-25 16:00:00,2026-07-25 16:00:00,84.938
2026-07-25 16:15:00,2026-07-25 16:15:00,84.937
2026-07-25 16:30:00,2026-07-25 16:30:00,84.93
2026-07-25 16:45:00,2026-07-25 16:45:00,84.92
2026-07-25 17:00:00,2026-07-25 17:00:00,84.925
2026-07-25 17:15:00,2026-07-25 17:15:00,84.934
2026-07-25 17:30:00,2026-07-25 17:30:00,84.934
2026-07-25 17:45:00,2026-07-25 17:45:00,84.931
2026-07-25 18:00:00,2026-07-25 18:00:00,84.93
2026-07-25 18:15:00,2026-07-25 18:15:00,84.93
2026-07-25 18:30:00,2026-07-25 18:30:00,84.931
2026-07-25 18:45:00,2026-07-25 18:45:00,84.938
2026-07-25 19:00:00,2026-07-25 19:00:00,84.941
2026-07-25 19:15:00,2026-07-25 19:15:00,84.936
2026-07-25 19:30:00,2026-07-25 19:30:00,84.931
2026-07-25 19:45:00,2026-07-25 19:45:00,84.929
2026-07-25 20:00:00,2026-07-25 20:00:00,84.932
2026-07-25 20:15:00,2026-07-25 20:15:00,84.934
2026-07-25 20:30:00,2026-07-25 20:30:00,84.933
2026-07-25 20:45:00,2026-07-25 20:45:00,84.931
2026-07-25 21:00:00,2026-07-25 21:00:00,84.93
2026-07-25 21:15:00,2026-07-25 21:15:00,84.931
2026-07-25 21:30:00,2026-07-25 21:30:00,84.929
2026-07-25 21:45:00,2026-07-25 21:45:00,84.928
2026-07-25 22:00:00,2026-07-25 22:00:00,84.931
2026-07-25 22:15:00,2026-07-25 22:15:00,84.933
2026-07-25 22:30:00,2026-07-25 22:30:00,84.934
2026-07-25 22:45:00,2026-07-25 22:45:00,84.933
2026-07-25 23:00:00,2026-07-25 23:00:00,84.928
2026-07-25 23:15:00,2026-07-25 23:15:00,84.93
2026-07-25 23:30:00,2026-07-25 23:30:00,84.931
2026-07-25 23:45:00,2026-07-25 23:45:00,84.927
2026-07-26 00:00:00,2026-07-26 00:00:00,84.928
2026-07-26 00:15:00,2026-07-26 00:15:00,84.933
2026-07-26 00:30:00,2026-07-26 00:30:00,84.929
2026-07-26 00:45:00,2026-07-26 00:45:00,84.93
2026-07-26 01:00:00,2026-07-26 01:00:00,84.93
2026-07-26 01:15:00,2026-07-26 01:15:00,84.928
2026-07-26 01:30:00,2026-07-26 01:30:00,84.924
2026-07-26 01:45:00,2026-07-26 01:45:00,84.929
2026-07-26 02:00:00,2026-07-26 02:00:00,84.934
2026-07-26 02:15:00,2026-07-26 02:15:00,84.932
2026-07-26 02:30:00,2026-07-26 02:30:00,84.927
2026-07-26 02:45:00,2026-07-26 02:45:00,84.926
2026-07-26 03:00:00,2026-07-26 03:00:00,84.928
2026-07-26 03:15:00,2026-07-26 03:15:00,84.921
2026-07-26 03:30:00,2026-07-26 03:30:00,84.922
2026-07-26 03:45:00,2026-07-26 03:45:00,84.92
2026-07-26 04:00:00,2026-07-26 04:00:00,84.921
2026-07-26 04:15:00,2026-07-26 04:15:00,84.924
2026-07-26 04:30:00,2026-07-26 04:30:00,84.92
2026-07-26 04:45:00,2026-07-26 04:45:00,84.921
2026-07-26 05:00:00,2026-07-26 05:00:00,84.92
2026-07-26 05:15:00,2026-07-26 05:15:00,84.921
2026-07-26 05:30:00,2026-07-26 05:30:00,84.916
2026-07-26 05:45:00,2026-07-26 05:45:00,84.915
2026-07-26 06:00:00,2026-07-26 06:00:00,84.917
2026-07-26 06:15:00,2026-07-26 06:15:00,84.918
2026-07-26 06:30:00,2026-07-26 06:30:00,84.916
2026-07-26 06:45:00,2026-07-26 06:45:00,84.914
2026-07-26 07:00:00,2026-07-26 07:00:00,84.919
2026-07-26 07:15:00,2026-07-26 07:15:00,84.923
2026-07-26 07:30:00,2026-07-26 07:30:00,84.924
2026-07-26 07:45:00,2026-07-26 07:45:00,84.922
2026-07-26 08:00:00,2026-07-26 08:00:00,84.915
2026-07-26 08:15:00,2026-07-26 08:15:00,84.918
2026-07-26 08:30:00,2026-07-26 08:30:00,84.911
2026-07-26 08:45:00,2026-07-26 08:45:00,84.908
2026-07-26 09:00:00,2026-07-26 09:00:00,84.916
2026-07-26 09:15:00,2026-07-26 09:15:00,84.911
2026-07-26 09:30:00,2026-07-26 09:30:00,84.915
2026-07-26 09:45:00,2026-07-26 09:45:00,84.908
2026-07-26 10:00:00,2026-07-26 10:00:00,84.91
2026-07-26 10:15:00,2026-07-26 10:15:00,84.906
2026-07-26 10:30:00,2026-07-26 10:30:00,84.895
2026-07-26 10:45:00,2026-07-26 10:45:00,84.898
2026-07-26 11:00:00,2026-07-26 11:00:00,84.886
2026-07-26 11:15:00,2026-07-26 11:15:00,84.909
2026-07-26 11:30:00,2026-07-26 11:30:00,84.909
2026-07-26 11:45:00,2026-07-26 11:45:00,84.896
2026-07-26 12:00:00,2026-07-26 12:00:00,84.9
2026-07-26 12:15:00,2026-07-26 12:15:00,84.911
2026-07-26 12:30:00,2026-07-26 12:30:00,84.901
2026-07-26 12:45:00,2026-07-26 12:45:00,84.9
2026-07-26 13:00:00,2026-07-26 13:00:00,84.907
2026-07-26 13:15:00,2026-07-26 13:15:00,84.891
2026-07-26 13:30:00,2026-07-26 13:30:00,84.901
2026-07-26 13:45:00,2026-07-26 13:45:00,84.895
2026-07-26 14:00:00,2026-07-26 14:00:00,84.898
2026-07-26 14:15:00,2026-07-26 14:15:00,84.893
2026-07-26 14:30:00,2026-07-26 14:30:00,84.897
2026-07-26 14:45:00,2026-07-26 14:45:00,84.888
2026-07-26 15:00:00,2026-07-26 15:00:00,84.884
2026-07-26 15:15:00,2026-07-26 15:15:00,84.893
2026-07-26 15:30:00,2026-07-26 15:30:00,84.888
2026-07-26 15:45:00,2026-07-26 15:45:00,84.893
2026-07-26 16:00:00,2026-07-26 16:00:00,84.888
2026-07-26 16:15:00,2026-07-26 16:15:00,84.883
2026-07-26 16:30:00,2026-07-26 16:30:00,84.874
2026-07-26 16:45:00,2026-07-26 16:45:00,84.889
2026-07-26 17:00:00,2026-07-26 17:00:00,84.886
2026-07-26 17:15:00,2026-07-26 17:15:00,84.88
2026-07-26 17:30:00,2026-07-26 17:30:00,84.89
2026-07-26 17:45:00,2026-07-26 17:45:00,84.887
2026-07-26 18:00:00,2026-07-26 18:00:00,84.879
2026-07-26 18:15:00,2026-07-26 18:15:00,84.88
2026-07-26 18:30:00,2026-07-26 18:30:00,84.884
2026-07-26 18:45:00,2026-07-26 18:45:00,84.885
2026-07-26 19:00:00,2026-07-26 19:00:00,84.882
2026-07-26 19:15:00,2026-07-26 19:15:00,84.888
2026-07-26 19:30:00,2026-07-26 19:30:00,84.882
2026-07-26 19:45:00,2026-07-26 19:45:00,84.884
2026-07-26 20:00:00,2026-07-26 20:00:00,84.887
2026-07-26 20:15:00,2026-07-26 20:15:00,84.888
2026-07-26 20:30:00,2026-07-26 20:30:00,84.881
2026-07-26 20:45:00,2026-07-26 20:45:00,84.882
2026-07-26 21:00:00,2026-07-26 21:00:00,84.891
2026-07-26 21:15:00,2026-07-26 21:15:00,84.886
2026-07-26 21:30:00,2026-07-26 21:30:00,84.887
2026-07-26 21:45:00,2026-07-26 21:45:00,84.885
2026-07-26 22:00:00,2026-07-26 22:00:00,84.878
2026-07-26 22:15:00,2026-07-26 22:15:00,84.879
2026-07-26 22:30:00,2026-07-26 22:30:00,84.882
2026-07-26 22:45:00,2026-07-26 22:45:00,84.885
2026-07-26 23:00:00,2026-07-26 23:00:00,84.884
2026-07-26 23:15:00,2026-07-26 23:15:00,84.884
2026-07-26 23:30:00,2026-07-26 23:30:00,84.882
2026-07-26 23:45:00,2026-07-26 23:45:00,84.889
2026-07-27 00:00:00,2026-07-27 00:00:00,84.887
2026-07-27 00:15:00,2026-07-27 00:15:00,84.88
2026-07-27 00:30:00,2026-07-27 00:30:00,84.883
2026-07-27 00:45:00,2026-07-27 00:45:00,84.883
2026-07-27 01:00:00,2026-07-27 01:00:00,84.881
2026-07-27 01:15:00,2026-07-27 01:15:00,84.887
2026-07-27 01:30:00,2026-07-27 01:30:00,84.888
2026-07-27 01:45:00,2026-07-27 01:45:00,84.879
2026-07-27 02:00:00,2026-07-27 02:00:00,84.871
2026-07-27 02:15:00,2026-07-27 02:15:00,84.885
2026-07-27 02:30:00,2026-07-27 02:30:00,84.886
2026-07-27 02:45:00,2026-07-27 02:45:00,84.883
2026-07-27 03:00:00,2026-07-27 03:00:00,84.878
2026-07-27 03:15:00,2026-07-27 03:15:00,84.887
2026-07-27 03:30:00,2026-07-27 03:30:00,84.883
2026-07-27 03:45:00,2026-07-27 03:45:00,84.885
2026-07-27 04:00:00,2026-07-27 04:00:00,84.889
2026-07-27 04:15:00,2026-07-27 04:15:00,84.874
2026-07-27 04:30:00,2026-07-27 04:30:00,84.878
2026-07-27 04:45:00,2026-07-27 04:45:00,84.877
2026-07-27 05:00:00,2026-07-27 05:00:00,84.876
2026-07-27 05:15:00,2026-07-27 05:15:00,84.892
2026-07-27 05:30:00,2026-07-27 05:30:00,84.901
2026-07-27 05:45:00,2026-07-27 05:45:00,84.892
2026-07-27 06:00:00,2026-07-27 06:00:00,84.89
2026-07-27 06:15:00,2026-07-27 06:15:00,84.889
2026-07-27 06:30:00,2026-07-27 06:30:00,84.88
2026-07-27 06:45:00,2026-07-27 06:45:00,84.889
2026-07-27 07:00:00,2026-07-27 07:00:00,84.89
2026-07-27 07:15:00,2026-07-27 07:15:00,84.891
2026-07-27 07:30:00,2026-07-27 07:30:00,84.895
2026-07-27 07:45:00,2026-07-27 07:45:00,84.892
2026-07-27 08:00:00,2026-07-27 08:00:00,84.886
2026-07-27 08:15:00,2026-07-27 08:15:00,84.889
2026-07-27 08:30:00,2026-07-27 08:30:00,84.894
2026-07-27 08:45:00,2026-07-27 08:45:00,84.902
2026-07-27 09:00:00,2026-07-27 09:00:00,84.89
2026-07-27 09:15:00,2026-07-27 09:15:00,84.887
2026-07-27 09:30:00,2026-07-27 09:30:00,84.885
2026-07-27 09:45:00,2026-07-27 09:45:00,84.891
2026-07-27 10:00:00,2026-07-27 10:00:00,84.896
2026-07-27 10:15:00,2026-07-27 10:15:00,84.883
2026-07-27 10:30:00,2026-07-27 10:30:00,84.883
2026-07-27 10:45:00,2026-07-27 10:45:00,84.882
2026-07-27 11:00:00,2026-07-27 11:00:00,84.88
2026-07-27 11:15:00,2026-07-27 11:15:00,84.868
2026-07-27 11:30:00,2026-07-27 11:30:00,84.866
2026-07-27 11:45:00,2026-07-27 11:45:00,84.876
2026-07-27 12:00:00,2026-07-27 12:00:00,84.877
2026-07-27 12:15:00,2026-07-27 12:15:00,84.879
2026-07-27 12:30:00,2026-07-27 12:30:00,84.876
2026-07-27 12:45:00,2026-07-27 12:45:00,84.863
2026-07-27 13:00:00,2026-07-27 13:00:00,84.867
2026-07-27 13:15:00,2026-07-27 13:15:00,84.859
2026-07-27 13:30:00,2026-07-27 13:30:00,84.859
2026-07-27 13:45:00,2026-07-27 13:45:00,84.867
2026-07-27 14:00:00,2026-07-27 14:00:00,84.865
2026-07-27 14:15:00,2026-07-27 14:15:00,84.858
2026-07-27 14:30:00,2026-07-27 14:30:00,84.86
2026-07-27 14:45:00,2026-07-27 14:45:00,84.87
2026-07-27 15:00:00,2026-07-27 15:00:00,84.869
2026-07-27 15:15:00,2026-07-27 15:15:00,84.862
2026-07-27 15:30:00,2026-07-27 15:30:00,84.861
2026-07-27 15:45:00,2026-07-27 15:45:00,84.874
2026-07-27 16:00:00,2026-07-27 16:00:00,84.87
2026-07-27 16:15:00,2026-07-27 16:15:00,84.869
2026-07-27 16:30:00,2026-07-27 16:30:00,84.874
2026-07-27 16:45:00,2026-07-27 16:45:00,84.87
2026-07-27 17:00:00,2026-07-27 17:00:00,84.87
2026-07-27 17:15:00,2026-07-27 17:15:00,84.863
2026-07-27 17:30:00,2026-07-27 17:30:00,84.864
2026-07-27 17:45:00,2026-07-27 17:45:00,84.857
2026-07-27 18:00:00,2026-07-27 18:00:00,84.861
2026-07-27 18:15:00,2026-07-27 18:15:00,84.867
2026-07-27 18:30:00,2026-07-27 18:30:00,84.864
2026-07-27 18:45:00,2026-07-27 18:45:00,84.864
2026-07-27 19:00:00,2026-07-27 19:00:00,84.868
2026-07-27 19:15:00,2026-07-27 19:15:00,84.859
2026-07-27 19:30:00,2026-07-27 19:30:00,84.856
2026-07-27 19:45:00,2026-07-27 19:45:00,84.867
2026-07-27 20:00:00,2026-07-27 20:00:00,84.865
2026-07-27 20:15:00,2026-07-27 20:15:00,84.869
2026-07-27 20:30:00,2026-07-27 20:30:00,84.875
2026-07-27 20:45:00,2026-07-27 20:45:00,84.859
2026-07-27 21:00:00,2026-07-27 21:00:00,84.856
2026-07-27 21:15:00,2026-07-27 21:15:00,84.861
2026-07-27 21:30:00,2026-07-27 21:30:00,84.866
2026-07-27 21:45:00,2026-07-27 21:45:00,84.868
2026-07-27 22:00:00,2026-07-27 22:00:00,84.868
2026-07-27 22:15:00,2026-07-27 22:15:00,84.866
2026-07-27 22:30:00,2026-07-27 22:30:00,84.858
2026-07-27 22:45:00,2026-07-27 22:45:00,84.866
2026-07-27 23:00:00,2026-07-27 23:00:00,84.867
2026-07-27 23:15:00,2026-07-27 23:15:00,84.867
2026-07-27 23:30:00,2026-07-27 23:30:00,84.873
2026-07-27 23:45:00,2026-07-27 23:45:00,84.861
2026-07-28 00:00:00,2026-07-28 00:00:00,84.864
2026-07-28 00:15:00,2026-07-28 00:15:00,84.869
2026-07-28 00:30:00,2026-07-28 00:30:00,84.862
2026-07-28 00:45:00,2026-07-28 00:45:00,84.86
2026-07-28 01:00:00,2026-07-28 01:00:00,84.862
2026-07-28 01:15:00,2026-07-28 01:15:00,84.857
2026-07-28 01:30:00,2026-07-28 01:30:00,84.855
2026-07-28 01:45:00,2026-07-28 01:45:00,84.862
2026-07-28 02:00:00,2026-07-28 02:00:00,84.869
2026-07-28 02:15:00,2026-07-28 02:15:00,84.865
2026-07-28 02:30:00,2026-07-28 02:30:00,84.864
2026-07-28 02:45:00,2026-07-28 02:45:00,84.854
2026-07-28 03:00:00,2026-07-28 03:00:00,84.848
2026-07-28 03:15:00,2026-07-28 03:15:00,84.857
2026-07-28 03:30:00,2026-07-28 03:30:00,84.86
2026-07-28 03:45:00,2026-07-28 03:45:00,84.856
2026-07-28 04:00:00,2026-07-28 04:00:00,84.858
2026-07-28 04:15:00,2026-07-28 04:15:00,84.863
2026-07-28 04:30:00,2026-07-28 04:30:00,84.853
2026-07-28 04:45:00,2026-07-28 04:45:00,84.84
2026-07-28 05:00:00,2026-07-28 05:00:00,84.845
2026-07-28 05:15:00,2026-07-28 05:15:00,84.855
2026-07-28 05:30:00,2026-07-28 05:30:00,84.858
2026-07-28 05:45:00,2026-07-28 05:45:00,84.859
2026-07-28 06:00:00,2026-07-28 06:00:00,84.856
2026-07-28 06:15:00,2026-07-28 06:15:00,84.855
2026-07-28 06:30:00,2026-07-28 06:30:00,84.849
2026-07-28 06:45:00,2026-07-28 06:45:00,84.845
2026-07-28 07:00:00,2026-07-28 07:00:00,84.848
2026-07-28 07:15:00,2026-07-28 07:15:00,84.857
2026-07-28 07:30:00,2026-07-28 07:30:00,84.86
2026-07-28 07:45:00,2026-07-28 07:45:00,84.859
2026-07-28 08:00:00,2026-07-28 08:00:00,84.858
2026-07-28 08:15:00,2026-07-28 08:15:00,84.845
2026-07-28 08:30:00,2026-07-28 08:30:00,84.851
2026-07-28 08:45:00,2026-07-28 08:45:00,84.859
2026-07-28 09:00:00,2026-07-28 09:00:00,84.861
2026-07-28 09:15:00,2026-07-28 09:15:00,84.84
2026-07-28 09:30:00,2026-07-28 09:30:00,84.845
2026-07-28 09:45:00,2026-07-28 09:45:00,84.848
2026-07-28 10:00:00,2026-07-28 10:00:00,84.852
2026-07-28 10:15:00,2026-07-28 10:15:00,84.836
2026-07-28 10:30:00,2026-07-28 10:30:00,84.836
2026-07-28 10:45:00,2026-07-28 10:45:00,84.836
2026-07-28 11:00:00,2026-07-28 11:00:00,84.83
2026-07-28 11:15:00,2026-07-28 11:15:00,84.831
2026-07-28 11:30:00,2026-07-28 11:30:00,84.829
2026-07-28 11:45:00,2026-07-28 11:45:00,84.835
2026-07-28 12:00:00,2026-07-28 12:00:00,84.825
2026-07-28 12:15:00,2026-07-28 12:15:00,84.833
2026-07-28 12:30:00,2026-07-28 12:30:00,84.829
2026-07-28 12:45:00,2026-07-28 12:45:00,84.832
2026-07-28 13:00:00,2026-07-28 13:00:00,84.838
2026-07-28 13:15:00,2026-07-28 13:15:00,84.834
2026-07-28 13:30:00,2026-07-28 13:30:00,84.837
2026-07-28 13:45:00,2026-07-28 13:45:00,84.818
2026-07-28 14:00:00,2026-07-28 14:00:00,84.818
2026-07-28 14:15:00,2026-07-28 14:15:00,84.824
2026-07-28 14:30:00,2026-07-28 14:30:00,84.836
2026-07-28 14:45:00,2026-07-28 14:45:00,84.83
2026-07-28 15:00:00,2026-07-28 15:00:00,84.821
2026-07-28 15:15:00,2026-07-28 15:15:00,84.82
2026-07-28 15:30:00,2026-07-28 15:30:00,84.815
2026-07-28 15:45:00,2026-07-28 15:45:00,84.817
2026-07-28 16:00:00,2026-07-28 16:00:00,84.823
2026-07-28 16:15:00,2026-07-28 16:15:00,84.819
2026-07-28 16:30:00,2026-07-28 16:30:00,84.815
2026-07-28 16:45:00,2026-07-28 16:45:00,84.808
2026-07-28 17:00:00,2026-07-28 17:00:00,84.81
2026-07-28 17:15:00,2026-07-28 17:15:00,84.805
2026-07-28 17:30:00,2026-07-28 17:30:00,84.813
2026-07-28 17:45:00,2026-07-28 17:45:00,84.808
2026-07-28 18:00:00,2026-07-28 18:00:00,84.815
2026-07-28 18:15:00,2026-07-28 18:15:00,84.812
2026-07-28 18:30:00,2026-07-28 18:30:00,84.809
2026-07-28 18:45:00,2026-07-28 18:45:00,84.809
2026-07-28 19:00:00,2026-07-28 19:00:00,84.811
2026-07-28 19:15:00,2026-07-28 19:15:00,84.817
2026-07-28 19:30:00,2026-07-28 19:30:00,84.819
2026-07-28 19:45:00,2026-07-28 19:45:00,84.816
2026-07-28 20:00:00,2026-07-28 20:00:00,84.817
2026-07-28 20:15:00,2026-07-28 20:15:00,84.814
2026-07-28 20:30:00,2026-07-28 20:30:00,84.814
2026-07-28 20:45:00,2026-07-28 20:45:00,84.816
2026-07-28 21:00:00,2026-07-28 21:00:00,84.818
2026-07-28 21:15:00,2026-07-28 21:15:00,84.816
2026-07-28 21:30:00,2026-07-28 21:30:00,84.815
2026-07-28 21:45:00,2026-07-28 21:45:00,84.814
2026-07-28 22:00:00,2026-07-28 22:00:00,84.812
2026-07-28 22:15:00,2026-07-28 22:15:00,84.815
2026-07-28 22:30:00,2026-07-28 22:30:00,84.815
2026-07-28 22:45:00,2026-07-28 22:45:00,84.811
2026-07-28 23:00:00,2026-07-28 23:00:00,84.811
2026-07-28 23:15:00,2026-07-28 23:15:00,84.81
2026-07-28 23:30:00,2026-07-28 23:30:00,84.806
2026-07-28 23:45:00,2026-07-28 23:45:00,84.811
2026-07-29 00:00:00,2026-07-29 00:00:00,84.812
2026-07-29 00:15:00,2026-07-29 00:15:00,84.812
2026-07-29 00:30:00,2026-07-29 00:30:00,84.81
2026-07-29 00:45:00,2026-07-29 00:45:00,84.81
2026-07-29 01:00:00,2026-07-29 01:00:00,84.806
2026-07-29 01:15:00,2026-07-29 01:15:00,84.808
2026-07-29 01:30:00,2026-07-29 01:30:00,84.8
2026-07-29 01:45:00,2026-07-29 01:45:00,84.805
2026-07-29 02:00:00,2026-07-29 02:00:00,84.805
2026-07-29 02:15:00,2026-07-29 02:15:00,84.801
2026-07-29 02:30:00,2026-07-29 02:30:00,84.803
2026-07-29 02:45:00,2026-07-29 02:45:00,84.796
2026-07-29 03:00:00,2026-07-29 03:00:00,84.796
2026-07-29 03:15:00,2026-07-29 03:15:00,84.804
2026-07-29 03:30:00,2026-07-29 03:30:00,84.805
2026-07-29 03:45:00,2026-07-29 03:45:00,84.794
2026-07-29 04:00:00,2026-07-29 04:00:00,84.802
2026-07-29 04:15:00,2026-07-29 04:15:00,84.805
2026-07-29 04:30:00,2026-07-29 04:30:00,84.801
2026-07-29 04:45:00,2026-07-29 04:45:00,84.803
2026-07-29 05:00:00,2026-07-29 05:00:00,84.799
2026-07-29 05:15:00,2026-07-29 05:15:00,84.794
2026-07-29 05:30:00,2026-07-29 05:30:00,84.795
2026-07-29 05:45:00,2026-07-29 05:45:00,84.799
2026-07-29 06:00:00,2026-07-29 06:00:00,84.797
2026-07-29 06:15:00,2026-07-29 06:15:00,84.794
2026-07-29 06:30:00,2026-07-29 06:30:00,84.8
2026-07-29 06:45:00,2026-07-29 06:45:00,84.795
2026-07-29 07:00:00,2026-07-29 07:00:00,84.796
2026-07-29 07:15:00,2026-07-29 07:15:00,84.798
2026-07-29 07:30:00,2026-07-29 07:30:00,84.796
2026-07-29 07:45:00,2026-07-29 07:45:00,84.789
2026-07-29 08:00:00,2026-07-29 08:00:00,84.78
2026-07-29 08:15:00,2026-07-29 08:15:00,84.788
2026-07-29 08:30:00,2026-07-29 08:30:00,84.785
2026-07-29 08:45:00,2026-07-29 08:45:00,84.789
2026-07-29 09:00:00,2026-07-29 09:00:00,84.783
2026-07-29 09:15:00,2026-07-29 09:15:00,84.794
2026-07-29 09:30:00,2026-07-29 09:30:00,84.801
2026-07-29 09:45:00,2026-07-29 09:45:00,84.782
2026-07-29 10:00:00,2026-07-29 10:00:00,84.779
2026-07-29 10:15:00,2026-07-29 10:15:00,84.774
2026-07-29 10:30:00,2026-07-29 10:30:00,84.772
2026-07-29 10:45:00,2026-07-29 10:45:00,84.781
2026-07-29 11:00:00,2026-07-29 11:00:00,84.79
2026-07-29 11:15:00,2026-07-29 11:15:00,84.778
2026-07-29 11:30:00,2026-07-29 11:30:00,84.781
2026-07-29 11:45:00,2026-07-29 11:45:00,84.775
2026-07-29 12:00:00,2026-07-29 12:00:00,84.764
2026-07-29 12:15:00,2026-07-29 12:15:00,84.766
2026-07-29 12:30:00,2026-07-29 12:30:00,84.78
2026-07-29 12:45:00,2026-07-29 12:45:00,84.771
2026-07-29 13:00:00,2026-07-29 13:00:00,84.774
2026-07-29 13:15:00,2026-07-29 13:15:00,84.776
2026-07-29 13:30:00,2026-07-29 13:30:00,84.769
2026-07-29 13:45:00,2026-07-29 13:45:00,84.762
2026-07-29 14:00:00,2026-07-29 14:00:00,84.766
2026-07-29 14:15:00,2026-07-29 14:15:00,84.761
2026-07-29 14:30:00,2026-07-29 14:30:00,84.76
2026-07-29 14:45:00,2026-07-29 14:45:00,84.764
2026-07-29 15:00:00,2026-07-29 15:00:00,84.766
2026-07-29 15:15:00,2026-07-29 15:15:00,84.763
2026-07-29 15:30:00,2026-07-29 15:30:00,84.767
2026-07-29 15:45:00,2026-07-29 15:45:00,84.766
2026-07-29 16:00:00,2026-07-29 16:00:00,84.763
2026-07-29 16:15:00,2026-07-29 16:15:00,84.752
2026-07-29 16:30:00,2026-07-29 16:30:00,84.751
2026-07-29 16:45:00,2026-07-29 16:45:00,84.755
2026-07-29 17:00:00,2026-07-29 17:00:00,84.757
2026-07-29 17:15:00,2026-07-29 17:15:00,84.759
2026-07-29 17:30:00,2026-07-29 17:30:00,84.756
2026-07-29 17:45:00,2026-07-29 17:45:00,84.762
2026-07-29 18:00:00,2026-07-29 18:00:00,84.76
2026-07-29 18:15:00,2026-07-29 18:15:00,84.762
2026-07-29 18:30:00,2026-07-29 18:30:00,84.762
2026-07-29 18:45:00,2026-07-29 18:45:00,84.757
2026-07-29 19:00:00,2026-07-29 19:00:00,84.759
2026-07-29 19:15:00,2026-07-29 19:15:00,84.758
2026-07-29 19:30:00,2026-07-29 19:30:00,84.761
2026-07-29 19:45:00,2026-07-29 19:45:00,84.768
2026-07-29 20:00:00,2026-07-29 20:00:00,84.761
2026-07-29 20:15:00,2026-07-29 20:15:00,84.754
2026-07-29 20:30:00,2026-07-29 20:30:00,84.758
2026-07-29 20:45:00,2026-07-29 20:45:00,84.758
2026-07-29 21:00:00,2026-07-29 21:00:00,84.757
2026-07-29 21:15:00,2026-07-29 21:15:00,84.759
2026-07-29 21:30:00,2026-07-29 21:30:00,84.761
2026-07-29 21:45:00,2026-07-29 21:45:00,84.761
2026-07-29 22:00:00,2026-07-29 22:00:00,84.761
2026-07-29 22:15:00,2026-07-29 22:15:00,84.756
2026-07-29 22:30:00,2026-07-29 22:30:00,84.756
2026-07-29 22:45:00,2026-07-29 22:45:00,84.754
2026-07-29 23:00:00,2026-07-29 23:00:00,84.759
2026-07-29 23:15:00,2026-07-29 23:15:00,84.762
2026-07-29 23:30:00,2026-07-29 23:30:00,84.76
2026-07-29 23:45:00,2026-07-29 23:45:00,84.75
2026-07-30 00:00:00,2026-07-30 00:00:00,84.747
2026-07-30 00:15:00,2026-07-30 00:15:00,84.753
2026-07-30 00:30:00,2026-07-30 00:30:00,84.756
2026-07-30 00:45:00,2026-07-30 00:45:00,84.752
2026-07-30 01:00:00,2026-07-30 01:00:00,84.754
2026-07-30 01:15:00,2026-07-30 01:15:00,84.753
2026-07-30 01:30:00,2026-07-30 01:30:00,84.757
2026-07-30 01:45:00,2026-07-30 01:45:00,84.758
2026-07-30 02:00:00,2026-07-30 02:00:00,84.749
2026-07-30 02:15:00,2026-07-30 02:15:00,84.752
2026-07-30 02:30:00,2026-07-30 02:30:00,84.752
2026-07-30 02:45:00,2026-07-30 02:45:00,84.75
2026-07-30 03:00:00,2026-07-30 03:00:00,84.743
2026-07-30 03:15:00,2026-07-30 03:15:00,84.745
2026-07-30 03:30:00,2026-07-30 03:30:00,84.748
2026-07-30 03:45:00,2026-07-30 03:45:00,84.745
2026-07-30 04:00:00,2026-07-30 04:00:00,84.744
2026-07-30 04:15:00,2026-07-30 04:15:00,84.746
2026-07-30 04:30:00,2026-07-30 04:30:00,84.74
2026-07-30 04:45:00,2026-07-30 04:45:00,84.748
2026-07-30 05:00:00,2026-07-30 05:00:00,84.749
2026-07-30 05:15:00,2026-07-30 05:15:00,84.748
2026-07-30 05:30:00,2026-07-30 05:30:00,84.746
2026-07-30 05:45:00,2026-07-30 05:45:00,84.752
2026-07-30 06:00:00,2026-07-30 06:00:00,84.753
2026-07-30 06:15:00,2026-07-30 06:15:00,84.75
2026-07-30 06:30:00,2026-07-30 06:30:00,84.749
2026-07-30 06:45:00,2026-07-30 06:45:00,84.744
2026-07-30 07:00:00,2026-07-30 07:00:00,84.739
2026-07-30 07:15:00,2026-07-30 07:15:00,84.744
2026-07-30 07:30:00,2026-07-30 07:30:00,84.748
2026-07-30 07:45:00,2026-07-30 07:45:00,84.741
2026-07-30 08:00:00,2026-07-30 08:00:00,84.749
2026-07-30 08:15:00,2026-07-30 08:15:00,84.736
2026-07-30 08:30:00,2026-07-30 08:30:00,84.73
2026-07-30 08:45:00,2026-07-30 08:45:00,84.73
2026-07-30 09:00:00,2026-07-30 09:00:00,84.74
2026-07-30 09:15:00,2026-07-30 09:15:00,84.733
2026-07-30 09:30:00,2026-07-30 09:30:00,84.725
2026-07-30 09:45:00,2026-07-30 09:45:00,84.733
2026-07-30 10:00:00,2026-07-30 10:00:00,84.723
2026-07-30 10:15:00,2026-07-30 10:15:00,84.719
2026-07-30 10:30:00,2026-07-30 10:30:00,84.726
2026-07-30 10:45:00,2026-07-30 10:45:00,84.726
2026-07-30 11:00:00,2026-07-30 11:00:00,84.725
2026-07-30 11:15:00,2026-07-30 11:15:00,84.733
2026-07-30 11:30:00,2026-07-30 11:30:00,84.737
2026-07-30 11:45:00,2026-07-30 11:45:00,84.725
2026-07-30 12:00:00,2026-07-30 12:00:00,84.72
2026-07-30 12:15:00,2026-07-30 12:15:00,84.708
2026-07-30 12:30:00,2026-07-30 12:30:00,84.714
2026-07-30 12:45:00,2026-07-30 12:45:00,84.718
2026-07-30 13:00:00,2026-07-30 13:00:00,84.718
2026-07-30 13:15:00,2026-07-30 13:15:00,84.72
2026-07-30 13:30:00,2026-07-30 13:30:00,84.713
2026-07-30 13:45:00,2026-07-30 13:45:00,84.714
2026-07-30 14:00:00,2026-07-30 14:00:00,84.722
2026-07-30 14:15:00,2026-07-30 14:15:00,84.72
2026-07-30 14:30:00,2026-07-30 14:30:00,84.72
2026-07-30 14:45:00,2026-07-30 14:45:00,84.704
2026-07-30 15:00:00,2026-07-30 15:00:00,84.71
2026-07-30 15:15:00,2026-07-30 15:15:00,84.706
2026-07-30 15:30:00,2026-07-30 15:30:00,84.708
2026-07-30 15:45:00,2026-07-30 15:45:00,84.706
2026-07-30 16:00:00,2026-07-30 16:00:00,84.704
2026-07-30 16:15:00,2026-07-30 16:15:00,84.717
2026-07-30 16:30:00,2026-07-30 16:30:00,84.712
2026-07-30 16:45:00,2026-07-30 16:45:00,84.703
2026-07-30 17:00:00,2026-07-30 17:00:00,84.7
2026-07-30 17:15:00,2026-07-30 17:15:00,84.713
2026-07-30 17:30:00,2026-07-30 17:30:00,84.712
2026-07-30 17:45:00,2026-07-30 17:45:00,84.71
2026-07-30 18:00:00,2026-07-30 18:00:00,84.707
2026-07-30 18:15:00,2026-07-30 18:15:00,84.709
2026-07-30 18:30:00,2026-07-30 18:30:00,84.706
2026-07-30 18:45:00,2026-07-30 18:45:00,84.707
2026-07-30 19:00:00,2026-07-30 19:00:00,84.711
2026-07-30 19:15:00,2026-07-30 19:15:00,84.707
2026-07-30 19:30:00,2026-07-30 19:30:00,84.708
2026-07-30 19:45:00,2026-07-30 19:45:00,84.71
2026-07-30 20:00:00,2026-07-30 20:00:00,84.711
2026-07-30 20:15:00,2026-07-30 20:15:00,84.716
2026-07-30 20:30:00,2026-07-30 20:30:00,84.722
2026-07-30 20:45:00,2026-07-30 20:45:00,84.717
2026-07-30 21:00:00,2026-07-30 21:00:00,84.714
2026-07-30 21:15:00,2026-07-30 21:15:00,84.713
2026-07-30 21:30:00,2026-07-30 21:30:00,84.714
2026-07-30 21:45:00,2026-07-30 21:45:00,84.712
2026-07-30 22:00:00,2026-07-30 22:00:00,84.709
2026-07-30 22:15:00,2026-07-30 22:15:00,84.704
2026-07-30 22:30:00,2026-07-30 22:30:00,84.703
2026-07-30 22:45:00,2026-07-30 22:45:00,84.71
2026-07-30 23:00:00,2026-07-30 23:00:00,84.714
2026-07-30 23:15:00,2026-07-30 23:15:00,84.712
2026-07-30 23:30:00,2026-07-30 23:30:00,84.711
2026-07-30 23:45:00,2026-07-30 23:45:00,84.713
2026-07-31 00:00:00,2026-07-31 00:00:00,84.716
2026-07-31 00:15:00,2026-07-31 00:15:00,84.707
2026-07-31 00:30:00,2026-07-31 00:30:00,84.705
2026-07-31 00:45:00,2026-07-31 00:45:00,84.704
2026-07-31 01:00:00,2026-07-31 01:00:00,84.706
2026-07-31 01:15:00,2026-07-31 01:15:00,84.707
2026-07-31 01:30:00,2026-07-31 01:30:00,84.702
2026-07-31 01:45:00,2026-07-31 01:45:00,84.703
2026-07-31 02:00:00,2026-07-31 02:00:00,84.707
2026-07-31 02:15:00,2026-07-31 02:15:00,84.698
2026-07-31 02:30:00,2026-07-31 02:30:00,84.698
2026-07-31 02:45:00,2026-07-31 02:45:00,84.708
2026-07-31 03:00:00,2026-07-31 03:00:00,84.703
2026-07-31 03:15:00,2026-07-31 03:15:00,84.699
2026-07-31 03:30:00,2026-07-31 03:30:00,84.702
2026-07-31 03:45:00,2026-07-31 03:45:00,84.698
2026-07-31 04:00:00,2026-07-31 04:00:00,84.701
2026-07-31 04:15:00,2026-07-31 04:15:00,84.699
2026-07-31 04:30:00,2026-07-31 04:30:00,84.694
2026-07-31 04:45:00,2026-07-31 04:45:00,84.698
2026-07-31 05:00:00,2026-07-31 05:00:00,84.699
2026-07-31 05:15:00,2026-07-31 05:15:00,84.708
2026-07-31 05:30:00,2026-07-31 05:30:00,84.709
2026-07-31 05:45:00,2026-07-31 05:45:00,84.696
2026-07-31 06:00:00,2026-07-31 06:00:00,84.696
2026-07-31 06:15:00,2026-07-31 06:15:00,84.681
2026-07-31 06:30:00,2026-07-31 06:30:00,84.688
2026-07-31 06:45:00,2026-07-31 06:45:00,84.686
2026-07-31 07:00:00,2026-07-31 07:00:00,84.69
2026-07-31 07:15:00,2026-07-31 07:15:00,84.698
2026-07-31 07:30:00,2026-07-31 07:30:00,84.696
2026-07-31 07:45:00,2026-07-31 07:45:00,84.687
2026-07-31 08:00:00,2026-07-31 08:00:00,84.688
2026-07-31 08:15:00,2026-07-31 08:15:00,84.684
2026-07-31 08:30:00,2026-07-31 08:30:00,84.68
2026-07-31 08:45:00,2026-07-31 08:45:00,84.682
2026-07-31 09:00:00,2026-07-31 09:00:00,84.694
2026-07-31 09:15:00,2026-07-31 09:15:00,84.687
2026-07-31 09:30:00,2026-07-31 09:30:00,84.685
2026-07-31 09:45:00,2026-07-31 09:45:00,84.682
2026-07-31 10:00:00,2026-07-31 10:00:00,84.683
2026-07-31 10:15:00,2026-07-31 10:15:00,84.689
2026-07-31 10:30:00,2026-07-31 10:30:00,84.695
2026-07-31 10:45:00,2026-07-31 10:45:00,84.692
2026-07-31 11:00:00,2026-07-31 11:00:00,84.686
2026-07-31 11:15:00,2026-07-31 11:15:00,84.681
2026-07-31 11:30:00,2026-07-31 11:30:00,84.682
2026-07-31 11:45:00,2026-07-31 11:45:00,84.672
2026-07-31 12:00:00,2026-07-31 12:00:00,84.668
2026-07-31 12:15:00,2026-07-31 12:15:00,84.673
2026-07-31 12:30:00,2026-07-31 12:30:00,84.672
2026-07-31 12:45:00,2026-07-31 12:45:00,84.664
2026-07-31 13:00:00,2026-07-31 13:00:00,84.662
2026-07-31 13:15:00,2026-07-31 13:15:00,84.664
2026-07-31 13:30:00,2026-07-31 13:30:00,84.664
